INF_MARITAL_STATUS,INF_GENDER,COMPENSATION_CHARGED,CLIENT_TYPE,QUALITY_OF_LOAN,REPAY_MODE,INVESTMENT_TOTAL_log,ACCCURRENTBALANCE_log,INSTALL_SIZE_log,DUE_PAYMENT_log,PREDICTION,PROBABILITY_OF_DEFAULT
M,M,N,Rural,G,N,13.37194007448234,6.946013991099227,0.0,12.899222326086994,G,0.01
M,M,N,Rural,G,N,13.184635582386381,8.368925174747135,0.0,12.934975407989091,G,0.01
M,M,N,Rural,G,N,13.357634689230403,8.368925174747135,0.0,12.653613362056236,G,0.0
M,M,N,Rural,G,N,14.492147694720902,8.539932678385727,0.0,0.0,G,0.03
M,M,N,Rural,G,N,14.308300105164125,7.933079771880415,0.0,0.0,G,0.03
M,M,N,Rural,G,N,14.308300105164125,7.933079771880415,0.0,0.0,G,0.03
M,M,N,Rural,G,N,14.5973556508466,7.933079771880415,0.0,0.0,G,0.1
M,M,N,Rural,G,N,13.902835302515827,7.933079771880415,0.0,0.0,G,0.03
M,M,N,Rural,G,N,13.902835302515827,7.933079771880415,0.0,0.0,G,0.03
M,M,N,Rural,G,N,13.20968903833492,9.830325286907144,0.0,0.0,G,0.0
M,M,N,Rural,G,N,13.20968903833492,9.830325286907144,0.0,0.0,G,0.0
M,M,N,Rural,G,N,13.902835302515827,7.933079771880415,0.0,0.0,G,0.03
M,M,N,Rural,G,N,13.902835302515827,7.933079771880415,0.0,0.0,G,0.03
M,M,N,Rural,G,N,13.902835302515827,7.933079771880415,8.982435503560263,0.0,G,0.01
M,M,N,Urban,G,I,13.400572220172076,0.0,8.982309899088579,10.697475048022145,G,0.0
M,M,N,Rural,G,N,14.847912172670647,7.937017489515454,9.526609901279876,12.604852121186608,G,0.0
M,F,N,Rural,G,N,15.187165534280613,12.159452624894948,0.0,12.813119851828635,G,0.11
M,F,N,Rural,G,N,14.878071399379575,12.159452624894948,0.0,12.618185607609803,G,0.04
M,F,N,Rural,G,N,15.213107800175264,12.159452624894948,0.0,12.962196972666593,G,0.19
M,F,N,Rural,G,N,14.783634818273285,12.159452624894948,0.0,12.531776395271262,G,0.07
M,F,N,Rural,G,N,13.881399416985136,13.939814508388656,0.0,13.61445501067838,G,0.06
M,M,N,Rural,G,N,14.353316516949961,6.70808408385307,0.0,14.051373671575362,G,0.0
M,M,Y,Rural,B,N,14.247019560392234,6.70808408385307,0.0,14.111477714128378,G,0.22
M,M,Y,Rural,B,N,15.190073878708459,6.70808408385307,0.0,12.886643575525625,G,0.19
M,M,Y,Rural,B,N,14.573743453673837,6.70808408385307,0.0,0.0,G,0.28
M,M,Y,Rural,B,N,13.182082177323247,6.70808408385307,0.0,15.548533132913246,G,0.12
M,M,Y,Rural,G,N,15.426589922478495,7.937017489515454,0.0,15.223062125222324,B,0.75
U,M,Y,Rural,G,N,14.43606070125635,2.9444389791664403,0.0,0.0,G,0.03
U,M,Y,Rural,G,N,14.27309425314561,2.9444389791664403,0.0,0.0,G,0.06
M,F,N,Rural,G,N,15.468732410025098,13.939814508388656,0.0,13.214032390746006,G,0.01
M,F,N,Rural,G,N,15.946101383662665,12.159452624894948,0.0,13.712370907691596,G,0.0
M,M,N,Rural,G,N,14.64929277790011,7.937017489515454,0.0,13.199326270390594,G,0.07
M,F,Y,Rural,B,N,14.605633802699607,8.769973211858753,0.0,0.0,G,0.12
M,F,Y,Rural,G,N,14.799036671177253,8.769973211858753,0.0,0.0,B,0.56
M,F,Y,Rural,G,N,13.903522351037484,8.769973211858753,0.0,0.0,G,0.03392879360063663
M,F,Y,Rural,G,N,14.933664328722012,8.769973211858753,0.0,0.0,G,0.15
M,M,N,Rural,G,N,13.998145399012925,8.12740456269308,0.0,0.0,G,0.01
M,M,N,Rural,G,N,13.54616075131107,10.972104443668837,0.0,0.0,G,0.01
M,M,N,Rural,G,N,13.667113792575956,10.972104443668837,0.0,0.0,G,0.24
M,M,N,Rural,G,N,14.016163889639312,8.288534459413917,0.0,0.0,G,0.12
M,F,N,Rural,G,N,16.171919979574668,12.159452624894948,0.0,0.0,G,0.0
M,M,N,Rural,G,N,13.862013346178049,10.972104443668837,0.0,0.0,G,0.08
M,M,N,Rural,G,N,13.219638897389084,10.972104443668837,0.0,0.0,G,0.11
M,F,N,Rural,G,N,14.646080425233913,12.159452624894948,0.0,0.0,G,0.0
M,M,N,Rural,G,N,14.817681327104545,8.84130362048157,0.0,14.04081098155624,G,0.01
M,M,N,Rural,G,N,13.34945114008026,10.972104443668837,0.0,0.0,G,0.03
M,M,N,Rural,G,N,13.868827603186004,15.434740570912,0.0,14.443259114270655,G,0.01
M,M,N,Rural,G,N,14.549440212263539,8.84130362048157,0.0,14.731801689838349,G,0.02
M,M,N,Rural,G,N,15.482096750853648,8.84130362048157,0.0,12.983103608918753,G,0.1
M,F,N,Rural,G,N,15.001446980264111,8.769973211858753,0.0,0.0,G,0.01
M,F,N,Rural,G,N,15.132475205157883,8.769973211858753,0.0,0.0,G,0.01
M,M,N,Rural,G,N,14.308300105164125,15.434740570912,0.0,0.0,G,0.0
M,M,N,Rural,G,N,14.595982024885938,10.972104443668837,0.0,0.0,G,0.04
M,M,N,Rural,G,N,13.851542538663612,10.972104443668837,0.0,0.0,G,0.09
M,M,N,Rural,G,N,14.321545323875727,8.288534459413917,0.0,0.0,G,0.03
M,M,N,Rural,G,N,13.517173252941141,8.288534459413917,0.0,0.0,G,0.11
M,M,N,Rural,G,N,14.337858741330363,15.434740570912,0.0,0.0,G,0.0
M,M,N,Rural,G,N,13.679691980296456,15.434740570912,0.0,0.0,G,0.0
M,M,N,Rural,G,N,13.54616075131107,10.972104443668837,0.0,0.0,G,0.01
M,M,N,Rural,G,N,14.819125484562155,6.70808408385307,0.0,0.0,G,0.1
M,M,N,Rural,G,N,14.82022453633774,6.70808408385307,0.0,0.0,G,0.1
U,M,N,Rural,G,N,15.891689157032125,12.30025491675743,0.0,0.0,G,0.17
U,M,N,Rural,G,N,15.496571400247726,12.30025491675743,0.0,0.0,G,0.18
U,M,N,Rural,G,N,15.501215011165682,12.30025491675743,0.0,0.0,G,0.18
M,M,N,Rural,G,N,15.512272481846091,15.434740570912,0.0,0.0,G,0.0
M,M,N,Rural,G,N,13.423403828098996,9.051461866908694,0.0,13.81353661101226,G,0.08
M,M,N,Rural,G,N,13.819453773261943,10.972104443668837,0.0,0.0,G,0.14
M,M,N,Rural,G,N,13.902835302515827,10.972104443668837,0.0,0.0,G,0.09
M,M,N,Rural,G,N,13.679691980296456,10.972104443668837,0.0,0.0,B,0.62
M,M,N,Rural,G,N,14.73574390749719,10.972104443668837,0.0,0.0,G,0.03
M,M,N,Rural,G,N,13.679691980296456,10.972104443668837,0.0,0.0,B,0.62
M,M,N,Rural,G,N,13.502358871134401,10.972104443668837,0.0,0.0,G,0.043651269597474195
U,M,N,Rural,G,N,13.345638120112572,12.30025491675743,0.0,14.70947183279518,G,0.06
M,M,N,Rural,G,N,16.422173893548845,11.28689023678548,0.0,15.70208872260162,G,0.05
M,M,N,Rural,G,N,13.922637911843783,8.288534459413917,0.0,0.0,G,0.05
M,M,N,Rural,G,N,14.08515670657986,8.288534459413917,0.0,0.0,B,0.64
M,M,N,Rural,G,N,14.239307277314303,8.288534459413917,0.0,0.0,G,0.08
M,M,N,Rural,G,N,14.154807373133554,9.051461866908694,0.0,12.111608108069554,G,0.1
M,M,N,Rural,G,N,13.824873587677013,11.28689023678548,0.0,0.0,G,0.24
M,M,N,Rural,G,N,14.584461165439034,11.28689023678548,0.0,10.12667110305036,G,0.12
M,F,N,Rural,G,N,13.279214977887888,14.870619134519663,0.0,0.0,G,0.37
M,M,N,Rural,G,N,14.847065957065356,11.28689023678548,0.0,9.210440366976517,G,0.1
M,F,N,Rural,G,N,15.289128976350888,14.870619134519663,0.0,0.0,G,0.03
M,M,N,Rural,G,N,15.155597616454225,9.875293818165346,0.0,0.0,G,0.0
M,M,N,Rural,G,N,15.155597616454225,9.875293818165346,0.0,0.0,G,0.0
M,M,N,Rural,G,N,15.002362940662183,9.875293818165346,0.0,0.0,G,0.0
M,M,N,Rural,G,N,14.91152246857808,11.28689023678548,0.0,0.0,G,0.11
M,M,N,Rural,G,N,13.392010289669289,11.28689023678548,0.0,0.0,G,0.06
M,M,N,Rural,G,N,13.434068570093798,11.28689023678548,0.0,11.302216779257382,G,0.03
M,M,N,Rural,G,N,13.392010289669289,11.28689023678548,0.0,0.0,G,0.06
M,M,N,Rural,G,N,14.267478136098863,8.12740456269308,0.0,0.0,G,0.04
M,M,N,Rural,G,N,14.460878787905985,8.12740456269308,0.0,8.006700845440367,G,0.0
M,M,N,Rural,G,N,17.479616953127117,14.509557333767056,0.0,16.012263246200565,G,0.1
M,M,N,Rural,G,N,14.733939402445724,8.632305998516742,0.0,9.407632639699958,G,0.01
M,F,N,Rural,G,N,13.902835302515827,8.769973211858753,0.0,0.0,G,0.01
M,M,N,Rural,G,N,13.963694328284753,8.288534459413917,0.0,0.0,G,0.06
M,M,N,Rural,G,N,13.340717879506599,11.28689023678548,0.0,0.0,G,0.04
M,M,N,Rural,G,N,14.595982024885938,14.509557333767056,0.0,0.0,G,0.0
M,F,N,Rural,G,N,13.286649943711243,14.870619134519663,0.0,0.0,G,0.44
M,M,N,Rural,G,N,13.983142245013829,14.509557333767056,0.0,13.815511557963774,G,0.039872715259958495
M,M,N,Rural,G,N,14.595982024885938,7.980707820869669,0.0,0.0,G,0.29
M,M,N,Rural,G,N,14.059839309791458,8.632305998516742,0.0,0.0,G,0.0
U,M,N,Rural,G,N,13.359719056290317,12.30025491675743,0.0,13.35673327679851,G,0.0
M,M,N,Rural,G,N,16.610884648330178,14.509557333767056,0.0,0.0,G,0.03
M,M,N,Rural,G,N,13.90558066892067,7.980707820869669,0.0,0.0,G,0.0
M,M,N,Rural,G,N,15.512272481846091,14.509557333767056,0.0,0.0,G,0.0
M,M,N,Rural,G,N,13.275086181158716,14.509557333767056,0.0,14.285514812209815,G,0.01
M,M,N,Rural,G,N,15.512272481846091,11.28689023678548,0.0,0.0,G,0.2
M,M,N,Rural,G,N,15.512272481846091,14.509557333767056,0.0,0.0,G,0.0
M,F,N,Rural,G,N,13.902835302515827,8.769973211858753,0.0,0.0,G,0.01
M,M,N,Rural,G,N,15.54362017773575,14.509557333767056,0.0,14.946912992035967,G,0.02
M,M,N,Rural,G,N,16.20541957076802,14.509557333767056,0.0,0.0,G,0.03
M,M,N,Rural,G,N,14.595982024885938,14.509557333767056,0.0,0.0,G,0.0
M,M,N,Rural,G,N,13.391877405900386,14.509557333767056,0.0,14.782494784382012,G,0.17
M,M,N,Rural,G,N,13.20968903833492,14.509557333767056,0.0,0.0,G,0.0
M,M,N,Rural,G,N,18.12852787905175,8.587651655064798,0.0,15.75514031227671,G,0.06
M,F,N,Rural,G,N,13.634955839392001,14.870619134519663,0.0,0.0,G,0.22
M,F,N,Rural,G,N,13.397411476252815,8.769973211858753,0.0,0.0,B,0.51
M,M,N,Rural,G,N,13.275086181158716,14.509557333767056,0.0,14.285514812209815,G,0.01
M,M,N,Rural,G,N,14.616671431392552,14.509557333767056,0.0,13.122365377402328,G,0.17
M,M,N,Rural,G,N,14.595982024885938,11.28689023678548,0.0,0.0,G,0.13
M,M,N,Rural,G,N,14.560355101265156,14.509557333767056,0.0,0.0,G,0.0
M,M,N,Rural,G,N,14.18236580631023,8.632305998516742,0.0,10.308985993422082,G,0.14
M,M,N,Rural,G,N,14.244294978393933,11.28689023678548,0.0,0.0,G,0.3
M,M,N,Rural,G,N,14.186509127235357,11.28689023678548,0.0,0.0,G,0.17
M,M,N,Rural,G,N,14.347050746026648,11.28689023678548,0.0,12.765691290604371,G,0.0
M,M,N,Rural,G,N,14.1098496730566,14.509557333767056,0.0,0.0,G,0.039716791975178745
M,M,N,Rural,G,N,13.348504032911421,7.872073979866873,0.0,13.809985321921436,G,0.0
M,M,N,Rural,G,N,14.584461165439034,14.509557333767056,0.0,10.12667110305036,G,0.0
M,M,N,Rural,G,N,13.79785664053674,7.872073979866873,0.0,13.971232288758715,G,0.04
M,M,N,Rural,G,N,14.308300105164125,14.509557333767056,0.0,0.0,G,0.01915846608701653
M,M,N,Rural,G,N,13.20968903833492,14.509557333767056,0.0,0.0,G,0.0
M,M,N,Rural,G,N,13.902835302515827,7.872073979866873,0.0,0.0,G,0.0
M,M,N,Rural,G,N,13.902835302515827,7.872073979866873,0.0,0.0,G,0.0
M,M,N,Rural,G,N,15.211167453456447,15.434740570912,0.0,0.0,G,0.02
M,M,N,Rural,G,N,14.595982024885938,7.872073979866873,0.0,0.0,G,0.0
M,M,N,Rural,G,N,14.016576175434462,9.051461866908694,0.0,13.012550743537489,G,0.14
M,M,N,Rural,G,N,14.819125484562155,7.872073979866873,0.0,0.0,G,0.0
M,M,N,Rural,G,N,13.926605500324047,14.509557333767056,0.0,13.878486296092358,G,0.039872715259958495
M,M,N,Rural,G,N,15.167808535325857,14.509557333767056,0.0,0.0,G,0.0
M,M,N,Rural,G,N,13.806723060757925,15.434740570912,0.0,11.51293546492023,G,0.0
M,M,N,Rural,G,N,14.308300105164125,7.872073979866873,0.0,0.0,G,0.0
M,F,N,Rural,G,N,13.229492528104721,14.870619134519663,0.0,0.0,G,0.4
M,M,N,Rural,G,N,14.308300105164125,7.872073979866873,0.0,0.0,G,0.0
M,M,N,Rural,G,N,14.11054453878668,9.051461866908694,0.0,12.818554633046093,G,0.14
M,M,N,Rural,G,N,13.902835302515827,6.558197802812269,0.0,0.0,G,0.1
M,M,N,Rural,G,N,14.274398890547602,7.872073979866873,0.0,0.0,G,0.03
M,M,N,Rural,G,N,13.90558066892067,6.558197802812269,0.0,0.0,G,0.12
M,M,N,Rural,G,N,14.267780368452941,8.632305998516742,0.0,11.082157933374816,G,0.15
M,M,N,Rural,G,N,13.722533055351777,13.997687937698549,0.0,10.85454679350309,G,0.15
M,M,N,Rural,G,N,14.819125484562155,8.12740456269308,0.0,0.0,G,0.01
M,M,N,Rural,G,N,14.82022453633774,8.12740456269308,0.0,0.0,G,0.01
M,M,N,Rural,G,N,15.551493187950296,15.434740570912,0.0,0.0,G,0.09
M,M,N,Rural,G,N,13.392010289669289,8.632305998516742,0.0,0.0,G,0.04
M,M,N,Rural,G,N,13.91648737925867,15.434740570912,0.0,0.0,G,0.0
M,M,N,Rural,G,N,13.20968903833492,8.632305998516742,0.0,0.0,G,0.0
M,M,N,Rural,G,N,15.512272481846091,14.509557333767056,0.0,0.0,G,0.0
M,M,N,Rural,G,N,13.404744424214055,13.997687937698549,0.0,11.289794413577894,G,0.09
M,M,N,Rural,G,N,15.515017850260815,11.28689023678548,0.0,0.0,G,0.4
M,M,N,Rural,G,N,13.91648737925867,14.509557333767056,0.0,0.0,G,0.17411023100276707
M,M,N,Rural,G,N,13.396581719235858,7.872073979866873,0.0,0.0,G,0.32
M,M,N,Rural,G,N,14.345435032021731,8.632305998516742,0.0,0.0,G,0.18
M,M,N,Rural,G,N,16.951276519575917,11.489769421253023,0.0,0.0,G,0.0
M,M,N,Rural,G,N,13.350230156694867,13.997687937698549,0.0,12.899222326086994,G,0.09
M,M,N,Rural,G,N,13.70185349874846,8.632305998516742,0.0,10.463131911491967,G,0.07
M,M,N,Rural,G,N,13.20968903833492,7.872073979866873,0.0,0.0,G,0.0
M,M,N,Rural,G,N,13.824930054880728,13.997687937698549,0.0,12.100717685412471,G,0.14
M,M,N,Rural,G,N,14.308300105164125,7.980707820869669,0.0,0.0,G,0.0
M,M,N,Rural,G,N,13.3049998845962,15.434740570912,0.0,0.0,G,0.02
M,M,N,Rural,G,N,13.63877457278093,8.632305998516742,0.0,10.463131911491967,G,0.06
M,M,N,Rural,G,N,14.549080133215096,8.632305998516742,0.0,11.51293546492023,G,0.1
M,M,N,Rural,G,N,13.615154146443084,10.972104443668837,0.0,0.0,G,0.12
M,M,N,Rural,G,N,13.54616075131107,10.972104443668837,0.0,0.0,G,0.01
M,M,N,Rural,G,N,13.902835302515827,7.872073979866873,0.0,0.0,G,0.0
M,M,N,Rural,G,N,15.075316948934029,14.509557333767056,0.0,0.0,G,0.0
U,M,N,Rural,G,N,13.261593004211647,12.30025491675743,0.0,12.138869243416009,G,0.0
M,M,N,Rural,G,N,15.512272481846091,11.28689023678548,0.0,0.0,G,0.2
M,M,N,Rural,G,N,14.544688754613647,11.28689023678548,0.0,0.0,G,0.09
M,M,N,Rural,G,N,14.93698484157482,11.28689023678548,0.0,13.527829818844937,G,0.01
M,F,N,Rural,G,N,13.601730531703014,8.769973211858753,0.0,0.0,G,0.07
U,M,N,Rural,G,N,14.054697522713182,7.042286171939743,0.0,0.0,G,0.0
M,M,N,Rural,G,N,13.83026517133276,11.28689023678548,0.0,0.0,G,0.17
M,M,N,Rural,G,N,13.47665728893386,13.997687937698549,0.0,0.0,B,0.53
M,M,N,Rural,G,N,14.73574390749719,14.509557333767056,0.0,0.0,G,0.03
U,M,N,Rural,G,N,13.348304611551775,7.042286171939743,0.0,10.239995502805316,G,0.0
M,M,N,Rural,G,N,13.55893560305814,13.997687937698549,0.0,0.0,G,0.36
M,M,N,Rural,G,N,15.065985482310431,14.509557333767056,0.0,0.0,G,0.0
M,M,N,Rural,G,N,14.507407457248224,14.509557333767056,0.0,12.128116509451258,G,0.01
M,M,N,Rural,G,N,14.843110795115663,9.051813463747946,0.0,14.023999249462447,G,0.19
M,M,N,Rural,G,N,13.226274643407006,12.441053854486267,0.0,11.51293546492023,G,0.01
M,M,N,Rural,G,N,15.774636704019114,10.683087620826273,0.0,0.0,G,0.0
M,M,N,Rural,G,N,13.392010289669289,7.872073979866873,0.0,0.0,G,0.03
M,M,N,Rural,G,N,13.141871843792371,12.51299836554866,0.0,12.041899407241397,G,0.02
M,M,N,Rural,G,N,16.610884648330178,14.509557333767056,0.0,0.0,G,0.03
M,M,N,Rural,G,N,13.92664039901271,13.997687937698549,0.0,10.12667110305036,G,0.13
M,M,N,Rural,G,N,15.512272481846091,14.509557333767056,0.0,0.0,G,0.0
M,M,N,Rural,G,N,14.998108233260997,10.683087620826273,0.0,0.0,G,0.3825917614666618
U,M,N,Rural,G,N,13.677972291388485,7.042286171939743,0.0,0.0,G,0.01
M,M,N,Rural,G,N,14.520370871164582,7.872073979866873,0.0,13.384729180332174,G,0.05
M,F,N,Rural,G,N,13.440801108394862,14.870619134519663,0.0,0.0,G,0.2
M,M,N,Rural,G,N,15.008422516043014,10.683087620826273,0.0,0.0,G,0.47689073722420283
M,M,N,Rural,G,N,15.001446980264111,9.051813463747946,0.0,0.0,G,0.0
M,M,N,Rural,G,N,16.610884648330178,14.509557333767056,0.0,0.0,G,0.03
U,M,N,Rural,G,N,14.022394637586482,12.30025491675743,0.0,0.0,G,0.37
M,M,N,Rural,G,N,15.493774848025993,12.51299836554866,0.0,11.51293546492023,G,0.04
M,M,N,Rural,G,N,14.044139835132805,14.509557333767056,0.0,12.847929163278053,G,0.05055832588816222
M,M,N,Rural,G,N,13.766846435851209,12.51299836554866,0.0,14.0225255403564,G,0.08
M,M,N,Rural,G,N,13.560780875765845,10.683087620826273,0.0,13.8924725250259,G,0.08
M,M,N,Rural,G,N,13.36648690188668,14.509557333767056,0.0,13.023649611968253,G,0.01
M,M,N,Rural,G,N,14.24713387082442,10.972104443668837,0.0,0.0,G,0.31
M,M,N,Rural,G,N,14.595982024885938,14.509557333767056,0.0,0.0,G,0.0
M,M,N,Rural,G,N,14.083489033216233,13.997687937698549,0.0,0.0,G,0.26
M,M,N,Rural,G,N,15.001446980264111,9.051813463747946,0.0,0.0,G,0.0
M,M,Y,Rural,G,N,13.125783522036178,7.6004023345004,0.0,16.811242881518265,G,0.09
M,M,N,Rural,G,N,15.488142212726109,9.051813463747946,0.0,0.0,G,0.0
M,M,N,Rural,G,N,15.489013754576998,9.051813463747946,0.0,0.0,G,0.0
M,M,N,Rural,G,N,13.871535440711641,7.45876269238096,0.0,0.0,G,0.01
M,M,N,Rural,G,N,14.278184893436173,8.220941168281389,0.0,0.0,G,0.42
M,M,N,Rural,G,N,14.982357653082849,7.05444965813294,0.0,0.0,G,0.0
M,M,N,Rural,G,N,16.37922846519443,8.288534459413917,0.0,0.0,G,0.0
M,F,N,Rural,G,N,16.89349181127498,12.159452624894948,0.0,0.0,G,0.0
M,M,N,Rural,G,N,14.694256419675535,8.587651655064798,0.0,18.132998684833918,G,0.05
M,M,N,Rural,G,I,13.544361721882193,7.117205503164344,0.0,12.203564502768165,G,0.18
M,M,N,Rural,G,I,13.145450799927154,7.044032897274685,0.0,11.483228853233392,G,0.38
M,M,Y,Rural,B,N,14.382991335622833,8.58185670474196,0.0,12.963705220816507,G,0.16
U,M,Y,Rural,G,N,14.236521533791013,2.9444389791664403,0.0,13.211291416423222,B,0.55
M,M,Y,Rural,G,N,14.5973556508466,8.81936971001847,0.0,0.0,G,0.49
M,F,Y,Rural,G,N,13.554744315978446,7.201916317531627,0.0,11.695255355062795,G,0.06
M,F,Y,Rural,G,N,13.20968903833492,7.201916317531627,10.247892527339829,0.0,G,0.14
M,F,Y,Rural,G,N,14.853576700903288,13.939814508388656,9.777924329560783,12.960434861813251,G,0.24
M,F,Y,Rural,G,N,13.34945114008026,7.201916317531627,0.0,0.0,G,0.16
U,M,Y,Rural,G,N,13.291728021437345,2.9444389791664403,0.0,0.0,G,0.15
M,M,Y,Rural,G,N,13.572942058024315,8.58185670474196,0.0,0.0,G,0.047274144153997597
M,M,Y,Rural,G,N,13.578142567294496,8.58185670474196,0.0,0.0,G,0.08141218185204763
M,M,Y,Rural,G,N,13.190421945899471,8.220941168281389,0.0,0.0,G,0.0
M,M,Y,Rural,G,N,13.274442198127309,7.937017489515454,0.0,12.899222326086994,G,0.22
M,M,Y,Rural,G,N,14.042597523789043,7.937017489515454,0.0,0.0,G,0.1
M,F,Y,Urban,G,I,14.525023584494278,6.602587892189336,0.0,0.0,G,0.03
M,F,Y,Urban,G,I,14.522561136789736,6.602587892189336,0.0,0.0,G,0.03
M,F,Y,Urban,G,I,14.515385555921151,6.602587892189336,0.0,0.0,G,0.03
M,M,Y,Urban,G,I,14.23185295990192,9.015298250772847,0.0,12.606183444876413,G,0.01
M,M,Y,Urban,G,I,14.076372155531613,9.875910784765894,0.0,13.913049162076685,G,0.01
M,M,Y,Urban,G,I,15.480795391273933,15.425951167529545,0.0,11.918810484903082,G,0.01
M,M,Y,Urban,G,I,15.499826231902519,15.425951167529545,0.0,11.000198033914641,G,0.01
M,M,Y,Urban,G,I,14.669348272525212,10.178919902558992,10.174277757317691,11.134180181561446,G,0.0
M,M,Y,Urban,G,I,15.490033904451808,15.425951167529545,10.174201476757755,0.0,G,0.0
M,M,Y,Urban,G,I,13.56174799258253,8.038512020976814,10.174239617765064,0.0,G,0.0
M,M,Y,Urban,G,I,13.558843831656759,8.038512020976814,10.530842092546065,0.0,G,0.01
M,M,Y,Urban,G,I,15.454604549461774,15.425951167529545,10.818277158284015,0.0,G,0.0
M,M,Y,Urban,G,I,13.55471576123771,8.038512020976814,11.11911220960251,0.0,G,0.0
M,M,Y,Urban,G,I,13.538934583852598,8.038512020976814,11.118978764570546,0.0,G,0.0
M,M,Y,Semi-Urban,G,I,15.436196374880227,0.0,10.31387386496336,13.008636852969834,G,0.08
M,M,Y,Semi-Urban,G,I,14.951156554647765,5.752572638825633,11.119215987872918,11.414110149348405,G,0.04
M,M,Y,Semi-Urban,G,I,14.55684486375936,5.752572638825633,9.549238235812235,11.02306192678775,G,0.06
M,M,Y,Semi-Urban,G,I,14.582781424840187,5.752572638825633,9.549238235812235,10.69351186640545,G,0.06
M,M,Y,Semi-Urban,G,I,15.42710853577648,0.0,11.11906772990378,12.068332408131596,G,0.02
M,M,Y,Semi-Urban,G,I,15.628308165440227,11.330863874382132,9.549166977751137,12.088926282154974,G,0.06
M,M,Y,Urban,G,I,14.329468869735287,11.412607768455361,9.549166977751137,13.461205660388396,G,0.0
M,M,Y,Urban,G,I,14.085404861927907,0.0,10.313973369101156,0.0,G,0.0
U,M,Y,Urban,G,I,13.690457408960711,0.0,9.804716390436107,9.810659290224933,G,0.02
M,M,Y,Urban,G,I,14.077875591662238,11.108649649373282,9.413689295962213,0.0,G,0.0
M,F,Y,Urban,G,I,16.85464651461085,12.159452624894948,9.434922887484646,15.013308537236924,G,0.0
M,F,Y,Urban,G,I,15.354769753217122,12.159452624894948,10.293669803779775,13.512871857372398,G,0.0
M,F,Y,Urban,G,I,15.434288119774056,12.159452624894948,10.496234118987427,12.774464100130537,G,0.0
M,F,Y,Urban,G,N,15.33893208914536,13.939814508388656,10.474015019548162,13.898012700285907,G,0.0
M,F,Y,Urban,G,N,14.303336300661174,13.939814508388656,10.205442284274628,15.232761287963664,G,0.0
M,M,Y,Urban,G,N,13.437076302241653,7.117205503164344,9.837721611760509,0.0,G,0.0
M,F,Y,Urban,G,N,14.34277197111259,13.939814508388656,10.205331372394003,0.0,G,0.0
M,M,Y,Urban,G,N,13.508888925666431,7.117205503164344,13.129630904835665,0.0,G,0.01
M,M,Y,Urban,G,N,15.297465264845961,7.937017489515454,11.629676857554735,0.0,G,0.0
M,M,Y,Urban,G,N,15.297464356072917,7.937017489515454,11.629525579028432,0.0,G,0.0
M,F,Y,Urban,G,N,13.1278801320912,12.159452624894948,0.0,0.0,G,0.0
M,F,Y,Urban,G,N,13.798745811631544,13.939814508388656,0.0,0.0,G,0.0
M,M,Y,Urban,G,N,13.46488442587864,7.937017489515454,0.0,0.0,G,0.0
M,F,Y,Urban,G,N,14.7867484606816,13.939814508388656,0.0,0.0,G,0.0
M,M,Y,Urban,G,N,13.470488878787517,7.117205503164344,0.0,0.0,G,0.0
M,F,Y,Urban,G,N,14.367962460727032,12.159452624894948,0.0,0.0,G,0.0
M,F,Y,Urban,G,N,13.2152506242759,9.20974019190415,0.0,0.0,G,0.0
M,M,Y,Urban,G,N,13.156623731369436,7.117205503164344,0.0,0.0,G,0.0
M,F,Y,Urban,G,N,13.875557130389405,13.939814508388656,0.0,0.0,G,0.0
M,F,Y,Urban,G,N,13.339601526101843,7.201916317531627,0.0,0.0,G,0.01
M,F,Y,Urban,G,N,13.206016789401582,7.201916317531627,0.0,0.0,G,0.01
M,F,Y,Urban,G,N,13.889891421451198,13.939814508388656,0.0,0.0,G,0.0
M,F,Y,Urban,G,N,13.72852354431422,7.201916317531627,0.0,0.0,G,0.01
M,F,Y,Urban,G,N,13.965191836308476,13.939814508388656,0.0,0.0,G,0.0
M,F,Y,Urban,G,N,13.165102892306729,12.159452624894948,0.0,0.0,G,0.0
M,F,Y,Urban,G,N,14.895084766995145,9.20974019190415,0.0,0.0,G,0.01
M,F,Y,Urban,G,N,15.31058219097673,9.20974019190415,0.0,0.0,G,0.01
M,F,Y,Urban,G,N,14.114131086773764,9.20974019190415,0.0,0.0,G,0.01
M,F,Y,Urban,G,N,15.311003211048657,13.939814508388656,0.0,0.0,G,0.0
M,F,Y,Urban,G,N,14.123814040065518,9.20974019190415,0.0,0.0,G,0.01
M,F,Y,Urban,G,N,13.738747217284123,9.20974019190415,0.0,0.0,G,0.0
M,F,Y,Urban,G,N,13.672789642141886,9.20974019190415,0.0,0.0,G,0.0
M,F,Y,Urban,G,N,13.692270032263336,12.159452624894948,0.0,0.0,G,0.0
M,M,Y,Urban,G,N,13.700100828786772,7.937017489515454,0.0,0.0,G,0.02
M,F,Y,Urban,G,N,13.763817183555384,7.201916317531627,0.0,0.0,G,0.01
M,F,Y,Urban,G,N,13.189358254228607,9.20974019190415,0.0,0.0,G,0.0
M,F,Y,Urban,G,N,13.923571823312205,12.159452624894948,0.0,0.0,G,0.0
M,F,Y,Urban,G,N,13.256630249497508,12.159452624894948,0.0,0.0,G,0.0
M,F,Y,Urban,G,N,13.80805785543909,12.159452624894948,0.0,0.0,G,0.0
M,F,Y,Urban,G,N,13.280851494080183,12.159452624894948,0.0,0.0,G,0.0
M,M,Y,Urban,G,N,14.655772150347047,7.937017489515454,0.0,0.0,G,0.0
M,M,Y,Urban,G,N,14.125368175408953,7.937017489515454,0.0,0.0,G,0.0
M,M,Y,Urban,G,N,13.604690756338897,7.937017489515454,0.0,0.0,G,0.0
M,F,Y,Urban,G,N,13.71003892502204,13.939814508388656,0.0,0.0,G,0.0
M,F,Y,Urban,G,N,13.409951445437834,7.201916317531627,0.0,0.0,G,0.01
M,F,Y,Urban,G,N,13.176662150811708,7.201916317531627,0.0,0.0,G,0.01
M,F,Y,Urban,G,N,13.504870966775805,12.159452624894948,0.0,0.0,G,0.0
M,M,Y,Urban,G,N,14.22052423085756,7.937017489515454,0.0,0.0,G,0.0
M,F,Y,Urban,G,N,13.776151035177381,7.201916317531627,0.0,0.0,G,0.01
M,F,Y,Urban,G,N,13.710050037306114,9.20974019190415,0.0,0.0,G,0.0
M,M,Y,Urban,G,N,14.11471548657918,7.937017489515454,0.0,0.0,G,0.0
M,F,Y,Urban,G,N,13.486916209139176,9.20974019190415,0.0,0.0,G,0.0
M,F,Y,Urban,G,N,13.521696389248486,13.939814508388656,0.0,0.0,G,0.0
M,F,Y,Urban,G,N,14.403209996840092,9.20974019190415,0.0,0.0,G,0.0
M,F,Y,Urban,G,N,13.49326740605134,9.20974019190415,0.0,0.0,G,0.0
M,F,Y,Urban,G,N,13.751154420193846,12.159452624894948,0.0,0.0,G,0.0
M,F,Y,Urban,G,N,13.90890162472133,7.201916317531627,0.0,0.0,G,0.01
M,F,Y,Urban,G,N,13.436429314400128,7.201916317531627,0.0,0.0,G,0.01
M,M,Y,Urban,G,N,13.358127750041742,7.937017489515454,0.0,0.0,G,0.0
M,F,Y,Urban,G,N,13.340077817730046,12.159452624894948,0.0,0.0,G,0.0
M,F,Y,Urban,G,N,13.452761489539835,9.20974019190415,0.0,0.0,G,0.0
M,F,Y,Urban,G,N,13.599902294921202,12.159452624894948,0.0,0.0,G,0.0
M,F,Y,Urban,G,N,13.572829894101725,7.201916317531627,0.0,0.0,G,0.01
M,F,Y,Urban,G,N,13.832268358397881,7.201916317531627,0.0,0.0,G,0.01
M,F,Y,Urban,G,N,15.196493337577836,9.20974019190415,0.0,0.0,G,0.01
M,F,Y,Urban,G,N,13.719991456337304,13.939814508388656,0.0,0.0,G,0.0
M,F,Y,Urban,G,N,13.31268782546688,9.20974019190415,0.0,0.0,G,0.0
M,F,Y,Urban,G,N,13.902224807482575,9.20974019190415,0.0,0.0,G,0.0
M,F,Y,Urban,G,N,14.189749153975546,12.159452624894948,0.0,0.0,G,0.0
M,F,Y,Urban,G,N,13.38624648784109,12.159452624894948,0.0,0.0,G,0.0
M,F,Y,Urban,G,N,14.979598740798552,9.20974019190415,0.0,0.0,G,0.01
M,F,Y,Urban,G,N,14.157681525927146,9.20974019190415,0.0,0.0,G,0.0
M,F,Y,Urban,G,N,13.981872941919192,9.20974019190415,0.0,0.0,G,0.0
M,F,Y,Urban,G,N,13.362955414648066,7.201916317531627,0.0,0.0,G,0.01
M,F,Y,Urban,G,N,14.819446166125,13.939814508388656,0.0,0.0,G,0.0
M,M,Y,Urban,G,N,13.200725288715338,12.363478023077928,0.0,0.0,G,0.0
M,M,Y,Urban,G,N,13.200355368410449,12.363478023077928,0.0,0.0,G,0.0
M,M,Y,Urban,G,N,13.893500699025013,12.363478023077928,0.0,0.0,G,0.0
M,M,Y,Urban,G,N,13.200355368410449,12.363478023077928,0.0,0.0,G,0.0
M,M,Y,Urban,G,N,14.423753775740181,13.82682925910234,0.0,11.51293546492023,G,0.0
M,F,Y,Urban,G,N,14.008819036877853,6.371611847231857,0.0,12.610467180779663,G,0.0
M,M,Y,Urban,G,N,15.502938056474832,8.416267272826277,0.0,0.0,G,0.0
M,M,Y,Rural,G,N,13.463490477604134,7.470224135899966,0.0,0.0,G,0.04
M,F,Y,Rural,G,N,15.469698866634605,14.36319950303293,0.0,0.0,G,0.36
M,M,Y,Rural,G,N,13.902332083599942,4.406719247264253,0.0,0.0,G,0.0
M,F,Y,Rural,G,N,15.002362940662183,7.0925737159746784,0.0,0.0,G,0.37840966323654507
M,M,Y,Rural,G,N,15.30155160665445,6.760414691083428,0.0,0.0,G,0.08800114289151553
M,M,Y,Rural,G,N,14.03745899541432,11.52153826806845,0.0,13.64885957386334,G,0.05
M,M,Y,Rural,G,N,14.308300105164125,11.52153826806845,0.0,0.0,G,0.05
M,M,Y,Rural,G,N,15.512272481846091,11.52153826806845,0.0,0.0,G,0.03
M,M,Y,Rural,G,N,13.902835302515827,11.52153826806845,0.0,0.0,G,0.0
M,M,Y,Rural,G,N,13.902835302515827,11.52153826806845,0.0,0.0,G,0.0
M,M,Y,Rural,G,N,13.902835302515827,11.52153826806845,0.0,0.0,G,0.0
M,M,Y,Rural,G,N,14.308300105164125,11.52153826806845,0.0,0.0,G,0.05
M,M,Y,Rural,G,N,13.20968903833492,11.52153826806845,0.0,0.0,G,0.0
M,M,Y,Rural,G,N,14.967545439121533,11.52153826806845,0.0,0.0,G,0.01
M,M,Y,Rural,G,N,13.902835302515827,13.342906751184966,0.0,0.0,G,0.05
M,M,Y,Rural,G,N,14.132405984647791,10.27035042286235,0.0,13.555666714565413,G,0.05
M,M,Y,Rural,G,N,14.570022792035791,11.52153826806845,0.0,0.0,G,0.04
M,M,Y,Rural,G,N,13.20968903833492,13.342906751184966,0.0,0.0,G,0.07
M,M,Y,Rural,G,N,13.902835302515827,10.27035042286235,0.0,0.0,G,0.01
M,M,Y,Rural,G,N,13.20968903833492,13.342906751184966,0.0,0.0,G,0.07
M,M,Y,Rural,G,N,14.5973556508466,10.27035042286235,0.0,0.0,G,0.09
M,M,Y,Rural,G,N,13.90558066892067,13.342906751184966,0.0,0.0,G,0.01
M,M,Y,Rural,G,N,14.308300105164125,10.27035042286235,0.0,0.0,G,0.09
M,M,Y,Rural,G,N,14.125979037105912,14.505093393788034,0.0,0.0,G,0.18
M,M,Y,Rural,G,N,13.17376156629026,11.957393313759452,0.0,0.0,G,0.06
M,M,Y,Rural,G,N,13.871269715523821,11.715964263352905,0.0,0.0,G,0.1837171782152086
U,M,Y,Rural,G,N,13.178849565351072,6.928537818164665,0.0,0.0,G,0.02
M,M,Y,Rural,G,N,13.873547363682873,9.527411329321751,0.0,0.0,G,0.2472741441539976
M,M,Y,Rural,G,N,13.18257002953066,6.880384082186005,0.0,0.0,G,0.02
M,M,Y,Rural,G,N,13.184631823870994,7.305188215393037,0.0,0.0,G,0.02
U,M,Y,Rural,G,N,13.186175384694614,8.01862546504575,0.0,0.0,G,0.12941216013019866
M,M,Y,Rural,G,N,15.267464608352793,11.52153826806845,0.0,0.0,G,0.11
M,M,Y,Rural,G,N,15.491428854898286,13.342906751184966,0.0,0.0,G,0.09
M,M,Y,Rural,G,N,14.287969295962617,11.758675552089823,0.0,0.0,G,0.23
M,M,Y,Rural,G,N,15.491941289780552,14.505093393788034,0.0,0.0,G,0.15
M,M,Y,Rural,G,N,15.269207693703562,7.5953872788539725,0.0,0.0,G,0.07
M,M,Y,Rural,G,N,14.57606074684824,10.27035042286235,0.0,0.0,G,0.16
M,M,Y,Rural,G,N,13.189767787954946,7.415776975415394,0.0,0.0,G,0.2694965319330058
M,M,Y,Rural,G,N,13.189767787954946,8.085178748074537,0.0,0.0,G,0.0
M,M,Y,Rural,G,N,13.659770949792033,9.291367210618557,0.0,0.0,G,0.21
U,M,Y,Rural,G,N,13.189767787954946,5.831882477283517,0.0,0.0,G,0.13
M,M,Y,Rural,G,N,14.588582900828031,13.86602494908542,0.0,0.0,G,0.08
M,M,Y,Rural,G,N,13.892396596287762,12.917553237361913,0.0,0.0,G,0.13
M,M,Y,Rural,G,N,14.283011683558112,6.679599185844383,0.0,0.0,G,0.15
M,F,Y,Rural,G,N,13.181577122048536,7.254177846456518,0.0,0.0,G,0.1
M,M,Y,Rural,G,N,13.363741268070273,12.363478023077928,0.0,0.0,G,0.14
M,M,Y,Rural,G,N,14.791202010051581,8.465478755729558,0.0,0.0,G,0.4
M,M,Y,Rural,G,N,13.20968903833492,11.758675552089823,0.0,0.0,G,0.0
M,M,Y,Rural,G,N,13.902835302515827,0.0,0.0,0.0,B,0.712151610032924
M,M,Y,Rural,G,N,13.872585357197508,6.880384082186005,0.0,12.521033009212498,G,0.1
M,M,Y,Rural,G,N,13.20968903833492,6.880384082186005,0.0,0.0,G,0.0
M,M,Y,Rural,G,N,13.49840104797556,5.971261839790462,0.0,12.430427462965298,G,0.29
M,M,Y,Rural,G,N,13.20968903833492,0.0,0.0,0.0,G,0.3176074746023604
M,M,Y,Rural,G,N,13.26795870722576,11.957393313759452,0.0,0.0,G,0.08
M,M,Y,Rural,G,N,13.472053584765023,8.630700432209832,0.0,0.0,G,0.22
M,M,Y,Rural,G,N,13.902835302515827,8.630700432209832,0.0,0.0,B,0.66
M,M,Y,Rural,G,N,13.740317073778568,8.630700432209832,0.0,0.0,G,0.1
M,M,Y,Rural,G,N,13.47665728893386,8.085178748074537,0.0,0.0,G,0.0
M,M,Y,Rural,G,N,13.20968903833492,7.994294986415977,0.0,0.0,G,0.0
M,M,Y,Rural,G,N,13.248909680997535,12.917553237361913,0.0,0.0,G,0.3
M,M,Y,Rural,G,N,14.932454130595731,9.527411329321751,0.0,0.0,G,0.33
M,M,Y,Rural,G,N,13.209963914138601,7.958227192322312,0.0,0.0,G,0.12
U,M,Y,Rural,G,N,13.145683341025933,5.831882477283517,0.0,0.0,G,0.27
M,M,Y,Rural,G,N,13.681814580367817,12.917553237361913,0.0,0.0,G,0.08
M,M,Y,Rural,G,N,14.098337865089869,9.527411329321751,0.0,12.612417366665346,G,0.29
M,M,Y,Rural,G,N,13.558035621229783,8.143226750367445,0.0,11.345701365855424,G,0.16
M,M,Y,Rural,G,N,14.433463176245208,8.193123721512068,0.0,0.0,G,0.09
M,M,Y,Rural,G,N,13.148789121400783,7.305188215393037,0.0,0.0,G,0.01
M,M,Y,Rural,G,N,13.738954514805393,7.573017256052546,0.0,9.71842223507111,G,0.12
M,M,Y,Rural,G,N,13.86144904090544,0.0,0.0,0.0,G,0.01
M,M,Y,Rural,G,N,13.330286077039462,7.305188215393037,0.0,11.824277676244678,G,0.06
M,M,Y,Rural,G,N,14.274398890547602,12.449191358275302,0.0,0.0,G,0.28
U,M,Y,Rural,G,N,13.903293387308002,8.788745881938135,0.0,0.0,G,0.0
M,M,Y,Rural,G,N,13.209963914138601,6.38856140554563,0.0,0.0,G,0.17
M,M,Y,Rural,G,N,13.20968903833492,12.917553237361913,0.0,0.0,G,0.19
M,M,Y,Rural,G,N,13.599933309847449,8.162801353492073,0.0,11.217144014261798,G,0.14
M,M,Y,Rural,G,N,15.002362940662183,12.917553237361913,0.0,0.0,G,0.16
M,M,Y,Rural,G,N,13.497058576844209,8.162801353492073,0.0,0.0,G,0.22
M,M,Y,Rural,G,N,13.588468166039075,7.700295203420117,0.0,11.85461975717973,G,0.12
M,M,Y,Rural,G,N,14.954713134310682,7.5953872788539725,0.0,0.0,G,0.0
M,M,Y,Rural,G,N,13.733987004379456,7.5480289699350145,0.0,12.088735135612458,G,0.01
U,M,Y,Rural,G,N,13.982570411841568,11.599112335481124,0.0,0.0,G,0.0
M,M,Y,Rural,G,N,13.54616075131107,7.813187267521416,0.0,0.0,G,0.16
M,M,Y,Rural,G,N,15.155597616454225,7.5953872788539725,0.0,0.0,G,0.02
M,M,Y,Rural,G,N,13.854170537012491,7.5953872788539725,0.0,0.0,G,0.04
M,M,Y,Rural,G,N,13.432831856545967,11.715964263352905,0.0,0.0,G,0.19933285281576743
M,M,Y,Rural,G,N,13.321230629457746,7.813187267521416,0.0,0.0,G,0.02
M,M,Y,Rural,G,N,13.902835302515827,8.630700432209832,0.0,0.0,B,0.66
U,M,Y,Rural,G,N,13.902835302515827,8.01862546504575,0.0,0.0,G,0.32771391459308463
M,M,Y,Rural,G,N,13.896817696677083,7.5480289699350145,0.0,0.0,G,0.06
M,M,Y,Rural,G,I,13.201680899117154,5.135798437050262,0.0,9.397483619049352,G,0.16
U,M,Y,Rural,G,I,13.141381383240091,4.61512051684126,0.0,10.802876246334927,G,0.07
U,M,Y,Rural,G,I,13.170900176146118,0.0,0.0,10.624152619132813,G,0.09
M,M,Y,Rural,G,N,13.67035761019747,11.678228016594588,0.0,0.0,G,0.09
M,M,Y,Rural,G,N,13.586976252609778,11.678228016594588,0.0,0.0,G,0.09
U,M,Y,Urban,G,N,14.141298058408449,6.238324625039508,0.0,0.0,G,0.0
M,M,Y,Urban,G,N,14.488895750402257,11.759277601421319,9.646076003102594,0.0,G,0.0
M,F,Y,Urban,G,N,13.33448480770344,8.42726848388825,9.675959402904095,0.0,G,0.0
M,M,Y,Urban,G,N,15.056651104154687,7.160069207596127,9.676022175572895,0.0,G,0.01
M,M,Y,Urban,G,N,13.151694969369554,2.772588722239781,0.0,0.0,G,0.0
M,M,Y,Urban,G,N,13.89490659505299,6.068425588244111,0.0,0.0,G,0.0
M,M,Y,Rural,G,N,14.544688754613647,11.181096431975604,0.0,0.0,G,0.14
M,M,Y,Rural,G,N,14.308300105164125,7.208600337960199,0.0,0.0,G,0.06
M,M,Y,Rural,G,N,14.785775706802518,7.208600337960199,0.0,0.0,G,0.25
M,M,Y,Rural,G,N,13.701878146537162,7.208600337960199,0.0,10.463131911491967,G,0.07
M,M,Y,Rural,G,N,13.815096472242614,7.208600337960199,0.0,0.0,G,0.05
M,M,Y,Rural,G,N,15.289128976350888,7.954723334497908,0.0,0.0,G,0.2
M,M,Y,Rural,G,N,15.289128976350888,7.954723334497908,0.0,0.0,G,0.2
M,M,Y,Rural,G,N,14.5973556508466,7.954723334497908,0.0,0.0,G,0.03
M,M,Y,Rural,G,N,15.917737528862245,7.208600337960199,0.0,0.0,G,0.09
M,M,Y,Rural,G,N,14.398341072529313,14.864358908498943,0.0,13.122365377402328,G,0.23
M,M,Y,Rural,G,N,14.691292163036632,14.864358908498943,0.0,0.0,G,0.19305447571088774
M,M,Y,Rural,G,N,14.691292163036632,14.864358908498943,0.0,0.0,G,0.19305447571088774
M,M,Y,Rural,G,N,15.476865170428242,14.864358908498943,0.0,0.0,G,0.15
M,M,Y,Rural,G,N,15.253721619114032,14.864358908498943,0.0,0.0,G,0.32
M,M,Y,Rural,G,N,15.476969030264264,14.864358908498943,0.0,0.0,G,0.15
M,F,Y,Rural,G,N,14.969272744754397,11.55931274452335,0.0,0.0,G,0.08
M,M,Y,Rural,G,N,14.564798912929303,7.642044402873258,0.0,0.0,G,0.17
M,M,Y,Rural,G,N,13.875981756247215,13.432617767428354,0.0,0.0,B,0.8157803315568901
M,M,Y,Rural,G,N,14.057324330939473,0.6931471805599453,0.0,0.0,G,0.0
M,M,Y,Rural,G,N,14.286250790850923,10.484193653750324,0.0,0.0,G,0.07
M,M,Y,Rural,G,N,13.879379792679646,8.685077700412423,0.0,0.0,G,0.05
M,M,Y,Rural,G,N,14.796634642508913,8.414938957377482,0.0,0.0,G,0.26
M,M,Y,Rural,G,N,14.574388361326166,7.10085190894405,0.0,0.0,G,0.04
M,M,Y,Rural,G,N,15.13465124808776,11.181096431975604,0.0,0.0,G,0.28
M,M,Y,Rural,G,N,15.268986818417147,7.691656822810547,0.0,0.0,G,0.04
M,M,Y,Rural,G,N,15.386888283573834,10.745464137157782,0.0,0.0,G,0.12
M,M,Y,Rural,G,N,14.577461992223954,8.252185436003328,0.0,0.0,G,0.13
M,M,Y,Rural,G,N,14.584495927275269,11.666367322213533,0.0,0.0,G,0.36
M,M,Y,Rural,G,N,15.499395056644445,11.475109364885979,0.0,0.0,G,0.04
M,M,Y,Rural,G,N,14.076523910360809,9.071997422354437,0.0,0.0,G,0.06
M,M,Y,Rural,G,N,14.586728349045686,8.226038429485484,0.0,0.0,G,0.29
M,M,Y,Rural,G,N,15.9716341666854,7.954723334497908,0.0,0.0,G,0.08
M,M,Y,Rural,G,N,14.588551050423378,10.236668665059128,0.0,0.0,G,0.38
M,M,Y,Rural,G,N,14.159928288240604,12.716546207329623,0.0,0.0,G,0.03
M,M,Y,Semi-Urban,G,N,14.974277083325276,6.688354713946762,0.0,0.0,G,0.02
M,M,Y,Semi-Urban,G,N,14.791202010051581,8.632127729508337,0.0,0.0,G,0.14
M,M,Y,Semi-Urban,G,N,14.27735662962807,7.484930283289661,0.0,13.077135859467639,G,0.25
M,F,Y,Semi-Urban,G,N,15.483783444691756,7.011213987350367,0.0,0.0,G,0.04
M,M,Y,Semi-Urban,G,N,14.973335020433204,10.348461793739006,0.0,0.0,G,0.12
M,F,Y,Semi-Urban,G,I,13.212123639411892,6.3835066348840055,0.0,11.148304751131443,G,0.07
M,M,Y,Semi-Urban,G,I,13.200865822559262,7.985824666418917,0.0,10.637512726048387,G,0.11
M,M,Y,Semi-Urban,G,N,13.20968903833492,6.911747300251674,0.0,0.0,G,0.01
M,M,Y,Semi-Urban,G,N,13.20968903833492,6.911747300251674,0.0,0.0,G,0.01
M,M,Y,Semi-Urban,G,N,13.200647616801463,6.911747300251674,0.0,0.0,G,0.09
M,M,Y,Semi-Urban,G,N,13.20968903833492,10.849472999745322,0.0,0.0,G,0.0
M,M,Y,Semi-Urban,G,N,13.679691980296456,8.252185436003328,0.0,0.0,G,0.09
M,M,Y,Semi-Urban,G,N,13.679691980296456,8.252185436003328,9.777924329560783,0.0,G,0.03
M,M,Y,Semi-Urban,G,N,13.679691980296456,8.252185436003328,10.109851103810321,0.0,G,0.0
M,M,Y,Semi-Urban,G,N,13.679691980296456,8.252185436003328,0.0,0.0,G,0.09
M,M,Y,Semi-Urban,G,N,13.683122511470389,8.252185436003328,0.0,0.0,G,0.07
M,M,Y,Semi-Urban,G,N,13.20968903833492,6.911747300251674,0.0,0.0,G,0.01
M,M,Y,Semi-Urban,G,N,13.204573580515394,8.020927718981577,0.0,12.748399843328054,G,0.07
M,M,Y,Semi-Urban,G,N,13.210604997334688,6.911747300251674,0.0,0.0,G,0.02
M,M,Y,Semi-Urban,G,N,13.902835302515827,12.680015381298873,0.0,0.0,G,0.04
M,M,Y,Semi-Urban,G,N,13.364448008518647,7.384610383176974,0.0,0.0,G,0.1
M,M,Y,Semi-Urban,G,N,13.902835302515827,12.680015381298873,0.0,0.0,G,0.04
M,M,Y,Semi-Urban,G,N,13.211428643718495,12.680015381298873,0.0,12.206077645517674,G,0.04
M,M,Y,Semi-Urban,G,N,13.680264553375284,10.849472999745322,0.0,0.0,G,0.03
M,M,Y,Semi-Urban,G,N,14.310131187185721,7.106606137727303,0.0,0.0,G,0.04
M,M,Y,Semi-Urban,G,N,13.590381286411962,9.052633375946147,0.0,0.0,G,0.2
U,M,Y,Semi-Urban,G,N,13.20968903833492,7.410347097821024,0.0,0.0,G,0.0
M,M,Y,Semi-Urban,G,N,13.54616075131107,6.760414691083428,0.0,0.0,G,0.38
M,M,Y,Semi-Urban,G,N,13.210604997334688,6.760414691083428,0.0,0.0,G,0.03
M,M,Y,Semi-Urban,G,N,14.012701022624347,8.685077700412423,0.0,12.206077645517674,G,0.16
M,M,Y,Semi-Urban,G,N,14.595982024885938,7.214504414151143,0.0,0.0,G,0.24
M,M,Y,Semi-Urban,G,N,13.20968903833492,7.362645270417825,0.0,0.0,G,0.01
M,M,Y,Urban,G,I,13.141381383240091,12.242780588935553,0.0,10.802876246334927,G,0.03
M,M,Y,Urban,G,I,13.2022571509108,7.790282380703483,0.0,10.099054336080103,G,0.05
M,M,Y,Urban,G,I,13.128385209722824,6.874198495453294,0.0,10.555135425918044,G,0.11
M,M,Y,Urban,G,I,13.128385209722824,8.341648618901306,0.0,10.647826772357497,G,0.04
M,M,Y,Urban,G,I,13.128385209722824,4.762173934797756,0.0,10.555135425918044,G,0.09
M,M,Y,Urban,G,I,13.215596856903948,12.728787313688578,0.0,0.0,G,0.1
M,M,Y,Urban,G,I,14.165657440400137,6.992096427415888,9.675959402904095,11.29881598328589,G,0.0
M,M,Y,Urban,G,I,13.653796010746666,4.477336814478207,9.675896626294639,11.844514368936185,G,0.0
M,M,Y,Urban,G,I,13.671569746264566,4.477336814478207,10.037581287016828,11.728544780082226,G,0.0
M,M,Y,Urban,G,I,13.705894332940927,4.477336814478207,10.037581287016828,11.72661648151024,G,0.0
M,M,Y,Urban,G,I,14.334405536736222,3.5263605246161616,10.037581287016828,10.359106973305016,G,0.0
M,M,Y,Rural,G,N,13.290682354061907,12.848931289921824,10.037537560656384,12.140541632034964,G,0.01
M,M,Y,Rural,G,N,13.127303156580735,12.848931289921824,10.348493835264826,0.0,G,0.0
M,F,Y,Rural,G,N,13.537487024623674,7.166265974133638,9.679968930891835,0.0,G,0.21
M,F,Y,Rural,G,N,13.383446821972097,7.779466967458324,9.679843876180236,0.0,G,0.09
M,M,Y,Rural,G,N,14.609860070908367,8.677780256064185,9.709660055555972,0.0,G,0.07
M,M,Y,Rural,G,N,15.526150531657438,8.677780256064185,10.449960203748262,0.0,G,0.02
M,M,Y,Rural,G,N,15.303007025530748,8.677780256064185,0.0,0.0,G,0.18
M,M,Y,Rural,G,N,15.015325028391494,8.677780256064185,0.0,0.0,G,0.06
M,M,Y,Rural,G,N,14.609860070908367,8.677780256064185,0.0,0.0,G,0.36
M,M,N,Rural,G,N,15.01983360094949,8.677780256064185,0.0,0.0,G,0.16
M,M,N,Rural,G,N,13.998145399012925,12.572058607094025,0.0,0.0,G,0.25
M,M,N,Rural,G,N,13.90558066892067,8.677780256064185,0.0,0.0,G,0.0
M,M,N,Rural,G,N,15.917737528862245,7.434847875211999,0.0,0.0,G,0.03497000863007483
M,M,N,Rural,G,N,14.73574390749719,7.434847875211999,0.0,0.0,G,0.3
M,M,N,Rural,G,N,13.20968903833492,7.434847875211999,0.0,0.0,G,0.02
M,M,N,Rural,G,N,14.595982024885938,7.434847875211999,0.0,0.0,G,0.0
M,M,N,Rural,G,N,15.065985482310431,12.572058607094025,0.0,0.0,G,0.18
M,M,N,Rural,G,N,15.944281999082634,12.572058607094025,0.0,0.0,G,0.0
M,F,N,Rural,G,I,13.79785664053674,5.955837369464831,0.0,12.02874460037869,G,0.27
M,M,N,Rural,G,N,13.305029874699468,6.687108607866515,0.0,16.993564429978885,G,0.05
M,M,N,Rural,B,N,13.175642498731726,12.848931289921824,0.0,0.0,G,0.0
M,M,N,Rural,G,N,15.508748847641739,8.677780256064185,0.0,0.0,G,0.0
U,M,N,Rural,G,N,13.178641626234896,7.057036981697891,0.0,0.0,G,0.0
M,M,N,Rural,G,N,15.271953921993553,12.572058607094025,0.0,0.0,G,0.0
M,M,N,Rural,G,N,14.804614109358234,8.426830751335846,10.802998284370267,0.0,G,0.08
M,M,N,Rural,G,N,13.196886263469368,10.67837599740519,0.0,0.0,G,0.03
M,M,N,Rural,G,N,13.854422569628,6.796823718274855,0.0,0.0,G,0.02
M,M,N,Rural,G,N,13.198716826586436,7.2991214627108,0.0,0.0,G,0.03
M,M,N,Rural,G,N,14.808986009660318,8.772765209949785,0.0,0.0,G,0.01
M,M,N,Rural,G,N,13.189562107047578,7.841885928984623,0.0,0.0,G,0.08
M,M,N,Rural,G,N,15.145749249938902,7.776954403322442,0.0,0.0,G,0.02
M,M,N,Rural,G,N,13.199426265205762,10.474664819686861,0.0,0.0,G,0.04893046607003059
M,M,N,Rural,G,N,13.199426265205762,7.691200097522863,0.0,0.0,G,0.01
M,M,N,Rural,G,N,13.669730744470776,0.0,0.0,0.0,G,0.02
M,M,N,Rural,G,N,13.891939976332575,7.6544432264701125,0.0,0.0,G,0.16549310325845923
M,M,N,Urban,G,N,13.63746106290614,8.677780256064185,0.0,0.0,G,0.0
M,M,Y,Rural,B,N,13.740060454786276,8.297543529356284,0.0,0.0,G,0.09
M,M,Y,Rural,G,N,13.21426046650829,7.2991214627108,0.0,0.0,G,0.0
M,M,Y,Rural,G,N,13.394755654399235,7.2991214627108,0.0,0.0,G,0.0
M,M,Y,Rural,G,N,14.167540430242473,7.2991214627108,0.0,0.0,G,0.17
M,M,N,Rural,G,N,13.667113792575956,7.2991214627108,0.0,0.0,G,0.01
M,M,N,Rural,G,N,14.595982024885938,10.891689559877268,0.0,0.0,G,0.0
M,M,N,Rural,G,N,14.595982024885938,10.891689559877268,0.0,0.0,G,0.0
M,M,N,Rural,G,N,13.902835302515827,10.891689559877268,0.0,0.0,G,0.0
M,F,N,Rural,G,N,15.289128976350888,12.68896782056714,0.0,0.0,G,0.0
M,F,N,Rural,G,N,15.512822158823942,12.68896782056714,0.0,0.0,G,0.0
M,M,N,Rural,G,N,13.546815093681099,9.942804414913079,0.0,0.0,G,0.31
M,M,N,Rural,G,N,14.134873693630933,7.691200097522863,0.0,13.213119567155143,G,0.02
M,M,N,Rural,G,N,13.286649943711243,8.426830751335846,0.0,0.0,G,0.17
M,M,N,Rural,G,N,13.179229415173225,8.426830751335846,0.0,0.0,G,0.0
M,M,N,Rural,G,N,13.201656881417955,0.0,0.0,0.0,G,0.027558969147397812
M,M,N,Rural,G,N,13.189487303500359,8.426830751335846,0.0,0.0,G,0.07
M,M,N,Rural,G,N,13.903293387308002,10.474664819686861,0.0,0.0,G,0.1
M,M,N,Rural,G,N,13.789386271017078,8.426830751335846,0.0,0.0,G,0.04
M,M,N,Rural,G,N,13.872718526131942,7.6544432264701125,0.0,13.245893422874374,G,0.01
M,M,N,Rural,G,N,13.209963914138601,6.796823718274855,0.0,0.0,G,0.03616373848668489
M,M,N,Rural,G,N,13.712885187273729,7.6544432264701125,0.0,0.0,G,0.01
M,M,N,Rural,G,N,13.210604997334688,11.533845115222732,0.0,0.0,G,0.06
M,M,N,Rural,G,N,15.289816025344582,12.37362314542045,0.0,0.0,G,0.0
M,M,N,Rural,G,N,13.90558066892067,10.891689559877268,0.0,0.0,G,0.01
M,M,N,Rural,G,N,13.903293387308002,8.953769294549454,0.0,0.0,G,0.01
M,M,N,Rural,G,N,13.611404635527203,10.980569722653874,0.0,12.84678377374018,G,0.0
M,M,N,Rural,G,N,13.20968903833492,8.651549243915316,0.0,0.0,G,0.0
M,M,N,Rural,G,N,13.20968903833492,8.426830751335846,0.0,0.0,G,0.0
M,M,N,Rural,G,N,13.20968903833492,8.426830751335846,0.0,0.0,G,0.0
M,M,N,Rural,G,N,13.3049998845962,8.426830751335846,0.0,0.0,G,0.01
M,M,N,Rural,G,N,14.274398890547602,10.980569722653874,0.0,0.0,G,0.24
M,F,N,Urban,G,I,13.29317393613735,10.330518438558853,0.0,11.491855034350937,G,0.03
M,F,N,Urban,G,I,13.281726733312649,10.330518438558853,0.0,11.557889270337816,G,0.02
M,F,N,Urban,G,I,13.32110111499744,10.330518438558853,0.0,11.540131988208413,G,0.03
M,F,N,Urban,G,I,14.10305362075466,9.931637595952473,0.0,12.101467400139496,G,0.03
M,F,N,Urban,G,I,14.607071279735512,13.218584051673648,0.0,11.391503315765052,G,0.02
M,F,N,Urban,G,I,14.1518077792712,13.218584051673648,0.0,11.017349636411113,G,0.02
M,F,N,Urban,G,I,14.150519581754379,13.218584051673648,0.0,11.046148624038919,G,0.02
M,F,N,Urban,G,I,14.143011962438226,13.218584051673648,0.0,11.22569662312727,G,0.02
M,F,N,Urban,G,I,14.262922148119548,13.218584051673648,0.0,11.582096987164858,G,0.02
M,F,N,Urban,G,I,13.899849868161041,3.828641396489095,10.486903568942912,10.515506019264599,G,0.0
M,F,N,Urban,G,I,13.897591801794974,3.828641396489095,10.140770667404057,10.579895409091776,G,0.0
M,F,N,Urban,G,I,14.061592989857482,3.828641396489095,10.14866653071095,10.8309753625035,G,0.0
M,F,N,Urban,G,I,14.02496159317616,13.218584051673648,9.8492953234527,0.0,G,0.04
M,F,N,Urban,G,I,14.023256979511737,13.218584051673648,9.633841842570446,0.0,G,0.0
M,F,N,Urban,G,I,14.10067145492234,13.218584051673648,9.06566136060674,0.0,G,0.0
M,M,N,Rural,G,N,14.286054666124963,13.857896448960696,9.06566136060674,0.0,G,0.0
M,M,N,Rural,G,N,13.753174409821902,13.857896448960696,9.09549053029724,0.0,G,0.03
M,M,N,Rural,G,N,13.712885187273729,13.857896448960696,9.857181799659617,0.0,G,0.08
M,M,N,Rural,G,N,13.998145399012925,13.857896448960696,10.269345206049513,0.0,G,0.01
M,M,N,Rural,G,N,13.54616075131107,13.857896448960696,9.817330356084954,0.0,G,0.06
M,M,N,Rural,G,N,13.20968903833492,13.857896448960696,9.817330356084954,0.0,G,0.0
M,M,N,Rural,G,N,15.424121528576215,13.857896448960696,9.817711775514724,15.145938288180314,G,0.03
M,M,N,Rural,G,N,13.998145399012925,13.857896448960696,9.95118187839879,0.0,G,0.0
M,M,N,Rural,G,N,14.490621560138104,13.857896448960696,9.561912317739012,0.0,G,0.02
M,M,N,Rural,G,N,15.113584447798171,13.857896448960696,9.561912317739012,0.0,G,0.04
M,M,N,Rural,G,N,14.246070149121572,13.857896448960696,9.728836502046393,0.0,G,0.0
M,M,N,Rural,G,N,13.902835302515827,13.857896448960696,9.6634521335517,0.0,G,0.0
M,M,N,Rural,G,N,13.902835302515827,13.857896448960696,9.6634521335517,0.0,G,0.0
M,M,N,Rural,G,N,13.20968903833492,13.857896448960696,9.743494841225237,0.0,G,0.0
M,M,N,Rural,G,N,13.902835302515827,13.857896448960696,0.0,0.0,G,0.0
M,M,N,Rural,G,N,13.902835302515827,13.857896448960696,0.0,0.0,G,0.0
M,M,N,Rural,G,N,14.308300105164125,13.857896448960696,0.0,0.0,G,0.03
M,M,N,Rural,G,N,14.308300105164125,13.857896448960696,0.0,0.0,G,0.03
M,M,N,Rural,G,N,13.902835302515827,13.857896448960696,0.0,0.0,G,0.0
M,M,N,Rural,G,N,13.20968903833492,13.857896448960696,0.0,0.0,G,0.0
M,M,N,Rural,G,N,13.902835302515827,13.857896448960696,0.0,0.0,G,0.0
M,M,N,Rural,G,N,13.902835302515827,13.857896448960696,0.0,0.0,G,0.0
M,M,N,Rural,G,N,13.902835302515827,13.857896448960696,0.0,0.0,G,0.0
M,M,N,Rural,G,N,13.20968903833492,13.857896448960696,0.0,0.0,G,0.0
M,M,N,Rural,G,N,14.308300105164125,13.857896448960696,0.0,0.0,G,0.03
M,M,N,Rural,G,N,13.20968903833492,13.857896448960696,0.0,0.0,G,0.0
M,M,N,Rural,G,N,13.902835302515827,13.857896448960696,0.0,0.0,G,0.0
M,M,N,Rural,G,N,13.902835302515827,13.857896448960696,0.0,0.0,G,0.0
M,M,N,Rural,G,N,13.902835302515827,13.857896448960696,0.0,0.0,G,0.0
M,M,N,Rural,G,N,13.902835302515827,13.857896448960696,0.0,0.0,G,0.0
M,M,N,Rural,G,N,13.812632420096218,13.857896448960696,0.0,0.0,G,0.01
M,M,N,Rural,G,N,14.372838588119206,13.857896448960696,0.0,0.0,G,0.0
M,F,N,Rural,G,N,16.62787248493652,15.39034211868535,0.0,15.357080894100662,G,0.07
M,F,N,Rural,G,N,16.206298634369602,15.39034211868535,0.0,13.80384376483222,G,0.13
M,F,N,Rural,G,N,13.850949127822094,9.982021430190235,0.0,15.582337785893293,G,0.07
M,F,N,Rural,G,N,14.657529365783791,14.236064586910357,0.0,12.337105293891872,G,0.05
M,F,N,Rural,G,N,14.877945604087055,14.236064586910357,0.0,12.502470376049185,G,0.02
M,F,N,Rural,G,N,15.188280626732293,14.236064586910357,0.0,13.003582093664077,G,0.08
M,F,N,Rural,G,N,15.73227256901537,15.39034211868535,0.0,13.351951716388157,G,0.23
M,F,N,Rural,G,N,15.735370469702247,15.39034211868535,0.0,13.351951716388157,G,0.23
M,F,N,Rural,G,N,15.906647318186034,15.39034211868535,0.0,14.252195870592105,G,0.13
M,F,N,Rural,G,N,15.735370616329737,15.39034211868535,0.0,13.351951716388157,G,0.23
M,F,N,Rural,G,N,15.735370616329737,15.39034211868535,0.0,13.351951716388157,G,0.23
M,F,N,Rural,G,N,15.73227256901537,15.39034211868535,0.0,13.351951716388157,G,0.23
M,F,N,Rural,G,N,15.732272716097802,15.39034211868535,0.0,13.351951716388157,G,0.23
M,F,N,Rural,G,N,15.73227256901537,15.39034211868535,0.0,13.351951716388157,G,0.23
M,F,N,Rural,G,N,15.929109897652562,14.236064586910357,0.0,13.571405082629038,G,0.01
M,F,N,Rural,G,N,14.935645888591042,14.236064586910357,0.0,12.578098164207184,G,0.0
M,F,N,Rural,G,N,15.5861161874196,9.982021430190235,0.0,13.203991289515606,G,0.01
M,F,N,Rural,G,N,15.396318722452206,14.236064586910357,0.0,13.29463628184505,G,0.02
M,F,N,Rural,G,N,15.67681770030395,15.39034211868535,0.0,13.316285717486736,G,0.37
M,F,N,Rural,G,N,13.51486887130466,14.236064586910357,0.0,11.44675361066998,G,0.05
M,F,N,Rural,G,N,15.555337054570064,9.982021430190235,0.0,13.215855541983634,G,0.02
M,F,N,Rural,G,N,16.45632249022077,15.39034211868535,0.0,14.203219623093155,G,0.09
M,M,N,Rural,G,N,13.737796553422337,8.961879012677683,0.0,0.0,G,0.01
M,M,N,Rural,G,N,13.688520012994477,8.961879012677683,0.0,0.0,G,0.0
M,M,N,Rural,G,N,13.803518945111897,8.961879012677683,0.0,0.0,G,0.15
M,M,N,Rural,G,N,14.579006224084406,8.961879012677683,0.0,0.0,G,0.0
M,M,N,Urban,G,N,13.893500699025013,8.53895468319775,0.0,0.0,G,0.0
M,M,N,Urban,G,N,13.536826547920436,8.53895468319775,0.0,0.0,G,0.02
M,M,N,Urban,G,N,13.670935551356031,8.53895468319775,0.0,0.0,G,0.01
M,F,N,Rural,G,N,16.899253754628525,14.236064586910357,0.0,0.0,G,0.01
M,F,N,Rural,G,N,16.899253754628525,8.574707097616844,0.0,0.0,G,0.0
M,F,N,Rural,G,N,16.993876881147912,15.39034211868535,0.0,0.0,G,0.03
M,M,N,Rural,G,N,16.205694447050227,10.785207543360087,0.0,0.0,G,0.0
M,F,N,Rural,G,N,16.20541957076802,5.62040086571715,0.0,0.0,G,0.0
M,F,N,Rural,G,N,17.59171386315939,5.62040086571715,0.0,0.0,G,0.06
M,M,N,Rural,G,N,14.595982024885938,8.961879012677683,0.0,0.0,G,0.01
M,F,N,Rural,G,N,16.898566705508955,8.16223106548118,0.0,0.0,G,0.0
M,F,N,Rural,G,N,16.610884648330178,5.62040086571715,0.0,0.0,G,0.0
M,F,N,Rural,G,N,16.20541957076802,15.39034211868535,0.0,0.0,G,0.02
M,F,N,Rural,G,N,15.001446980264111,7.803435056952168,0.0,0.0,G,0.0
M,F,N,Rural,G,N,15.515017850260815,8.16223106548118,0.0,0.0,G,0.0
M,F,N,Rural,G,N,15.515017850260815,5.62040086571715,0.0,0.0,G,0.01
M,F,N,Rural,G,N,14.5973556508466,7.803435056952168,0.0,0.0,G,0.0
M,F,N,Rural,G,N,17.815132286194057,5.62040086571715,0.0,0.0,G,0.0
M,M,N,Rural,G,N,15.289128976350888,8.961879012677683,0.0,0.0,G,0.0
M,M,N,Rural,G,N,13.90558066892067,8.961879012677683,0.0,0.0,G,0.0
M,M,N,Rural,G,N,15.512272481846091,11.962190529066563,0.0,0.0,G,0.02
M,M,N,Rural,G,N,15.512272481846091,11.962190529066563,0.0,0.0,G,0.02
M,M,N,Rural,G,N,15.962260336263572,6.504288173536645,0.0,15.28316737089679,G,0.02
M,F,N,Rural,G,N,17.016349736074336,15.39034211868535,0.0,0.0,G,0.03
M,F,N,Rural,G,N,16.82599601612286,15.39034211868535,0.0,0.0,G,0.02
M,M,N,Rural,G,N,14.955402976192753,6.504288173536645,0.0,0.0,G,0.0
M,M,N,Rural,G,N,14.595982024885938,6.504288173536645,0.0,0.0,G,0.01
M,M,N,Rural,G,N,15.001446980264111,11.962190529066563,0.0,0.0,G,0.0
M,M,N,Rural,G,N,15.001446980264111,11.962190529066563,0.0,0.0,G,0.0
M,M,N,Rural,G,N,14.308300105164125,6.504288173536645,0.0,0.0,G,0.0
M,M,N,Rural,G,N,15.001446980264111,6.504288173536645,0.0,0.0,G,0.04
M,M,N,Rural,G,N,14.595982024885938,11.962190529066563,0.0,0.0,G,0.04
M,F,N,Rural,G,N,17.161459500622723,15.39034211868535,0.0,0.0,G,0.02
M,M,N,Rural,G,N,14.98928875896999,6.504288173536645,0.0,0.0,G,0.01
M,M,N,Rural,G,N,14.5973556508466,11.962190529066563,0.0,0.0,G,0.18
M,M,N,Rural,G,I,13.58070552511326,8.178919332848396,0.0,12.0854687600152,G,0.2
M,M,N,Rural,G,I,13.179342775221865,12.161896072363989,0.0,11.328822322093844,G,0.34
M,F,N,Rural,G,N,13.902835302515827,7.522400231387125,0.0,0.0,G,0.0
M,F,N,Rural,G,N,13.679691980296456,7.522400231387125,0.0,0.0,G,0.0
M,F,N,Rural,G,N,13.546815093681099,7.522400231387125,0.0,0.0,G,0.07
M,F,N,Rural,B,I,16.398729316649327,15.39034211868535,0.0,15.177849515938123,G,0.03
M,F,N,Rural,G,I,17.478460093715658,15.39034211868535,0.0,16.158580084511282,G,0.0
M,F,N,Rural,B,I,16.495874610314367,15.39034211868535,0.0,14.828782073406876,G,0.03
M,F,N,Rural,B,I,16.18823952645261,15.39034211868535,0.0,14.45387256514355,G,0.03
M,F,N,Rural,B,I,17.196626007328238,15.39034211868535,0.0,15.570856875813178,G,0.06
M,M,N,Rural,G,I,15.066933772246772,13.048443387580821,0.0,13.959340735576255,G,0.03
M,M,N,Rural,G,I,15.117588722843564,13.048443387580821,0.0,14.01687628456359,G,0.03
M,F,N,Rural,B,I,16.855420278207067,15.39034211868535,0.0,14.898889404691793,G,0.04
M,F,N,Rural,G,I,16.04314848062244,15.39034211868535,0.0,14.123911014749325,G,0.06
M,M,N,Rural,G,I,15.963652378329963,13.048443387580821,10.247892527339829,14.68306514420997,G,0.12
M,F,N,Rural,G,I,16.878403365299345,15.39034211868535,9.777924329560783,14.716752218471843,G,0.02
M,M,N,Rural,G,I,17.630725680590672,10.785207543360087,0.0,15.344493661155983,G,0.1
M,F,N,Rural,G,I,15.647971694473553,15.39034211868535,0.0,13.202755562465066,G,0.12
M,F,N,Rural,G,I,16.727075751133793,15.39034211868535,0.0,14.251149812931228,G,0.03
M,F,N,Rural,B,I,19.089531553657814,15.39034211868535,10.126471091048971,17.179377066267133,G,0.07
M,M,N,Rural,G,I,17.718382176898196,10.785207543360087,12.229911235010016,15.5121318992529,G,0.4
M,M,N,Rural,G,I,14.401230644519128,13.048443387580821,12.897976553547004,12.776255264483932,G,0.18
M,F,N,Rural,B,I,16.353391858700697,15.39034211868535,12.840440687820879,0.0,G,0.05
M,M,N,Rural,G,I,15.54749578328542,10.785207543360087,12.530230079565387,14.793343325995725,G,0.35
M,M,N,Rural,G,I,16.943861495232454,13.048443387580821,12.965426486359634,14.58733582321551,G,0.14
M,M,N,Rural,G,I,17.419313135462843,13.048443387580821,14.017184477301754,14.631908023720033,G,0.1
M,M,N,Rural,G,I,16.060621504927266,10.785207543360087,12.977353790194194,13.105296564353239,G,0.13
M,F,N,Rural,G,I,17.052441209104117,15.39034211868535,12.6593337730159,0.0,G,0.03
M,F,N,Rural,G,I,16.70345075088988,15.39034211868535,13.684676096777201,0.0,G,0.02
M,F,N,Rural,G,I,15.89670131886774,15.39034211868535,11.479978629821447,0.0,G,0.01
M,F,N,Rural,G,I,15.340146070004291,15.39034211868535,11.532345666209707,0.0,G,0.01
M,F,N,Rural,G,I,15.615023392026572,15.39034211868535,13.296062870807184,0.0,G,0.0
M,F,N,Rural,G,I,16.2992374287533,15.39034211868535,12.481668219646794,0.0,G,0.01
M,F,N,Rural,G,I,16.124470587800165,15.39034211868535,12.336425241128671,0.0,G,0.01
M,F,N,Rural,G,I,16.016524391437326,15.39034211868535,13.295788814136266,0.0,G,0.02
M,F,N,Rural,G,I,16.643907261787348,15.39034211868535,13.854995659240858,0.0,G,0.03
O,M,N,Urban,G,I,13.175780913990996,11.96703469483812,12.032320268218989,10.494685060560329,G,0.01
M,M,N,Urban,G,I,14.579924822029518,6.280395838960195,13.10878764270924,11.155035497474952,G,0.02
M,M,N,Semi-Urban,G,I,16.245531151327977,7.596392304064196,15.711379410510395,12.551437369385376,G,0.09
M,M,N,Urban,G,I,14.050672004217486,5.996452088619021,13.95038841869363,10.687160759795445,G,0.01
M,M,N,Urban,G,I,13.598806230278965,10.15085531407452,10.708489117870215,0.0,G,0.0
M,F,N,Urban,G,N,16.05742898450802,15.39034211868535,12.640604525467657,13.797754854289806,G,0.05
U,F,N,Rural,G,N,13.3238353880913,6.849066282633458,12.055505537034268,0.0,G,0.09
U,M,N,Rural,G,N,13.862013346178049,7.3343293503005365,13.342948458623333,0.0,G,0.09
M,M,N,Rural,G,N,14.31921971967518,7.198183577101943,13.787528691705358,0.0,G,0.02
M,M,N,Rural,G,N,13.557388582251582,7.459338895220296,12.23887859725535,13.191518102458952,G,0.07
M,M,N,Rural,G,N,13.54616075131107,7.459338895220296,13.33755217337939,0.0,G,0.03555784849987617
M,M,N,Rural,G,N,13.3049998845962,7.459338895220296,12.988559947781097,0.0,G,0.02
M,M,N,Rural,G,N,13.20968903833492,7.459338895220296,12.181810690193654,0.0,G,0.07
M,M,N,Urban,G,I,13.479054121218242,7.864419904994565,11.636549188331564,10.833799525772537,G,0.02
M,M,N,Rural,G,I,13.532344937637221,6.502790045915623,11.911419665997558,11.447276994733667,G,0.03
M,M,N,Rural,G,I,13.310216274755822,11.210549294438875,12.60465075930843,11.162885602967474,G,0.18
M,M,N,Rural,G,N,13.870233564160603,8.785998208098329,12.424902907973937,0.0,G,0.02615553704474987
M,M,N,Rural,G,N,14.564416896083767,6.752270376141742,12.32482854113815,0.0,G,0.03
M,M,N,Rural,G,N,14.564416896083767,6.752270376141742,12.952208307835338,0.0,G,0.03
M,M,N,Rural,G,N,13.871269715523821,6.752270376141742,10.230702789323235,0.0,G,0.07888959433268729
M,M,N,Rural,G,N,13.648644546523322,7.762596048540069,9.943044747534582,0.0,G,0.03
M,M,N,Rural,G,N,13.381772510538372,7.762596048540069,9.132054453577638,11.241379174427852,G,0.1
M,M,N,Rural,G,N,14.971849154745406,7.459338895220296,10.50843173731979,0.0,G,0.01
M,M,N,Rural,G,N,14.566384046637243,7.459338895220296,10.503916192092866,0.0,G,0.02
M,M,N,Rural,G,N,13.659770949792033,9.951658477397421,11.788593152874848,0.0,G,0.02
M,M,N,Rural,G,N,13.659770949792033,9.951658477397421,10.182217171089883,0.0,G,0.0
M,M,N,Rural,G,N,13.77755320643352,9.951658477397421,10.160800619620435,0.0,G,0.0
M,M,N,Rural,G,N,13.89422099394248,8.220133957151859,0.0,0.0,G,0.018301754462885955
M,M,N,Rural,G,N,13.89422099394248,8.220133957151859,0.0,0.0,G,0.018301754462885955
M,M,N,Rural,G,N,13.894683040948271,8.220133957151859,0.0,0.0,G,0.008889594332687295
U,M,N,Rural,G,I,13.155310607193032,5.652489180268651,0.0,12.478021598992955,G,0.2
M,M,N,Rural,G,I,13.155310607193032,7.693481640835175,0.0,12.478021598992955,G,0.28
M,M,N,Rural,G,I,13.58006919762477,7.01571242048723,0.0,12.053969867320216,G,0.2
U,M,N,Rural,G,I,13.237477967034438,11.785141045488094,0.0,11.736077016252437,G,0.07
M,M,N,Rural,G,I,13.274627707764035,7.247792581767846,0.0,10.637488727104339,G,0.31
M,M,N,Rural,G,I,13.487030101824612,8.278428259199071,0.0,10.531696131937162,G,0.32
M,M,N,Rural,G,I,13.803720325529799,11.329146847178274,9.982575958855092,9.98612688605693,G,0.13
M,M,Y,Rural,B,N,13.239036463961721,6.306275286948016,10.48718252453499,0.0,G,0.06
M,M,Y,Rural,B,N,13.239036463961721,6.306275286948016,10.199584123588927,0.0,G,0.01
M,M,Y,Rural,B,N,13.239570247108984,6.306275286948016,0.0,0.0,G,0.07
M,M,N,Rural,G,N,13.168867120179547,7.762596048540069,0.0,0.0,G,0.0
M,M,N,Rural,G,N,13.209963914138601,7.475905969367397,0.0,0.0,G,0.1
M,M,N,Rural,G,N,13.560346013202013,8.785998208098329,0.0,0.0,G,0.01
M,M,N,Rural,G,N,13.667113792575956,8.785998208098329,0.0,0.0,G,0.0
M,M,N,Rural,G,N,13.210604997334688,8.785998208098329,0.0,0.0,G,0.11
M,M,N,Rural,G,N,13.400611590608518,10.72899982085141,0.0,0.0,G,0.22
U,M,N,Rural,G,N,13.797474888677936,11.767381619523382,0.0,0.0,G,0.1
U,M,N,Rural,G,N,13.3049998845962,11.767381619523382,0.0,0.0,G,0.0
U,M,N,Rural,G,N,13.440801108394862,11.767381619523382,0.0,0.0,G,0.0
M,M,N,Urban,G,I,13.141381383240091,7.826044013518965,0.0,10.873375921759074,G,0.02
M,M,N,Urban,G,I,13.128385209722824,7.315883504509785,0.0,10.651383301144275,G,0.04
M,M,N,Urban,G,I,13.2022571509108,6.220590170099739,0.0,10.099054336080103,G,0.03
M,M,N,Urban,G,I,13.128385209722824,6.90975328164481,0.0,10.647826772357497,G,0.03
M,M,N,Urban,G,I,13.2022571509108,6.910750787961936,10.446334962324856,10.243560441877241,G,0.0
M,M,N,Urban,G,I,13.231483217937278,6.218600119691729,10.446334962324856,9.680406499268875,G,0.08
M,M,N,Urban,G,I,13.231483217937278,6.218600119691729,10.247892527339829,9.390659926099465,G,0.04
M,F,N,Urban,G,I,13.259368479707303,8.056109659545061,10.292179440058462,0.0,G,0.1
M,M,N,Urban,G,I,14.368526327904073,14.056784751350765,9.777924329560783,13.35495178530646,G,0.0
M,M,N,Semi-Urban,G,N,13.611138465219565,7.415776975415394,9.960245886354738,0.0,G,0.15
M,M,N,Semi-Urban,G,N,14.58664741709808,12.299030059750901,10.247892527339829,0.0,G,0.13
M,M,N,Semi-Urban,G,N,14.58664741709808,12.299030059750901,0.0,0.0,G,0.08
M,M,N,Semi-Urban,G,N,14.58664741709808,12.299030059750901,0.0,0.0,G,0.08
M,M,N,Semi-Urban,G,N,14.588033916423823,12.299030059750901,0.0,0.0,G,0.08
M,M,N,Rural,G,N,14.595982024885938,7.659171367666058,0.0,0.0,G,0.01
M,M,N,Rural,G,N,13.902835302515827,7.659171367666058,0.0,0.0,G,0.19
M,M,N,Rural,G,N,15.246688892586223,10.111964066806934,0.0,14.138590661807209,G,0.02
M,M,N,Rural,G,N,13.902835302515827,10.111964066806934,0.0,0.0,G,0.0
M,M,N,Rural,G,N,14.691292163036632,10.111964066806934,0.0,0.0,G,0.12
M,M,N,Rural,G,N,15.211167453456447,10.111964066806934,0.0,0.0,G,0.06
M,M,N,Rural,G,N,15.001446980264111,10.111964066806934,0.0,0.0,G,0.0
M,M,N,Rural,G,N,13.20968903833492,10.111964066806934,0.0,0.0,G,0.14
M,M,N,Rural,G,N,15.774636704019114,10.111964066806934,0.0,0.0,G,0.04
M,M,N,Rural,G,N,15.034236793233553,10.111964066806934,9.675959402904095,0.0,G,0.01
M,M,N,Rural,G,N,14.691292163036632,10.111964066806934,10.037581287016828,0.0,G,0.01
M,M,N,Rural,G,N,14.807053093281933,10.111964066806934,9.675896626294639,0.0,G,0.01
M,M,N,Rural,G,N,14.490621560138104,10.111964066806934,10.037581287016828,0.0,G,0.03
M,M,N,Rural,G,N,15.001446980264111,7.659171367666058,9.675896626294639,0.0,G,0.0
M,M,N,Rural,G,N,14.341090203886354,10.111964066806934,9.676022175572895,0.0,G,0.0
M,M,N,Rural,G,N,14.668302867610407,10.111964066806934,9.676022175572895,0.0,G,0.01
M,M,N,Rural,G,N,14.668302867610407,10.111964066806934,9.675896626294639,0.0,G,0.01
M,M,N,Rural,G,N,13.54616075131107,7.547501682814967,10.474071540672949,0.0,G,0.03
M,M,N,Rural,G,N,14.815117648648737,10.111964066806934,0.0,0.0,G,0.05
M,M,N,Rural,G,N,14.055556063097837,10.111964066806934,0.0,0.0,G,0.01
M,M,N,Rural,G,N,14.033863452384397,10.111964066806934,0.0,0.0,G,0.04
M,M,N,Rural,G,N,14.774128327213282,10.111964066806934,0.0,0.0,G,0.1
M,M,N,Rural,G,N,14.644772167236802,10.111964066806934,0.0,0.0,G,0.15
M,M,N,Rural,G,N,14.308300105164125,10.111964066806934,0.0,0.0,G,0.0
M,M,N,Rural,G,N,13.998145399012925,10.111964066806934,0.0,0.0,G,0.0
M,M,N,Rural,G,N,13.615154146443084,7.547501682814967,0.0,0.0,G,0.06
M,M,N,Rural,G,N,13.3049998845962,10.111964066806934,0.0,0.0,G,0.21
M,M,N,Rural,G,N,13.659489296355957,10.111964066806934,0.0,0.0,G,0.01
M,M,N,Rural,G,N,15.050237275344966,10.111964066806934,0.0,0.0,G,0.02
M,M,N,Rural,G,N,13.998145399012925,10.111964066806934,0.0,0.0,G,0.0
M,M,N,Rural,G,N,14.372838588119206,10.111964066806934,0.0,0.0,G,0.0
M,M,N,Rural,G,N,14.165199355511113,10.111964066806934,0.0,0.0,G,0.0
M,M,N,Rural,G,N,14.08515670657986,10.111964066806934,0.0,0.0,G,0.05
M,M,N,Rural,G,N,14.08515670657986,10.111964066806934,0.0,0.0,G,0.05
M,M,N,Rural,G,N,15.450397089826474,10.111964066806934,0.0,0.0,G,0.28
M,M,N,Rural,G,N,14.165199355511113,10.111964066806934,0.0,0.0,G,0.0
M,M,N,Rural,G,N,13.902835302515827,10.111964066806934,0.0,0.0,G,0.0
M,M,N,Rural,G,N,13.90558066892067,7.659171367666058,0.0,0.0,G,0.06
M,M,N,Rural,G,N,13.740317073778568,10.111964066806934,0.0,0.0,G,0.0
M,M,N,Rural,G,N,13.951625859419236,10.111964066806934,0.0,0.0,G,0.23
M,M,N,Rural,G,N,13.20968903833492,12.051784456248924,0.0,0.0,G,0.14
M,M,N,Rural,G,N,13.723708816386594,12.051784456248924,0.0,0.0,G,0.02
M,M,N,Rural,G,N,13.670587670794596,10.111964066806934,0.0,0.0,G,0.01
M,M,N,Rural,G,N,14.044985225400724,8.709795057617749,0.0,0.0,G,0.0
M,M,N,Rural,G,N,13.667113792575956,10.111964066806934,0.0,0.0,G,0.01
M,M,N,Rural,G,N,13.845070331079134,10.111964066806934,0.0,0.0,G,0.05
M,M,N,Rural,G,N,14.562909626952992,10.111964066806934,0.0,0.0,G,0.15
M,M,N,Rural,G,N,15.21878518490965,10.111964066806934,0.0,0.0,G,0.06
M,M,N,Rural,G,N,13.902835302515827,10.111964066806934,0.0,0.0,G,0.0
M,M,N,Rural,G,N,13.314049284817706,10.111964066806934,0.0,0.0,G,0.2
M,M,N,Rural,G,N,13.902835302515827,10.111964066806934,0.0,0.0,G,0.0
M,M,N,Rural,G,N,14.08515670657986,8.709795057617749,0.0,0.0,G,0.0
M,M,N,Rural,G,N,14.786004586060615,8.709795057617749,0.0,0.0,G,0.17
M,M,N,Rural,G,N,14.563794860930313,12.051784456248924,0.0,0.0,G,0.36
M,M,N,Rural,G,N,14.788803358123715,12.512902719292585,0.0,0.0,G,0.01
U,M,N,Rural,G,N,14.570616528765553,9.666942095531727,0.0,0.0,G,0.14
M,M,N,Rural,G,N,14.798384219747522,7.547501682814967,0.0,0.0,G,0.1
M,M,N,Rural,G,N,14.28755897021559,8.794824928014517,0.0,0.0,G,0.01
M,M,N,Rural,G,N,14.988264484886063,12.734934631782263,0.0,0.0,G,0.0
M,M,N,Rural,G,N,13.384205967361792,12.215805130874553,0.0,0.0,G,0.09
M,M,N,Rural,G,N,14.997481895316954,7.659171367666058,0.0,0.0,G,0.0
M,M,N,Rural,G,N,14.7678033671979,7.466227556215481,0.0,0.0,B,0.59
M,M,N,Rural,G,N,14.568341211716842,12.299030059750901,0.0,0.0,G,0.42
M,F,N,Rural,G,N,14.755721701919692,7.745002803515839,0.0,0.0,G,0.0
M,F,N,Rural,G,N,13.208542908506082,7.745002803515839,0.0,0.0,G,0.32
M,M,N,Rural,G,I,13.391498513849532,12.734934631782263,0.0,11.886803582118581,G,0.14
M,M,N,Rural,G,I,13.201144982529906,7.612336837167746,0.0,10.637488727104339,G,0.34
M,M,N,Rural,G,I,13.200869520551622,7.3752557780097545,0.0,10.72364176327999,G,0.36
M,M,N,Rural,G,I,13.28787951079572,8.412943170042439,0.0,0.0,G,0.33
M,M,N,Rural,G,N,13.20968903833492,7.197435354096591,0.0,0.0,G,0.0
M,M,N,Rural,G,N,13.392010289669289,7.197435354096591,0.0,0.0,G,0.14
M,M,N,Rural,G,N,13.20968903833492,7.197435354096591,0.0,0.0,G,0.0
M,M,N,Rural,G,N,13.502358871134401,7.346010209913293,0.0,0.0,G,0.17235571484651857
M,M,N,Rural,G,N,13.601730531703014,13.977309628425694,0.0,0.0,G,0.35
M,M,N,Rural,G,N,13.202798008265939,8.794824928014517,0.0,0.0,G,0.04
M,M,N,Rural,G,N,13.694580575862018,13.977309628425694,0.0,0.0,B,0.55
M,M,N,Rural,G,N,13.792740271520486,8.794824928014517,0.0,0.0,G,0.2
U,M,N,Rural,G,N,13.679691980296456,9.666942095531727,0.0,0.0,G,0.02
U,M,N,Rural,G,N,13.3049998845962,9.666942095531727,0.0,0.0,G,0.0
M,M,N,Rural,G,N,14.933435484622363,8.07215530818825,0.0,0.0,G,0.0
M,M,N,Rural,G,N,13.797474888677936,10.628375618880137,0.0,0.0,G,0.15
U,M,N,Rural,G,N,13.12630758876605,9.666942095531727,0.0,0.0,G,0.27
M,F,N,Semi-Urban,G,I,14.011735841754627,7.454141078146678,0.0,0.0,G,0.27
M,M,N,Semi-Urban,G,I,13.244094165975476,6.999422467507961,0.0,10.989453546169914,G,0.16
M,M,N,Semi-Urban,G,I,13.255746759075771,6.999422467507961,0.0,10.873072575468,G,0.15
M,M,N,Semi-Urban,G,I,13.154478133711507,6.429719478039138,0.0,12.758381804949824,G,0.1
M,M,N,Semi-Urban,G,I,13.649814823053495,6.429719478039138,0.0,10.70101727068921,G,0.09
M,M,N,Semi-Urban,G,I,13.591719296931405,0.0,0.0,10.454062595819401,G,0.08
M,M,N,Semi-Urban,G,I,13.599852669038317,0.0,10.446334962324856,10.250122261580445,G,0.01
M,M,N,Semi-Urban,G,I,13.604757427368012,0.0,10.109851103810321,10.112167001239515,G,0.0
M,M,N,Semi-Urban,G,I,13.556535144848105,6.429719478039138,10.109851103810321,9.767553275295295,G,0.01
M,M,N,Semi-Urban,G,I,13.567064583162818,6.429719478039138,10.109851103810321,9.20673387638207,G,0.0
M,M,N,Semi-Urban,G,I,13.93871177760474,0.0,0.0,9.791997176502765,G,0.06
M,F,N,Semi-Urban,G,I,13.927924539342877,11.939590915925391,0.0,0.0,G,0.2
M,F,N,Semi-Urban,G,I,13.923468597135031,11.939590915925391,0.0,0.0,G,0.2
M,F,N,Semi-Urban,G,I,13.592368256649284,11.939590915925391,0.0,0.0,G,0.18
U,M,N,Semi-Urban,G,N,14.199844636840973,7.729295674310482,0.0,0.0,G,0.06
M,M,N,Semi-Urban,G,N,13.992261628367835,10.627066940216276,0.0,14.524859773814784,G,0.05
M,M,N,Semi-Urban,G,N,15.279794366414505,10.627066940216276,0.0,0.0,G,0.04
M,M,N,Semi-Urban,G,N,14.993036917635099,10.627066940216276,0.0,0.0,G,0.0872741441539976
M,M,N,Semi-Urban,G,N,14.992112371043904,10.627066940216276,0.0,0.0,G,0.0872741441539976
M,F,N,Rural,G,N,14.308300105164125,16.817340602267823,0.0,0.0,G,0.0
M,F,N,Rural,G,N,13.20968903833492,16.817340602267823,0.0,0.0,G,0.05
M,F,N,Rural,G,N,13.20968903833492,16.817340602267823,0.0,0.0,G,0.05
M,F,N,Rural,G,N,13.392010289669289,16.817340602267823,0.0,0.0,G,0.0
M,F,N,Rural,G,N,13.740317073778568,16.817340602267823,9.695786647402777,0.0,G,0.0
M,F,N,Rural,G,N,14.092628526242573,16.817340602267823,9.34215779659637,0.0,G,0.0
M,F,N,Rural,G,N,13.740317073778568,16.817340602267823,9.127502093667179,0.0,G,0.0
M,F,N,Rural,G,N,13.646652756672772,16.817340602267823,8.783855896643942,0.0,G,0.0
M,F,N,Rural,G,N,13.601730531703014,16.817340602267823,8.781555458546402,0.0,G,0.01
M,F,N,Rural,G,N,14.08515670657986,16.817340602267823,8.780018887869153,0.0,G,0.0
M,F,N,Rural,G,N,14.193263198305901,16.817340602267823,9.002824076547672,0.0,G,0.0
M,F,N,Rural,G,N,14.08515670657986,16.817340602267823,9.002824076547672,0.0,G,0.0
M,F,N,Rural,G,N,15.23783569402097,16.817340602267823,9.321165927065067,0.0,G,0.0
M,F,N,Rural,G,N,14.042597523789043,16.817340602267823,9.350884616968491,0.0,G,0.0
M,F,N,Rural,G,N,14.698989626776942,16.817340602267823,9.290352309945568,0.0,G,0.0
M,F,N,Rural,G,N,14.7783035053149,16.817340602267823,9.290352309945568,0.0,G,0.02
M,F,N,Rural,G,N,14.7783035053149,16.817340602267823,9.290167671835738,0.0,G,0.02
M,F,N,Rural,G,N,14.787841300721102,16.817340602267823,9.22601685136119,0.0,G,0.0
M,M,N,Rural,G,N,13.621715835392406,0.0,9.2259184019395,0.0,G,0.01
M,M,N,Rural,G,N,14.213548821880195,0.0,9.608915129379593,0.0,G,0.02
M,F,N,Rural,G,N,15.691923779946531,16.817340602267823,9.608847999516849,0.0,G,0.0
M,M,N,Rural,G,N,13.821269940832604,0.0,9.608847999516849,0.0,G,0.0
M,M,N,Rural,G,N,14.081817807868358,0.0,9.290352309945568,0.0,G,0.02
M,M,N,Rural,G,N,13.898827284798527,0.0,10.473986757787737,0.0,G,0.0
M,M,N,Rural,G,N,13.944936660404577,0.0,0.0,0.0,G,0.0
M,M,N,Rural,G,N,13.211686580064528,0.0,0.0,0.0,G,0.057962683519250824
M,F,N,Rural,G,N,14.595982024885938,16.817340602267823,0.0,0.0,G,0.0
M,F,N,Rural,G,N,14.08515670657986,16.817340602267823,0.0,0.0,G,0.0
M,F,N,Rural,G,N,14.490621560138104,16.817340602267823,0.0,0.0,G,0.0
M,M,N,Rural,G,N,13.77386530799556,0.0,0.0,0.0,G,0.0
M,M,N,Rural,G,N,13.201152376436587,0.0,0.0,0.0,G,0.027558969147397812
M,M,N,Rural,G,N,13.20968903833492,0.0,0.0,0.0,G,0.3280548463671169
M,M,N,Rural,G,N,14.595982024885938,0.0,0.0,0.0,G,0.0
M,M,N,Rural,G,N,13.902835302515827,0.0,0.0,0.0,G,0.0
M,M,N,Rural,G,N,13.902835302515827,0.0,0.0,0.0,G,0.0
M,F,N,Rural,G,N,14.669580720174451,16.817340602267823,0.0,0.0,G,0.0
M,M,N,Rural,G,N,13.90558066892067,0.0,0.0,0.0,G,0.0
M,M,N,Rural,G,N,13.54616075131107,0.0,0.0,0.0,G,0.0
M,M,N,Rural,G,N,13.20968903833492,0.0,0.0,0.0,G,0.3280548463671169
M,M,N,Rural,G,N,14.463307276789694,0.0,0.0,0.0,G,0.01
M,M,N,Rural,G,N,13.899730375508318,0.0,0.0,0.0,G,0.01
M,M,N,Rural,G,N,14.593879932546825,0.0,0.0,0.0,G,0.0
M,M,N,Rural,G,N,14.084323217539813,0.0,0.0,0.0,G,0.03
M,F,N,Rural,G,N,14.595982024885938,16.817340602267823,0.0,0.0,G,0.0
M,F,N,Rural,G,N,14.595982024885938,16.817340602267823,0.0,0.0,G,0.0
M,F,N,Rural,G,N,14.595982024885938,16.817340602267823,0.0,0.0,G,0.0
M,F,N,Rural,G,N,14.595982024885938,16.817340602267823,0.0,0.0,G,0.0
M,F,N,Rural,G,N,14.595982024885938,16.817340602267823,0.0,0.0,G,0.0
M,F,N,Rural,G,N,14.595982024885938,16.817340602267823,0.0,0.0,G,0.0
M,F,N,Rural,G,N,14.595982024885938,16.817340602267823,0.0,0.0,G,0.0
M,F,N,Rural,G,N,14.595982024885938,16.817340602267823,0.0,0.0,G,0.0
M,F,N,Rural,G,N,14.595982024885938,16.817340602267823,0.0,0.0,G,0.0
M,F,N,Rural,G,N,14.595982024885938,16.817340602267823,0.0,0.0,G,0.0
M,F,N,Rural,G,N,16.169539623993273,16.817340602267823,0.0,0.0,G,0.0
M,M,N,Rural,G,N,13.514205445177685,7.260522598089852,0.0,0.0,G,0.008889594332687295
M,M,N,Rural,G,N,13.650138149399975,12.738742927873627,0.0,0.0,G,0.15689073722420283
M,M,N,Rural,G,N,13.180269955743851,11.50627338888985,0.0,0.0,G,0.01
M,M,N,Rural,G,N,13.181405571371386,7.471932078245122,0.0,0.0,G,0.0
M,M,N,Rural,G,N,13.181791990169343,11.50627338888985,0.0,0.0,G,0.04
M,M,N,Rural,G,N,14.06200650710896,12.54688189228334,0.0,0.0,G,0.03
M,M,N,Rural,G,N,13.523185724557807,8.432506383249043,0.0,0.0,G,0.0
M,M,N,Rural,G,N,15.385843334565777,9.06554578707295,0.0,0.0,G,0.03
U,M,N,Rural,G,N,14.983265751308238,8.216088098632316,0.0,0.0,G,0.0
U,M,N,Rural,G,N,13.191508770592588,7.70796153183549,0.0,0.0,G,0.0
M,M,N,Rural,G,N,14.57790297816365,0.0,0.0,0.0,G,0.0
M,M,N,Rural,G,N,13.67134568690869,11.94388286583933,0.0,0.0,G,0.0
M,M,N,Rural,G,N,13.894476994357913,6.951772164398911,0.0,0.0,G,0.01
M,M,N,Rural,G,N,14.302760854743811,7.458186157340487,0.0,0.0,G,0.0
M,F,N,Urban,G,N,13.628967704019075,8.826294231241318,0.0,0.0,G,0.03
M,M,N,Urban,G,N,14.243772499067864,10.597084631876438,0.0,7.992268643270745,G,0.0
M,M,N,Urban,G,N,14.048789769491759,4.442651256490317,0.0,0.0,G,0.0
M,M,Y,Rural,G,N,13.400905305713037,5.236441962829949,0.0,0.0,G,0.13666825416718886
M,M,Y,Rural,G,N,13.22762568824022,5.236441962829949,0.0,0.0,G,0.2866682541671889
M,M,Y,Rural,G,N,13.218584051673648,5.236441962829949,0.0,0.0,G,0.3366682541671889
M,M,Y,Rural,G,N,13.218584051673648,5.236441962829949,0.0,0.0,G,0.3366682541671889
M,M,Y,Rural,G,N,13.313895717726338,5.236441962829949,0.0,0.0,G,0.20666825416718887
M,M,N,Rural,G,N,14.007680130146325,7.4949862339505335,0.0,12.887374951722196,G,0.03
M,M,N,Rural,G,N,13.235693848424024,7.4949862339505335,0.0,0.0,G,0.48
M,M,N,Rural,G,N,13.20968903833492,7.4949862339505335,0.0,0.0,G,0.19
M,M,N,Rural,G,N,13.680264553375284,12.738742927873627,0.0,0.0,G,0.24121227015230812
M,M,N,Rural,G,N,13.679691980296456,10.272530694010324,0.0,0.0,G,0.0
M,M,N,Rural,G,N,14.087445035352388,10.272530694010324,0.0,0.0,G,0.04
M,M,N,Rural,G,N,14.290279689146713,10.023046787593767,0.0,7.313886831633462,G,0.05
M,M,N,Rural,G,N,14.047832657235322,8.43663368355782,0.0,12.778539785664739,G,0.0
M,M,N,Rural,G,N,13.302601097852005,6.951772164398911,0.0,13.077665129913129,G,0.0
M,M,N,Rural,G,N,13.54616075131107,7.6128310304073565,0.0,0.0,B,0.5786412667623593
M,M,N,Rural,G,N,13.392010289669289,7.458186157340487,0.0,0.0,G,0.08
M,M,N,Rural,G,N,13.209963914138601,7.447751280047908,0.0,0.0,G,0.1
M,M,N,Rural,G,N,13.290347644698077,8.43663368355782,0.0,0.0,G,0.14
M,M,N,Rural,G,N,14.492147694720902,8.43663368355782,0.0,0.0,G,0.0
M,M,N,Rural,G,N,13.20968903833492,12.738742927873627,0.0,0.0,G,0.01
M,M,N,Urban,G,I,13.141381383240091,6.687108607866515,0.0,10.802876246334927,G,0.02
M,M,N,Urban,G,I,13.141381383240091,8.996280439395015,0.0,10.802876246334927,G,0.02
M,M,N,Urban,G,I,13.141381383240091,6.502790045915623,0.0,10.802876246334927,G,0.02
M,M,N,Urban,G,I,13.45883704259595,11.116410187381648,0.0,0.0,G,0.02
M,M,N,Urban,G,N,13.670935551356031,4.060443010546419,0.0,0.0,G,0.0
M,M,N,Urban,G,N,14.595982024885938,7.0825485693553,0.0,0.0,G,0.0
M,M,N,Urban,G,N,13.683122511470389,7.0825485693553,0.0,0.0,G,0.01
M,M,N,Urban,G,N,13.392773647319551,10.829748417047593,0.0,0.0,G,0.0
M,M,N,Rural,G,N,13.12630758876605,7.441906728051625,0.0,0.0,G,0.05
M,M,N,Rural,G,N,13.323017527275058,7.441906728051625,0.0,0.0,G,0.05
M,M,N,Rural,G,N,13.68094091225579,7.441906728051625,0.0,0.0,G,0.05
M,M,N,Rural,G,N,13.323017527275058,7.441906728051625,0.0,0.0,G,0.05
M,M,N,Rural,G,N,13.808525217180541,7.441906728051625,0.0,0.0,G,0.11
M,M,N,Rural,G,N,13.78630211433998,7.441906728051625,0.0,0.0,G,0.18
M,M,N,Rural,G,N,13.797474888677936,7.441906728051625,0.0,0.0,G,0.11
M,M,N,Rural,G,N,13.740317073778568,7.441906728051625,0.0,0.0,G,0.14
M,M,N,Rural,G,N,13.472053584765023,7.441906728051625,0.0,0.0,G,0.01
M,M,N,Rural,G,N,13.740317073778568,7.441906728051625,0.0,0.0,G,0.14
M,M,N,Rural,G,N,13.54616075131107,7.441906728051625,0.0,0.0,G,0.24800317804297492
M,M,N,Rural,G,N,13.64477324398679,7.4133673356952405,9.675959402904095,0.0,G,0.0
M,M,N,Rural,G,N,13.64428441873564,13.142801097104275,9.675959402904095,0.0,G,0.06
M,M,N,Rural,G,N,14.400456525236033,13.142801097104275,9.675959402904095,0.0,G,0.0
M,M,N,Rural,G,N,13.868156137601838,7.441906728051625,10.500894460815237,0.0,G,0.05888959433268729
M,M,N,Rural,G,N,14.277175138793805,6.974478911025045,9.99186466315354,0.0,G,0.02
M,M,N,Rural,G,N,14.05460777017033,9.411156511406302,9.586308009295324,0.0,G,0.01592765070912109
M,M,N,Rural,G,N,14.135504193729906,13.132873947333879,9.694185267410399,0.0,G,0.02
M,M,N,Rural,G,N,15.258997540672356,7.816416983691801,12.349319811798502,0.0,G,0.0
M,M,N,Rural,G,N,14.21131717263059,7.56164174558878,11.50953973986602,0.0,G,0.12
M,M,N,Rural,G,N,14.057812607599502,9.92627591416656,9.897318563390598,0.0,G,0.018889594332687297
M,M,N,Rural,G,N,13.874019060024839,10.851412601183544,10.274326708723063,0.0,G,0.09
M,M,N,Rural,G,N,13.874639473534302,8.977525200965243,11.44674292650978,0.0,G,0.05615553704474987
M,M,N,Rural,G,N,13.182479634731312,9.031931152002144,11.061138892943045,0.0,G,0.1681208707192468
M,M,N,Rural,G,N,14.468567767675914,12.235553774852342,11.504621078806613,0.0,G,0.16
M,M,N,Rural,G,N,13.189062687355387,7.441906728051625,10.936031261234533,0.0,G,0.22
M,M,N,Rural,G,N,14.979885305951942,6.980075940561763,10.936031261234533,0.0,G,0.17
M,M,N,Rural,G,N,14.065933033017588,7.028201432058005,11.341484499272486,0.0,G,0.07
M,M,N,Rural,G,N,13.881946964477502,8.596558746796978,11.777763589996717,0.0,G,0.01615553704474987
M,M,N,Rural,G,N,13.882664406150663,11.555917902374308,11.443950450466698,0.0,G,0.04888959433268729
M,M,N,Rural,G,N,13.189741612734277,9.373309200254322,11.467467742045445,0.0,G,0.1188895943326873
M,M,N,Rural,G,N,14.98215307715138,14.380032007726063,11.462789395476431,0.0,G,0.04
M,M,N,Rural,G,N,14.798896789119294,6.970730078143525,10.048323556581577,0.0,G,0.02
M,M,N,Rural,G,N,13.18984257052466,7.155396301896734,11.700043831986005,0.0,G,0.1
M,M,N,Rural,G,N,14.98246008101407,8.672486075822272,0.0,0.0,G,0.0
M,M,N,Rural,G,N,15.136477286680178,9.024251728612985,0.0,0.0,G,0.0
M,M,N,Rural,G,N,14.075934479645191,7.913886714856082,0.0,0.0,G,0.0
M,M,N,Rural,G,N,13.894379962201842,5.488937726156687,0.0,0.0,G,0.37
M,M,N,Rural,G,N,14.813035779365457,8.821289805136113,0.0,0.0,G,0.03
U,M,N,Rural,G,N,15.505730350970147,7.45182223652793,0.0,0.0,G,0.02
M,M,N,Rural,G,N,13.673172500251507,12.216003174207081,0.0,0.0,G,0.01
M,M,N,Rural,G,N,14.81384347414868,12.902947868297142,0.0,0.0,G,0.03
U,M,N,Semi-Urban,G,N,14.28113021663838,6.962243464266207,0.0,0.0,G,0.02
M,M,N,Semi-Urban,G,N,14.791202010051581,6.90875477931522,0.0,0.0,G,0.0
M,M,N,Rural,G,N,13.20968903833492,7.54274354536855,0.0,0.0,G,0.0
M,M,N,Rural,G,N,13.902835302515827,7.247792581767846,0.0,0.0,G,0.0
M,M,N,Rural,G,N,13.58350157458133,6.329720905522696,0.0,7.746732907753622,G,0.17
M,M,N,Rural,G,N,13.902835302515827,11.555917902374308,0.0,0.0,G,0.0
M,M,N,Rural,G,N,13.875336743468194,14.364104109332239,0.0,7.741967899820685,G,0.03
M,M,N,Rural,G,N,13.147814726471612,9.373309200254322,0.0,0.0,G,0.3
M,M,N,Rural,G,N,13.54616075131107,0.0,0.0,0.0,G,0.0
M,M,N,Rural,G,N,14.165199355511113,14.364104109332239,0.0,0.0,G,0.14
M,M,N,Rural,G,N,13.416703237520176,8.636752426473876,0.0,0.0,G,0.22
M,M,N,Rural,G,N,13.54616075131107,8.636752426473876,0.0,0.0,G,0.0
M,M,N,Rural,G,N,13.54616075131107,7.4133673356952405,0.0,0.0,G,0.24072903388897732
M,M,N,Rural,G,N,13.210604997334688,7.4133673356952405,0.0,0.0,G,0.12
M,M,N,Rural,G,N,14.819125484562155,14.364104109332239,0.0,0.0,G,0.0
M,M,N,Rural,G,N,13.20968903833492,5.488937726156687,0.0,0.0,G,0.03
M,M,N,Rural,G,N,13.12630758876605,9.024251728612985,0.0,0.0,G,0.13
M,M,N,Rural,G,N,13.615154146443084,9.024251728612985,0.0,0.0,G,0.02
M,M,N,Rural,G,N,13.78630211433998,9.024251728612985,0.0,0.0,G,0.07
M,M,N,Rural,G,N,13.797474888677936,9.024251728612985,0.0,0.0,G,0.0
M,M,N,Rural,G,N,13.54616075131107,7.028201432058005,0.0,0.0,G,0.1
M,M,N,Rural,G,N,13.680264553375284,7.028201432058005,0.0,0.0,G,0.19148167245908254
M,M,N,Rural,G,N,13.210604997334688,11.555917902374308,0.0,0.0,G,0.07
M,M,N,Rural,G,N,14.221973168401528,12.235553774852342,0.0,11.755910858497977,G,0.02
M,M,N,Rural,G,N,13.20968903833492,12.435226101136589,0.0,0.0,G,0.14292094009024464
M,M,N,Rural,G,N,13.20968903833492,7.786551806428712,0.0,0.0,G,0.15
M,M,N,Rural,G,N,13.215172249727539,14.364104109332239,0.0,0.0,G,0.02
M,M,N,Rural,G,N,13.903293387308002,9.024251728612985,0.0,0.0,G,0.02
M,M,N,Rural,G,N,13.902835302515827,7.786551806428712,0.0,0.0,G,0.0
M,M,N,Rural,G,N,13.20968903833492,12.235553774852342,0.0,0.0,G,0.0
M,M,N,Rural,G,N,13.3049998845962,7.786551806428712,0.0,0.0,B,0.52
M,M,N,Rural,G,N,13.271252238109883,12.235553774852342,0.0,0.0,G,0.25
M,M,N,Rural,G,N,13.20968903833492,12.435226101136589,0.0,0.0,G,0.14292094009024464
M,M,N,Rural,G,N,13.189487303500359,7.786551806428712,0.0,0.0,G,0.12
M,M,N,Rural,G,N,13.679691980296456,7.506591780070841,0.0,0.0,G,0.36
M,M,N,Rural,G,N,13.54616075131107,7.506591780070841,0.0,0.0,G,0.15063703084731886
M,M,N,Rural,G,N,13.210604997334688,7.506591780070841,0.0,0.0,G,0.16
M,M,N,Rural,G,N,13.20968903833492,7.703459047867175,0.0,0.0,B,0.5
M,M,N,Rural,G,N,13.651807398130703,6.9440872082295275,0.0,0.0,G,0.43
M,M,N,Rural,G,N,13.139267690997096,7.703459047867175,0.0,0.0,G,0.18
M,M,N,Rural,G,N,14.279900962500054,13.372412116149171,0.0,0.0,G,0.15
M,M,N,Rural,G,N,13.20968903833492,7.226209010100671,0.0,0.0,B,0.6321009163872165
M,M,N,Rural,G,N,13.177510436492465,8.357493812658563,0.0,12.699713452542063,G,0.0
M,M,N,Rural,G,N,13.20968903833492,7.142827401161621,0.0,0.0,G,0.07
M,M,N,Rural,G,N,14.16731184490688,0.0,0.0,0.0,G,0.016686304284196252
M,M,N,Rural,G,N,13.679691980296456,7.559038255443384,0.0,0.0,G,0.07
M,M,N,Rural,G,N,13.405665371302083,7.559038255443384,0.0,0.0,G,0.29
M,M,N,Rural,G,N,13.20968903833492,7.717351272185329,0.0,0.0,B,0.55
M,M,N,Rural,G,N,13.679691980296456,7.450079569807499,0.0,0.0,G,0.08
M,M,N,Rural,G,N,13.797474888677936,7.365180126021013,0.0,0.0,G,0.02
M,M,N,Rural,G,N,13.740317073778568,7.365180126021013,0.0,0.0,G,0.03
M,M,N,Rural,G,N,13.679691980296456,7.365180126021013,0.0,0.0,G,0.01
M,M,N,Rural,G,N,13.679691980296456,10.5950334517291,0.0,0.0,G,0.07
M,M,N,Rural,G,N,13.54616075131107,10.5950334517291,0.0,0.0,G,0.02
M,M,N,Rural,G,N,13.797474888677936,7.247792581767846,0.0,0.0,G,0.12
M,M,N,Rural,G,N,13.740317073778568,7.247792581767846,0.0,0.0,G,0.0
M,M,N,Rural,G,N,13.797474888677936,7.247792581767846,0.0,0.0,G,0.12
M,M,N,Rural,G,N,13.743546132924877,7.247792581767846,0.0,0.0,G,0.0
M,M,N,Rural,G,N,13.679691980296456,12.435226101136589,0.0,0.0,G,0.0
M,M,N,Rural,G,N,13.797474888677936,5.488937726156687,0.0,0.0,G,0.07
M,M,N,Rural,G,N,13.679691980296456,5.488937726156687,0.0,0.0,G,0.01
M,M,N,Rural,G,N,13.54616075131107,12.435226101136589,0.0,0.0,G,0.0
M,M,N,Rural,G,N,13.20968903833492,12.435226101136589,0.0,0.0,G,0.14292094009024464
M,M,N,Rural,G,N,13.392010289669289,9.124346658809207,0.0,0.0,G,0.0
M,M,N,Rural,G,N,13.546815093681099,9.124346658809207,0.0,0.0,G,0.0
M,M,N,Rural,G,N,13.740317073778568,7.54274354536855,0.0,0.0,G,0.0
M,M,N,Rural,G,N,13.683122511470389,7.54274354536855,0.0,0.0,G,0.02
M,M,N,Rural,G,N,13.679691980296456,8.672486075822272,0.0,0.0,G,0.0
M,M,N,Rural,G,N,13.392010289669289,13.132873947333879,0.0,0.0,G,0.01
M,M,N,Rural,G,N,13.679691980296456,7.251344983372214,0.0,0.0,G,0.0
M,M,N,Rural,G,N,13.392010289669289,7.703459047867175,0.0,0.0,G,0.17
M,M,N,Rural,G,N,13.667693610969891,7.913886714856082,0.0,0.0,G,0.12
M,M,N,Rural,G,N,13.679691980296456,10.83143013715073,0.0,0.0,G,0.06
M,M,N,Rural,G,N,13.392773647319551,10.83143013715073,0.0,0.0,G,0.03798446332780126
M,M,N,Rural,G,N,13.797474888677936,0.0,0.0,0.0,G,0.0
M,M,N,Rural,G,N,13.740317073778568,0.0,0.0,0.0,G,0.0
M,M,N,Rural,G,N,13.797474888677936,0.0,0.0,0.0,G,0.0
M,M,N,Rural,G,N,13.392010289669289,7.957527402230773,0.0,0.0,G,0.01
M,M,N,Rural,G,N,13.679691980296456,7.414572881350589,0.0,0.0,G,0.0
M,M,N,Rural,G,N,13.392773647319551,7.414572881350589,0.0,0.0,G,0.0
M,M,N,Rural,G,N,13.797474888677936,6.450470422144176,0.0,0.0,G,0.0
M,M,N,Rural,G,N,13.740317073778568,6.450470422144176,0.0,0.0,G,0.0
M,M,N,Rural,G,N,13.679691980296456,6.450470422144176,0.0,0.0,G,0.0
M,M,N,Rural,G,N,13.680264553375284,7.516433302915632,0.0,0.0,G,0.06
M,M,N,Rural,G,N,13.797474888677936,9.126523885883072,0.0,0.0,G,0.03
M,M,N,Rural,G,N,13.546815093681099,7.837159650001675,0.0,0.0,G,0.01
M,M,N,Rural,G,N,13.367475052770486,9.126523885883072,0.0,0.0,G,0.0
M,M,N,Rural,G,N,13.72902740507609,7.009408932708637,0.0,0.0,G,0.02600228578303107
M,M,N,Rural,G,N,13.797474888677936,10.5950334517291,0.0,0.0,G,0.02
M,M,N,Rural,G,N,13.54616075131107,10.5950334517291,0.0,0.0,G,0.02
M,M,N,Rural,G,N,13.797474888677936,7.931644021454311,0.0,0.0,G,0.41
M,M,N,Rural,G,N,15.289816025344582,8.865735152124781,0.0,0.0,G,0.0
M,M,N,Rural,G,N,13.269922667385995,8.478660241699453,0.0,12.899597254854921,G,0.0
M,M,N,Rural,G,N,13.740317073778568,8.478660241699453,0.0,0.0,G,0.1
M,M,N,Rural,G,N,13.615764878986873,8.478660241699453,0.0,0.0,G,0.23
M,M,N,Rural,G,N,13.593590008478355,8.865735152124781,0.0,0.0,G,0.06
U,M,N,Rural,G,N,13.392010289669289,9.034318927730707,0.0,0.0,G,0.07
M,M,N,Rural,G,N,13.560346013202013,8.672486075822272,0.0,0.0,G,0.0
M,M,N,Rural,G,N,13.574331591913516,13.132873947333879,0.0,0.0,G,0.03
M,M,N,Rural,G,N,13.20968903833492,8.865735152124781,0.0,0.0,G,0.14
M,M,N,Urban,G,I,13.231483217937278,6.396929655216146,0.0,9.390659926099465,G,0.02
U,M,N,Urban,G,I,13.259368479707303,6.304448802421981,0.0,0.0,G,0.03
M,M,N,Urban,G,N,13.222311874473467,7.774015077250727,0.0,0.0,G,0.0
M,M,N,Urban,G,N,13.67035761019747,7.774015077250727,0.0,0.0,G,0.0
M,M,N,Urban,G,N,13.957202810005441,7.714677473800927,0.0,0.0,G,0.0
M,M,N,Urban,G,N,13.200355368410449,7.266128779556451,0.0,0.0,G,0.18
M,M,N,Urban,G,N,13.670935551356031,7.266128779556451,0.0,0.0,G,0.01
M,M,N,Urban,G,N,13.44721405888326,7.774015077250727,0.0,0.0,G,0.06
M,M,N,Rural,G,N,13.546815093681099,9.39465993143281,0.0,0.0,G,0.44
M,M,N,Rural,G,N,13.21334785118164,7.010311867307229,0.0,0.0,G,0.208217572832366
M,M,N,Rural,G,N,13.58366172540087,7.010311867307229,0.0,0.0,G,0.11
M,M,N,Rural,G,N,13.47486924279981,7.010311867307229,0.0,0.0,G,0.0
M,M,N,Rural,G,N,13.314498291974699,7.010311867307229,0.0,0.0,G,0.059600274262618484
M,M,N,Rural,G,N,13.179229415173225,7.010311867307229,0.0,0.0,G,0.01941216013019866
M,M,N,Rural,G,N,13.20968903833492,7.010311867307229,0.0,0.0,B,0.556552069668474
M,M,N,Rural,G,N,13.20968903833492,7.010311867307229,0.0,0.0,B,0.556552069668474
M,M,N,Rural,G,N,13.679691980296456,7.010311867307229,0.0,0.0,G,0.2294225006023826
M,M,N,Rural,G,N,13.20968903833492,7.010311867307229,0.0,0.0,B,0.556552069668474
M,M,N,Rural,G,N,15.001446980264111,8.82453082152646,0.0,0.0,G,0.0
M,M,N,Rural,G,N,14.088967683897314,8.82453082152646,0.0,0.0,G,0.09
M,M,N,Rural,G,N,13.679691980296456,7.010311867307229,0.0,0.0,G,0.2294225006023826
M,M,N,Rural,G,N,13.20968903833492,7.010311867307229,0.0,0.0,B,0.556552069668474
M,M,N,Rural,G,N,13.20968903833492,8.82453082152646,0.0,0.0,B,0.67
M,M,N,Rural,G,N,13.392010289669289,7.182352111885263,0.0,0.0,G,0.12
M,M,N,Rural,G,N,13.185396390833676,7.182352111885263,0.0,0.0,G,0.14
M,M,N,Rural,G,N,13.392010289669289,7.182352111885263,0.0,0.0,G,0.12
M,M,N,Rural,G,N,15.949154969608422,7.182352111885263,0.0,0.0,G,0.06
M,M,N,Rural,G,N,15.268532059072276,9.596690616224665,0.0,0.0,G,0.09
M,M,N,Rural,G,N,14.798896789119294,12.143766297905268,0.0,0.0,G,0.0
M,M,N,Rural,G,N,16.079830385219754,13.444638162624925,0.0,0.0,G,0.052364400695543406
M,M,N,Rural,G,N,15.909999443381755,7.010311867307229,0.0,0.0,G,0.018889594332687297
M,F,N,Rural,G,N,13.878016702723404,8.525558107747866,0.0,0.0,G,0.19
M,F,N,Rural,G,N,14.568341211716842,8.525558107747866,0.0,0.0,G,0.0
M,F,N,Rural,G,N,13.680264553375284,8.274866820685254,0.0,0.0,G,0.04
M,M,N,Rural,G,N,14.598270354356659,8.107720061910534,0.0,0.0,G,0.0
M,M,N,Rural,G,N,13.215172249727539,8.107720061910534,0.0,0.0,G,0.0
U,M,N,Rural,G,N,13.358898460554922,9.54552606707193,0.0,0.0,G,0.0
M,M,N,Rural,G,N,15.002362940662183,8.424419791263883,0.0,0.0,G,0.01
M,M,N,Rural,G,N,13.209963914138601,8.189244525735901,9.676022175572895,0.0,G,0.06354320141467797
M,M,N,Rural,G,N,13.209963914138601,8.773384596776648,9.675896626294639,0.0,G,0.0
M,M,N,Rural,G,N,13.312676251727694,10.557659989689753,0.0,11.556951919719207,G,0.03
M,M,N,Rural,G,N,13.210559219305022,8.424419791263883,0.0,11.580593459194764,G,0.01
M,M,N,Rural,G,N,13.679691980296456,8.424419791263883,0.0,0.0,G,0.1
M,F,N,Rural,G,N,13.273668870667095,7.734558844354756,0.0,12.899222326086994,G,0.05
M,M,N,Rural,G,I,13.202264536598813,6.077642243349034,0.0,10.243418088056579,G,0.29
M,M,N,Semi-Urban,G,I,13.841324492857254,8.219864741912652,0.0,9.875499515995958,G,0.05
M,M,N,Semi-Urban,G,I,13.836381242135571,8.219864741912652,0.0,10.095800693457734,G,0.07
M,M,N,Semi-Urban,G,I,13.822594408146797,8.219864741912652,0.0,10.206624579542769,G,0.09
M,M,N,Semi-Urban,G,N,14.265064000292348,11.41971308324805,0.0,0.0,G,0.03
M,M,N,Semi-Urban,G,N,14.829593477819621,11.41971308324805,0.0,0.0,G,0.1
M,M,N,Semi-Urban,G,N,14.193605154442224,11.41971308324805,0.0,0.0,G,0.03
M,M,N,Semi-Urban,G,N,13.543943275335913,11.41971308324805,0.0,0.0,G,0.08
M,M,N,Semi-Urban,G,N,13.313682666258737,11.41971308324805,0.0,0.0,G,0.0
M,M,N,Semi-Urban,G,N,13.12630758876605,7.261225091971921,0.0,0.0,G,0.08
M,M,N,Semi-Urban,G,N,13.200355368410449,7.261225091971921,0.0,0.0,G,0.06
M,M,N,Semi-Urban,G,N,13.979678327378098,7.261225091971921,0.0,0.0,G,0.0
M,M,N,Semi-Urban,G,N,13.507839360826756,11.41971308324805,0.0,0.0,G,0.0
M,F,N,Rural,G,N,13.176904591585371,12.554124013087652,0.0,0.0,G,0.1
M,F,N,Rural,G,N,14.148321815658244,9.101306450952048,0.0,14.351122838678815,G,0.05
M,F,N,Rural,G,N,14.838928284353372,9.101306450952048,0.0,0.0,G,0.01
M,F,N,Rural,G,N,14.433463176245208,9.101306450952048,0.0,0.0,G,0.0
M,F,N,Rural,G,N,14.819125484562155,9.101306450952048,0.0,0.0,G,0.0
M,F,N,Rural,G,N,14.433463176245208,9.101306450952048,0.0,0.0,G,0.0
M,F,N,Rural,G,N,14.19550468396443,9.101306450952048,0.0,0.0,G,0.05
M,F,N,Rural,G,N,14.341090203886354,9.101306450952048,0.0,0.0,G,0.04
M,F,N,Rural,G,N,15.481813374501888,9.101306450952048,0.0,0.0,G,0.01
M,F,N,Rural,G,N,15.406911986552268,9.101306450952048,0.0,0.0,G,0.02115805144509169
M,F,N,Rural,G,N,13.472053584765023,9.101306450952048,0.0,0.0,G,0.05
M,F,N,Rural,G,N,13.93723691959216,9.101306450952048,0.0,0.0,G,0.02
M,F,N,Rural,G,N,13.20968903833492,9.101306450952048,0.0,0.0,G,0.14
M,F,N,Rural,G,N,14.341090203886354,9.101306450952048,0.0,0.0,G,0.04
M,F,N,Rural,G,N,14.308300105164125,9.101306450952048,0.0,0.0,G,0.0
M,M,N,Rural,G,N,15.069325544323318,7.036148493750536,0.0,13.072475410870327,G,0.16
M,M,N,Rural,G,N,14.544688754613647,7.036148493750536,0.0,0.0,G,0.09
M,M,N,Rural,G,N,14.587465684192816,13.855549205748574,0.0,0.0,G,0.01
M,M,N,Rural,G,N,14.308300105164125,7.036148493750536,0.0,0.0,G,0.04
M,M,N,Rural,G,N,14.076788848359936,7.036148493750536,0.0,0.0,G,0.25
M,M,N,Rural,G,N,14.54360635849918,13.855549205748574,0.0,0.0,G,0.03
M,M,N,Rural,G,N,14.54360635849918,13.855549205748574,0.0,0.0,G,0.03
M,M,N,Rural,G,N,14.308300105164125,7.036148493750536,0.0,0.0,G,0.04
M,M,N,Rural,G,N,14.308300105164125,7.036148493750536,0.0,0.0,G,0.04
M,M,N,Rural,G,N,14.042597523789043,7.036148493750536,0.0,0.0,G,0.28
M,M,N,Rural,G,N,14.757250299215439,7.036148493750536,0.0,0.0,G,0.02
M,M,N,Rural,G,N,13.20968903833492,7.036148493750536,0.0,0.0,G,0.4371179331636777
M,M,N,Rural,G,N,14.274398890547602,7.036148493750536,0.0,0.0,G,0.18
M,M,N,Rural,G,N,13.850520495153724,13.855549205748574,0.0,0.0,G,0.01
M,M,N,Rural,G,N,13.936279354020758,13.855549205748574,9.675896626294639,0.0,G,0.02
M,M,N,Rural,G,N,13.850520495153724,13.855549205748574,9.521714556684751,0.0,G,0.0
M,M,N,Rural,G,N,13.850520495153724,13.855549205748574,9.225819942824568,0.0,G,0.01
M,M,N,Rural,G,N,14.54360635849918,13.855549205748574,9.513403546466266,0.0,G,0.01
M,M,N,Rural,G,N,14.819125484562155,7.036148493750536,9.51355124604559,0.0,G,0.0
M,M,N,Rural,G,N,15.090921960547734,7.036148493750536,9.51355124604559,0.0,G,0.0
M,F,N,Rural,G,N,14.505465649223776,7.102499355774649,0.0,14.524519276587137,G,0.14
M,F,N,Rural,G,N,13.647943614538805,7.102499355774649,0.0,0.0,G,0.11
M,F,N,Rural,G,N,15.289128976350888,7.102499355774649,0.0,0.0,G,0.0
M,F,N,Rural,G,N,15.0906780879162,7.102499355774649,0.0,0.0,G,0.0
M,M,N,Rural,G,N,14.308300105164125,7.036148493750536,0.0,0.0,G,0.04
M,M,N,Rural,G,N,14.279637578721024,7.036148493750536,0.0,0.0,G,0.22
M,M,N,Rural,G,N,14.609761105369307,13.855549205748574,0.0,0.0,G,0.01
M,F,N,Rural,G,N,14.490621560138104,7.102499355774649,0.0,0.0,G,0.0
M,F,N,Rural,G,N,15.289128976350888,7.102499355774649,0.0,0.0,G,0.0
M,F,N,Rural,G,N,15.001446980264111,7.102499355774649,0.0,0.0,G,0.0
M,F,N,Rural,G,N,13.679691980296456,7.102499355774649,0.0,0.0,G,0.08
M,F,N,Rural,G,N,14.016163889639312,7.102499355774649,0.0,0.0,G,0.02
M,F,N,Rural,G,N,13.797474888677936,7.102499355774649,0.0,0.0,G,0.04
M,F,N,Rural,G,N,15.127418331197607,7.102499355774649,0.0,0.0,G,0.0
M,F,N,Rural,G,N,15.001446980264111,9.101306450952048,0.0,0.0,G,0.0
M,F,N,Rural,G,N,14.464588811753318,9.101306450952048,0.0,0.0,G,0.0
M,F,N,Rural,G,N,14.595982024885938,9.101306450952048,0.0,0.0,G,0.0
M,F,N,Rural,G,N,15.155597616454225,9.101306450952048,0.0,0.0,G,0.0
M,F,N,Rural,G,N,15.155597616454225,9.101306450952048,0.0,0.0,G,0.0
M,F,N,Rural,G,N,14.595982024885938,9.101306450952048,0.0,0.0,G,0.0
M,F,N,Rural,G,N,15.001446980264111,9.101306450952048,0.0,0.0,G,0.0
M,F,N,Rural,G,N,15.289128976350888,9.101306450952048,0.0,0.0,G,0.0
M,F,N,Rural,G,N,15.001446980264111,9.101306450952048,0.0,0.0,G,0.0
M,F,N,Rural,G,N,15.289128976350888,9.101306450952048,0.0,0.0,G,0.0
M,F,N,Rural,G,N,15.001446980264111,9.101306450952048,0.0,0.0,G,0.0
M,F,N,Rural,G,N,15.289128976350888,9.101306450952048,0.0,0.0,G,0.0
M,F,N,Rural,G,N,15.183768486148063,9.101306450952048,0.0,0.0,G,0.0
M,F,N,Rural,G,N,15.337919129611032,9.101306450952048,0.0,0.0,G,0.0
M,F,N,Rural,G,N,15.096757132299345,9.101306450952048,0.0,0.0,G,0.0
M,F,N,Rural,G,N,15.155597616454225,9.101306450952048,0.0,0.0,G,0.0
M,F,N,Rural,G,N,15.263811174240828,9.101306450952048,0.0,0.0,G,0.0
M,M,N,Rural,G,N,14.279012471791036,11.53693491743058,0.0,0.0,G,0.05
U,M,N,Rural,G,N,14.064518327953259,11.524251087300144,0.0,0.0,G,0.07
U,M,N,Rural,G,N,14.144561035626795,11.524251087300144,0.0,0.0,G,0.12
M,M,N,Rural,G,N,14.234680655536435,13.855549205748574,0.0,0.0,G,0.01
M,M,N,Rural,G,N,13.518938419047002,13.855549205748574,0.0,0.0,G,0.28
M,M,N,Rural,G,N,14.515668108359723,13.855549205748574,0.0,0.0,G,0.05
M,M,N,Rural,G,N,16.20024367934965,6.6240652277998935,0.0,0.0,G,0.0
M,M,N,Rural,G,N,13.60851098847337,7.261225091971921,0.0,0.0,G,0.0
M,M,N,Rural,G,I,13.139214594748333,7.485491608030754,0.0,12.18334123352808,G,0.29
M,M,N,Rural,G,I,13.346666256438384,9.890604926705114,0.0,12.260925347703223,G,0.18
U,M,N,Rural,G,I,13.29301038440026,0.0,0.0,11.801602042737622,G,0.13
M,M,N,Rural,G,I,13.183460358229915,8.185350223178686,0.0,11.918397239722838,G,0.26
M,M,N,Rural,G,I,13.279365416810823,10.444269957591922,0.0,12.22711470049688,G,0.17
M,M,N,Rural,G,I,13.201146831011702,10.816252074633725,0.0,10.63385826089404,G,0.35
M,M,N,Rural,G,I,13.245585814877677,8.586346050104554,0.0,9.944341546544393,G,0.28
M,M,N,Rural,G,N,13.133552544543246,4.477336814478207,0.0,10.48083098735243,G,0.1
M,M,N,Rural,G,N,13.20968903833492,4.477336814478207,0.0,0.0,G,0.0
M,M,N,Rural,G,N,13.20968903833492,4.477336814478207,0.0,0.0,G,0.0
M,M,N,Rural,G,N,13.20968903833492,6.940222469119639,0.0,0.0,G,0.0
M,M,N,Rural,G,N,13.20968903833492,6.940222469119639,0.0,0.0,G,0.0
M,M,N,Rural,G,N,13.998145399012925,8.54772239645106,0.0,0.0,G,0.11
M,M,N,Rural,G,N,14.165199355511113,8.54772239645106,0.0,0.0,G,0.22
M,M,N,Rural,G,N,14.117139913298566,8.54772239645106,0.0,0.0,G,0.21
M,M,N,Rural,G,N,14.213072518309293,8.54772239645106,0.0,0.0,G,0.27
M,M,N,Rural,G,N,13.961104158769267,4.477336814478207,0.0,0.0,G,0.0
U,M,N,Rural,G,N,13.861917885431913,11.524251087300144,0.0,13.905665654950571,G,0.07
M,M,N,Rural,G,N,13.740317073778568,6.940222469119639,0.0,0.0,G,0.29
U,M,N,Rural,G,N,13.20968903833492,11.524251087300144,0.0,0.0,G,0.04
U,M,N,Rural,G,N,13.472053584765023,11.524251087300144,0.0,0.0,G,0.02
M,F,N,Urban,G,I,14.700689498333059,9.101306450952048,0.0,13.302166766273114,G,0.02
M,F,N,Urban,G,I,14.05404308917842,7.003065458786462,0.0,10.99022966863375,G,0.03
M,F,N,Urban,G,I,14.062886128006909,7.003065458786462,0.0,10.766398604507042,G,0.03
M,M,N,Urban,G,N,13.370005961597958,11.544172162303397,0.0,0.0,G,0.0
M,M,N,Urban,G,N,15.154167565173571,3.367295829986474,0.0,0.0,G,0.07
M,M,N,Urban,G,N,13.311266561030504,6.785587645007929,0.0,0.0,G,0.0
M,M,N,Rural,G,N,14.374555325755864,7.097548850614793,0.0,0.0,G,0.02
M,M,Y,Rural,G,N,13.122543361206272,0.0,0.0,16.118095750958314,G,0.11
M,M,Y,Rural,G,N,14.787522805167324,7.535830462798367,0.0,0.0,G,0.04
M,M,N,Rural,G,N,15.47608179199096,11.325860676819078,0.0,0.0,G,0.17
M,M,N,Rural,G,N,15.477434463238266,14.33337773172383,0.0,0.0,G,0.0
M,M,N,Rural,G,N,15.477434463238266,8.45126704130007,0.0,0.0,G,0.01
M,M,N,Rural,G,N,15.26908919842518,7.824445930877619,0.0,0.0,G,0.0
M,M,N,Rural,G,N,14.291370753994254,9.048762176320128,0.0,0.0,G,0.0
M,M,N,Rural,G,N,15.49424204333678,7.326465613840322,0.0,0.0,G,0.02
M,M,N,Rural,G,N,14.98307411725403,6.787844982309579,0.0,0.0,G,0.04
U,M,N,Rural,G,N,14.297784843826054,11.880169360258195,0.0,0.0,G,0.0
U,M,N,Rural,G,N,16.19424339849789,5.236441962829949,0.0,0.0,G,0.02
M,M,N,Rural,G,N,15.684110690712993,11.757274580572764,0.0,0.0,G,0.0
M,M,N,Rural,G,N,15.279181614564797,7.318539548567902,0.0,0.0,G,0.03
M,M,N,Rural,G,N,16.195156964844745,13.070501500351655,0.0,0.0,G,0.0
M,M,N,Rural,G,N,13.890422278454318,7.122866658599083,0.0,0.0,G,0.0
M,F,N,Rural,G,N,15.84759853432223,14.267439952881782,0.0,0.0,G,0.0
M,F,N,Rural,G,N,14.558875930195898,7.798112628829788,0.0,0.0,G,0.0
M,M,Y,Rural,G,N,14.322178149081601,9.261033486291701,9.960245886354738,0.0,G,0.0
M,M,Y,Rural,G,N,14.833003531847558,9.261033486291701,10.114356072974726,0.0,G,0.03
M,M,Y,Rural,G,N,13.69961249463078,9.261033486291701,9.960245886354738,0.0,G,0.05
M,M,Y,Rural,G,N,13.335172107958599,7.523481312573497,10.292179440058462,0.0,G,0.0
M,M,N,Rural,G,N,15.384439135328392,11.028043703175827,10.446334962324856,0.0,G,0.03
M,M,N,Rural,G,N,13.20968903833492,11.028043703175827,10.109851103810321,0.0,G,0.02
M,M,N,Rural,G,N,14.607663354512779,11.028043703175827,10.109851103810321,0.0,G,0.04
M,M,N,Rural,G,N,14.644772167236802,11.028043703175827,0.0,0.0,G,0.08
M,M,N,Rural,G,N,16.13477684301299,8.211482916445066,0.0,14.331049655837518,G,0.0
M,M,N,Rural,G,N,17.016349736074336,11.325860676819078,0.0,0.0,G,0.0
M,M,N,Rural,G,N,14.372838588119206,11.325860676819078,0.0,0.0,G,0.05
U,M,N,Rural,G,N,14.5973556508466,6.918695219020472,0.0,0.0,G,0.0
U,M,N,Rural,G,N,14.310131187185721,11.880169360258195,0.0,0.0,G,0.01
M,M,N,Rural,G,N,13.615154146443084,11.325860676819078,0.0,0.0,G,0.06
M,M,N,Rural,G,N,13.203945207713025,7.318539548567902,0.0,14.255605730096324,G,0.02
M,M,N,Rural,G,N,13.54616075131107,14.33337773172383,0.0,0.0,G,0.1
M,M,N,Rural,G,N,15.606978484697946,13.070501500351655,0.0,15.877451987025347,G,0.02
M,M,N,Rural,G,N,14.341090203886354,14.33337773172383,0.0,0.0,G,0.0
M,M,N,Rural,G,N,13.392010289669289,11.325860676819078,0.0,0.0,G,0.05
M,M,N,Rural,G,N,13.472053584765023,11.325860676819078,0.0,0.0,G,0.04
M,M,N,Rural,G,N,14.595982024885938,7.318539548567902,0.0,0.0,G,0.01
M,M,N,Rural,G,N,13.20968903833492,11.325860676819078,11.041673056323964,0.0,G,0.17
M,M,N,Rural,G,N,13.392010289669289,11.325860676819078,9.807637226879294,0.0,G,0.01
M,M,N,Rural,G,N,13.752012561959283,7.318539548567902,9.807637226879294,0.0,G,0.01
M,M,N,Rural,G,N,13.262281829270368,14.33337773172383,9.806425839692997,0.0,G,0.0
M,M,N,Rural,G,N,15.001446980264111,9.774801544908083,9.80477157959697,0.0,G,0.0
M,M,N,Rural,G,N,15.391650391768614,10.698830245410743,9.744784861340808,15.37654594108884,G,0.02
M,M,N,Rural,G,N,13.325537663539038,7.824445930877619,9.744726260151186,11.80996610906181,G,0.0
M,M,N,Rural,G,N,13.794135735416576,8.45126704130007,10.502021810151676,0.0,G,0.01
M,M,N,Rural,G,N,13.692115051819409,8.45126704130007,0.0,0.0,G,0.18
M,M,N,Rural,G,N,13.932394522911018,8.45126704130007,0.0,0.0,G,0.0
M,M,N,Rural,G,N,14.204974324725498,9.048762176320128,0.0,0.0,G,0.0
M,M,N,Rural,G,N,13.12413181280029,14.33337773172383,0.0,0.0,G,0.21
M,M,N,Rural,G,N,13.983142245013829,14.081052844090182,0.0,13.81049902116535,G,0.05
M,M,N,Rural,G,N,13.392010289669289,7.824445930877619,0.0,0.0,G,0.06
M,M,N,Rural,G,N,13.472053584765023,13.070501500351655,0.0,0.0,G,0.0
M,M,N,Rural,G,N,13.902835302515827,14.081052844090182,0.0,0.0,G,0.12
M,M,N,Rural,G,N,13.902835302515827,7.824445930877619,0.0,0.0,G,0.0
M,M,N,Rural,G,N,14.595982024885938,14.081052844090182,0.0,0.0,G,0.02
M,M,N,Rural,G,N,13.902835302515827,13.070501500351655,0.0,0.0,G,0.16
M,M,N,Rural,G,N,14.487204760147552,14.33337773172383,0.0,0.0,G,0.0
M,M,N,Rural,G,N,13.295866162890066,13.070501500351655,0.0,0.0,G,0.04
M,M,N,Rural,G,N,13.67342266265663,13.070501500351655,0.0,0.0,G,0.12939429678746284
M,M,N,Rural,G,N,13.902835302515827,14.081052844090182,0.0,0.0,G,0.12
M,M,N,Rural,G,N,13.608464248063447,7.318539548567902,0.0,0.0,G,0.01
M,M,N,Rural,G,N,13.902835302515827,14.081052844090182,0.0,0.0,G,0.12
M,M,N,Rural,G,N,14.308300105164125,11.325860676819078,0.0,0.0,G,0.1
M,M,N,Rural,G,N,13.834557017084405,11.325860676819078,0.0,0.0,G,0.21
M,M,N,Rural,G,N,14.08515670657986,13.070501500351655,0.0,0.0,G,0.04
M,M,N,Rural,G,N,13.215172249727539,14.081052844090182,0.0,0.0,G,0.04
M,M,N,Rural,G,N,15.774636704019114,8.45126704130007,0.0,0.0,G,0.0
M,M,N,Rural,G,N,14.595982024885938,13.070501500351655,0.0,0.0,G,0.0
M,M,N,Rural,G,N,14.243225623010305,7.122866658599083,0.0,9.36220272128543,G,0.1
M,M,N,Rural,G,N,13.869019096884836,9.774801544908083,0.0,0.0,G,0.12
M,M,N,Rural,G,N,14.085364397719449,9.261033486291701,0.0,0.0,G,0.03
M,M,N,Rural,G,N,13.364648945702905,8.45126704130007,0.0,0.0,G,0.0
M,M,N,Rural,G,N,16.20541957076802,0.0,0.0,0.0,G,0.0
M,M,N,Rural,G,N,15.515176119634889,11.028043703175827,0.0,0.0,G,0.05
M,M,N,Rural,G,N,13.52649559761195,7.346655163176539,0.0,11.691607071843588,G,0.31
M,M,N,Rural,G,N,13.567363251909994,7.122866658599083,0.0,0.0,G,0.02
M,M,N,Rural,G,N,15.512272481846091,11.856125022340867,0.0,0.0,G,0.07
M,M,N,Rural,G,N,15.313821583353576,0.0,0.0,0.0,G,0.008889594332687295
M,M,N,Rural,G,N,16.20541957076802,11.028043703175827,0.0,0.0,G,0.0
M,M,N,Rural,G,N,16.185216865320665,11.028043703175827,0.0,0.0,G,0.0
M,M,N,Rural,G,N,13.392010289669289,11.028043703175827,0.0,0.0,G,0.04
M,M,N,Rural,G,N,13.219638897389084,14.33337773172383,0.0,0.0,G,0.02
M,M,N,Rural,G,N,15.001446980264111,11.856125022340867,0.0,0.0,G,0.1
U,M,N,Rural,G,N,15.512822158823942,5.236441962829949,0.0,0.0,G,0.01
M,M,N,Rural,G,N,13.20968903833492,0.0,0.0,0.0,G,0.3280548463671169
M,M,N,Rural,G,N,13.23680929551713,13.070501500351655,0.0,0.0,G,0.0
M,M,N,Rural,G,N,15.341612947353873,8.45126704130007,0.0,0.0,G,0.06
M,M,N,Rural,G,N,13.182829869071792,7.122866658599083,0.0,0.0,G,0.19
M,M,N,Rural,G,N,13.90558066892067,11.856125022340867,0.0,0.0,G,0.17
M,M,N,Rural,G,N,15.30025425747949,11.028043703175827,0.0,0.0,G,0.19
M,M,N,Rural,G,N,13.55752449516915,7.318539548567902,0.0,0.0,G,0.0
M,M,N,Rural,G,N,14.308300105164125,11.856125022340867,0.0,0.0,G,0.21
M,M,N,Rural,G,N,14.308300105164125,11.856125022340867,0.0,0.0,G,0.21
M,M,N,Rural,G,N,13.16259703889064,7.122866658599083,0.0,0.0,G,0.2
M,M,N,Rural,G,N,14.595982024885938,11.856125022340867,0.0,0.0,G,0.21
M,M,N,Rural,G,N,13.33367561392374,14.33337773172383,0.0,0.0,G,0.01
M,M,N,Rural,G,N,14.644772167236802,9.296701537624227,0.0,0.0,G,0.0
M,M,N,Rural,G,N,13.868791575520547,7.326465613840322,0.0,14.81525344028937,G,0.03
M,M,N,Rural,G,N,13.323017527275058,7.122866658599083,0.0,0.0,G,0.1
M,M,N,Rural,G,N,16.38774111228897,10.698830245410743,0.0,0.0,G,0.0
M,M,N,Rural,G,N,14.08515670657986,9.296701537624227,0.0,0.0,G,0.06
M,M,N,Rural,G,N,13.20968903833492,10.096006934306528,0.0,0.0,G,0.15
M,M,N,Rural,G,N,13.20968903833492,7.326465613840322,0.0,0.0,G,0.0
M,M,N,Rural,G,N,13.902835302515827,9.296701537624227,0.0,0.0,G,0.007274144153997594
M,M,N,Rural,G,N,15.735735945269113,7.326465613840322,0.0,0.0,G,0.01
M,M,N,Rural,G,N,13.364981659125153,7.318539548567902,0.0,0.0,G,0.0
M,M,N,Semi-Urban,G,I,13.141381383240091,8.350429973538136,0.0,10.802876246334927,G,0.13
M,M,N,Semi-Urban,G,I,13.141381383240091,7.053585727193677,0.0,10.802876246334927,G,0.13
M,M,N,Semi-Urban,G,I,13.172423211392275,7.0317412587631285,0.0,10.50862285577286,G,0.09
U,M,N,Semi-Urban,G,I,13.2022571509108,6.837332814685591,0.0,10.099054336080103,G,0.07
M,M,N,Semi-Urban,G,I,13.259368479707303,8.295798110636145,0.0,0.0,G,0.16
M,M,N,Semi-Urban,G,I,13.259368479707303,12.538275065157332,0.0,0.0,G,0.1
M,M,N,Urban,G,I,13.95507769875814,9.088737550216933,0.0,0.0,G,0.02
M,M,N,Urban,G,I,13.945947417456269,9.088737550216933,0.0,0.0,G,0.02
M,M,N,Urban,G,I,14.10700485464658,9.088737550216933,0.0,0.0,G,0.02
M,M,N,Urban,G,N,13.893963078883848,7.346010209913293,0.0,0.0,G,0.0
M,M,N,Urban,G,N,13.181454588853668,8.937087036176523,0.0,0.0,G,0.0
M,M,N,Rural,G,N,13.20968903833492,12.380042759235069,0.0,0.0,G,0.49085456434139507
M,M,N,Rural,G,N,15.155597616454225,11.643655437278529,0.0,0.0,G,0.02
M,M,N,Rural,G,N,13.20968903833492,11.643655437278529,0.0,0.0,G,0.08
M,M,N,Rural,G,N,13.20968903833492,11.643655437278529,0.0,0.0,G,0.08
M,M,N,Rural,G,N,13.20968903833492,6.933423025730715,0.0,0.0,G,0.02
M,M,N,Rural,G,N,13.20968903833492,6.933423025730715,0.0,0.0,G,0.02
M,M,N,Rural,G,N,13.20968903833492,11.643655437278529,0.0,0.0,G,0.08
M,M,N,Urban,G,N,14.308300105164125,9.796013694230895,0.0,0.0,G,0.0
M,M,N,Urban,G,N,13.472317185024512,9.796013694230895,0.0,13.254971093571065,G,0.05
M,M,N,Rural,G,N,13.902835302515827,6.933423025730715,0.0,0.0,G,0.04
M,M,N,Rural,G,N,13.394298616696334,10.792119276416308,0.0,15.372820301284097,G,0.12
M,M,N,Rural,G,N,14.308300105164125,10.792119276416308,0.0,0.0,G,0.0
M,M,N,Rural,G,N,14.595982024885938,10.792119276416308,0.0,0.0,G,0.0
M,M,N,Rural,G,N,14.308300105164125,10.792119276416308,0.0,0.0,G,0.0
M,M,N,Rural,G,N,13.256208720741169,10.83220080440884,0.0,14.284509933115627,G,0.01
U,M,N,Rural,G,N,13.998145399012925,12.376330055602196,0.0,0.0,G,0.17
M,M,N,Rural,G,N,13.664578359930175,6.933423025730715,0.0,0.0,B,0.52
U,M,N,Rural,G,N,13.20968903833492,12.376330055602196,0.0,0.0,G,0.0
M,M,N,Rural,G,N,16.169792443929367,10.792119276416308,0.0,0.0,G,0.0
M,M,N,Rural,G,N,13.323017527275058,6.933423025730715,0.0,0.0,G,0.1
M,M,N,Rural,G,N,15.211167453456447,10.792119276416308,0.0,0.0,G,0.2735652192564657
M,M,N,Rural,G,N,14.900446753739542,10.792119276416308,0.0,14.730300564312984,G,0.12
M,M,N,Urban,G,N,13.392010289669289,9.796013694230895,0.0,0.0,G,0.0
M,M,N,Rural,G,N,14.561510591168346,11.643655437278529,0.0,0.0,G,0.01
M,M,N,Rural,G,N,13.884609290514412,9.796013694230895,0.0,0.0,G,0.03
M,M,N,Rural,G,N,13.346460074330905,8.869116865929483,0.0,0.0,G,0.06
M,M,N,Rural,G,N,13.857599269859211,8.869116865929483,0.0,0.0,G,0.05
M,M,N,Rural,G,N,13.782756967818205,7.836369760545124,0.0,0.0,G,0.2
M,M,N,Rural,G,N,15.281612829964322,6.933423025730715,0.0,0.0,G,0.01
M,M,N,Rural,G,N,13.144207057589105,6.955592608396297,0.0,0.0,G,0.31
M,M,N,Rural,G,N,14.755138447629491,6.955592608396297,0.0,0.0,G,0.0
M,M,N,Rural,G,I,13.201083980713696,11.534138861369426,0.0,10.634676867382668,G,0.32
M,M,N,Rural,G,N,13.223592370062704,12.928356209028104,0.0,0.0,G,0.01
M,M,N,Rural,G,N,14.7783035053149,8.869116865929483,0.0,0.0,G,0.07
M,M,N,Rural,G,N,13.209963914138601,7.668093709082406,0.0,0.0,G,0.01
M,M,N,Rural,G,N,13.903293387308002,7.836369760545124,9.675959402904095,0.0,G,0.0
M,M,N,Rural,G,N,13.20968903833492,7.823645930834952,9.675959402904095,0.0,G,0.009600274262618485
M,M,N,Rural,G,N,14.00064149807608,7.401231264413015,9.676022175572895,0.0,G,0.0
M,M,N,Rural,G,N,14.08515670657986,7.719129840906732,9.675896626294639,0.0,G,0.02
M,M,N,Rural,G,N,13.3049998845962,7.719129840906732,9.675896626294639,0.0,G,0.04
M,M,N,Rural,G,N,13.882079828234335,12.928356209028104,9.675896626294639,0.0,G,0.02
U,M,N,Rural,G,N,13.131820517351922,6.922643891475888,9.591854259261833,11.911372671781194,G,0.0
U,M,N,Rural,G,N,13.615154146443084,6.922643891475888,9.725436862592819,0.0,G,0.0
M,M,N,Rural,G,N,13.23730504686697,12.928356209028104,9.14633504200027,0.0,G,0.01
M,M,N,Rural,G,N,13.902835302515827,8.115819701211327,9.673696958500125,0.0,G,0.010373859323096654
M,M,N,Rural,G,N,13.902835302515827,7.719129840906732,9.67363403969682,0.0,G,0.01
U,M,N,Rural,G,N,13.20968903833492,6.922643891475888,9.840547752762253,0.0,G,0.009412160130198658
M,M,N,Rural,G,I,13.128385209722824,5.902633333401366,0.0,10.555135425918044,G,0.33
M,M,N,Rural,G,I,13.173210472259672,8.11552088154677,0.0,10.036750159040897,G,0.28
U,M,N,Rural,G,I,13.231483217937278,6.721425700790643,0.0,9.670987868797893,G,0.23
M,M,N,Urban,G,I,13.590987305299732,8.115819701211327,0.0,12.211582438703772,G,0.02
M,M,N,Urban,G,I,13.433031240801135,8.535622326884605,0.0,10.764075281534032,G,0.02
M,M,N,Urban,G,I,13.547721304819683,8.535622326884605,0.0,11.14193424472214,G,0.03
M,M,N,Urban,G,I,13.544195151288339,7.635786861395585,0.0,0.0,G,0.02
M,M,N,Urban,G,I,13.533729705677775,7.635786861395585,0.0,0.0,G,0.02
M,M,N,Semi-Urban,G,I,13.553497531805386,7.8083230503910555,0.0,0.0,G,0.15
M,M,N,Semi-Urban,G,I,13.532735095058746,7.8083230503910555,0.0,0.0,G,0.16
M,M,N,Urban,G,I,13.281302005264406,10.655893716970995,0.0,9.579763708737081,G,0.02
M,M,N,Urban,G,N,13.200355368410449,12.075400019877522,0.0,0.0,G,0.0
M,M,N,Urban,G,N,13.200355368410449,12.075400019877522,0.0,0.0,G,0.0
M,M,N,Urban,G,N,13.200632821467172,12.075400019877522,0.0,0.0,G,0.0
M,M,N,Urban,G,N,13.522437982823503,9.529593783265282,0.0,0.0,G,0.0
M,M,N,Urban,G,N,13.49371311787636,9.529593783265282,0.0,0.0,G,0.0
M,M,N,Urban,G,N,13.200355368410449,9.529593783265282,0.0,0.0,G,0.0
M,M,N,Urban,G,N,13.200355368410449,9.529593783265282,0.0,0.0,G,0.0
M,M,N,Rural,G,N,14.819125484562155,9.029537661151497,0.0,0.0,G,0.0
M,M,N,Rural,G,N,14.819125484562155,9.029537661151497,0.0,0.0,G,0.0
M,M,N,Rural,G,N,14.819125484562155,9.029537661151497,0.0,0.0,G,0.0
M,M,N,Rural,G,N,14.819125484562155,10.07895232186687,0.0,0.0,G,0.0
M,M,N,Rural,G,N,14.819125484562155,10.07895232186687,0.0,0.0,G,0.0
M,M,N,Rural,G,N,14.595982024885938,10.07895232186687,0.0,0.0,G,0.02
M,M,N,Rural,G,N,14.595982024885938,10.07895232186687,0.0,0.0,G,0.02
M,M,N,Rural,G,N,15.217863044475362,9.593628035139645,0.0,14.67533717609285,G,0.02
M,M,N,Rural,G,N,14.595982024885938,10.965539585892435,0.0,0.0,G,0.15
M,M,N,Rural,G,N,14.595982024885938,10.965539585892435,0.0,0.0,G,0.15
M,M,N,Rural,G,N,14.82022453633774,10.965539585892435,0.0,0.0,G,0.09
M,M,N,Rural,G,N,14.595982024885938,9.593628035139645,0.0,0.0,G,0.02
M,M,N,Rural,G,N,14.595982024885938,9.593628035139645,0.0,0.0,G,0.02
M,M,N,Rural,G,N,14.82022453633774,9.029537661151497,0.0,0.0,G,0.0
M,M,N,Rural,G,N,13.550080398439944,10.07895232186687,0.0,0.0,G,0.03
M,M,N,Rural,G,N,13.902835302515827,9.593628035139645,10.109851103810321,0.0,G,0.020373859323096655
M,M,N,Rural,G,N,14.308300105164125,9.593628035139645,0.0,0.0,G,0.13
M,M,N,Rural,G,N,13.20968903833492,9.593628035139645,0.0,0.0,G,0.0
M,M,N,Rural,G,N,13.20968903833492,9.593628035139645,0.0,0.0,G,0.0
M,M,N,Rural,G,N,13.20968903833492,9.593628035139645,0.0,0.0,G,0.0
M,M,N,Rural,G,N,13.20968903833492,9.593628035139645,0.0,0.0,G,0.0
M,M,N,Rural,G,N,13.215172249727539,9.593628035139645,0.0,0.0,G,0.0
M,M,N,Rural,G,N,13.20968903833492,9.593628035139645,0.0,0.0,G,0.0
M,M,N,Rural,G,N,13.20968903833492,9.593628035139645,0.0,0.0,G,0.0
M,M,N,Rural,G,N,13.20968903833492,9.593628035139645,0.0,0.0,G,0.0
M,M,N,Rural,G,N,13.20968903833492,9.593628035139645,0.0,0.0,G,0.0
M,M,N,Rural,G,N,13.18761352027908,7.4570320891223805,0.0,0.0,G,0.03
M,M,N,Rural,G,N,13.18761352027908,7.4570320891223805,0.0,0.0,G,0.03
M,M,N,Rural,G,N,13.18761352027908,7.4570320891223805,0.0,0.0,G,0.03
M,M,N,Rural,G,N,13.18761352027908,7.4570320891223805,0.0,0.0,G,0.03
M,M,N,Rural,G,N,13.18761352027908,7.4570320891223805,10.037581287016828,0.0,G,0.01
M,M,N,Rural,G,N,13.187894530719529,7.4570320891223805,10.037712454627359,0.0,G,0.02
M,M,N,Rural,G,N,13.198844673851745,9.386643856444575,9.676022175572895,0.0,G,0.01
M,M,N,Rural,G,N,13.198844673851745,9.386643856444575,9.94299668563084,0.0,G,0.02
M,M,N,Rural,G,N,13.198844673851745,9.386643856444575,9.124346658809207,0.0,G,0.03
M,M,N,Rural,G,N,13.198844673851745,9.386643856444575,9.257891673834406,0.0,G,0.03
M,M,N,Rural,G,N,13.198844673851745,9.386643856444575,9.19339765124587,0.0,G,0.03
M,M,N,Rural,G,N,13.19912254631378,9.386643856444575,9.19339765124587,0.0,G,0.03
U,M,N,Rural,G,N,13.198946569386678,6.054439346269371,9.435481925953065,0.0,G,0.03
U,M,N,Rural,G,N,13.198946569386678,6.054439346269371,9.435481925953065,0.0,G,0.03
U,M,N,Rural,G,N,13.198946569386678,6.054439346269371,9.613736674915236,0.0,G,0.03
U,M,N,Rural,G,N,13.198946569386678,6.054439346269371,0.0,0.0,G,0.14
U,M,N,Rural,G,N,13.198946569386678,6.054439346269371,0.0,0.0,G,0.14
U,M,N,Rural,G,N,13.199224413540124,6.054439346269371,0.0,0.0,G,0.14
M,M,N,Rural,G,N,13.20968903833492,7.467942332285852,0.0,0.0,G,0.01
M,M,N,Rural,G,N,13.20968903833492,7.467942332285852,0.0,0.0,G,0.01
M,M,N,Rural,G,N,13.20968903833492,7.467942332285852,0.0,0.0,G,0.01
M,M,N,Rural,G,N,13.20968903833492,7.467942332285852,0.0,0.0,G,0.01
M,M,N,Rural,G,N,13.392010289669289,7.467942332285852,0.0,0.0,G,0.27
M,M,N,Rural,G,N,13.20968903833492,9.682591473762397,0.0,0.0,G,0.0
M,M,N,Rural,G,N,13.20968903833492,9.682591473762397,0.0,0.0,G,0.0
M,M,N,Rural,G,N,13.20968903833492,9.682591473762397,0.0,0.0,G,0.0
M,M,N,Rural,G,N,13.20968903833492,9.682591473762397,0.0,0.0,G,0.0
M,M,N,Rural,G,N,14.08515670657986,7.655864017616056,0.0,0.0,G,0.28
M,M,N,Rural,G,N,13.20968903833492,9.049467146388098,0.0,0.0,B,0.53
M,M,N,Rural,G,N,13.20968903833492,7.606387389772652,0.0,0.0,G,0.029600274262618482
M,M,N,Rural,G,N,13.20968903833492,7.606387389772652,0.0,0.0,G,0.029600274262618482
M,M,N,Rural,G,N,14.308300105164125,6.476972362889683,0.0,0.0,G,0.0
M,M,N,Rural,G,N,14.308300105164125,6.476972362889683,0.0,0.0,G,0.0
M,M,N,Rural,G,N,14.308300105164125,6.476972362889683,0.0,0.0,G,0.0
M,M,N,Rural,G,N,14.308300105164125,6.476972362889683,0.0,0.0,G,0.0
M,M,N,Rural,G,N,14.310131187185721,6.476972362889683,0.0,0.0,G,0.0
M,M,N,Rural,G,N,13.209963914138601,7.002155954403621,0.0,0.0,G,0.18009992131715447
M,M,N,Rural,G,N,13.20968903833492,8.788593431293735,0.0,0.0,G,0.09
M,M,N,Rural,G,N,13.20968903833492,7.576097340623111,0.0,0.0,G,0.0
M,M,N,Rural,G,N,13.20968903833492,7.576097340623111,0.0,0.0,G,0.0
M,M,N,Rural,G,N,13.20968903833492,7.576097340623111,0.0,0.0,G,0.0
M,M,N,Rural,G,N,13.20968903833492,7.576097340623111,0.0,0.0,G,0.0
M,M,N,Rural,G,N,13.546815093681099,9.682591473762397,0.0,0.0,G,0.01
M,M,N,Rural,G,N,14.087445035352388,7.655864017616056,0.0,0.0,G,0.09
M,M,N,Rural,G,N,13.20968903833492,8.788593431293735,0.0,0.0,G,0.09
M,M,N,Rural,G,N,13.20968903833492,9.049467146388098,0.0,0.0,B,0.53
M,M,N,Rural,G,N,13.209963914138601,9.049467146388098,0.0,0.0,G,0.37
M,M,N,Rural,G,N,13.20968903833492,7.576097340623111,0.0,0.0,G,0.0
M,M,N,Rural,G,N,13.209963914138601,7.576097340623111,0.0,0.0,G,0.02
M,M,N,Rural,G,N,13.20968903833492,13.213645455288217,0.0,0.0,G,0.02
M,M,N,Rural,G,N,13.209963914138601,13.213645455288217,0.0,0.0,G,0.01
M,M,N,Rural,G,N,13.26795870722576,8.624431942085836,0.0,0.0,G,0.28
M,M,N,Rural,G,N,13.209963914138601,8.788593431293735,0.0,0.0,G,0.15
M,M,N,Rural,G,N,13.20968903833492,9.634888894560614,0.0,0.0,G,0.0
M,M,N,Rural,G,N,13.20968903833492,9.634888894560614,0.0,0.0,G,0.0
M,M,N,Rural,G,N,13.20968903833492,9.634888894560614,0.0,0.0,G,0.0
M,M,N,Rural,G,N,13.20968903833492,9.634888894560614,0.0,0.0,G,0.0
M,M,N,Rural,G,N,13.209963914138601,9.634888894560614,0.0,0.0,G,0.06
U,M,N,Rural,G,N,13.20968903833492,7.610357618312838,0.0,0.0,G,0.0
U,M,N,Rural,G,N,13.20968903833492,7.610357618312838,0.0,0.0,G,0.0
M,M,N,Rural,G,N,13.20968903833492,9.226115291091546,0.0,0.0,G,0.0
M,M,N,Rural,G,N,13.20968903833492,9.226115291091546,0.0,0.0,G,0.0
U,M,N,Semi-Urban,G,I,13.141505001972607,6.2766434893416445,0.0,10.873887610057315,G,0.07
M,M,N,Semi-Urban,G,I,13.141381383240091,5.805134968916488,0.0,10.802876246334927,G,0.12
M,M,N,Semi-Urban,G,I,13.172423211392275,5.37989735354046,0.0,10.604503691474768,G,0.13
M,M,N,Semi-Urban,G,I,13.2022571509108,6.595780513961311,0.0,10.099054336080103,G,0.11
M,M,N,Semi-Urban,G,I,13.2022571509108,5.75890177387728,0.0,10.099054336080103,G,0.13
M,M,N,Semi-Urban,G,I,13.173210472259672,5.805134968916488,0.0,9.850930301797453,G,0.12
M,M,N,Semi-Urban,G,I,13.231483217937278,9.72507833256209,0.0,9.390659926099465,G,0.11
M,M,N,Semi-Urban,G,I,13.173210472259672,6.595780513961311,0.0,9.850930301797453,G,0.1
M,F,N,Semi-Urban,G,I,13.173210472259672,6.70808408385307,0.0,9.850930301797453,G,0.18
M,M,N,Semi-Urban,G,I,13.215596856903948,6.799055862058796,0.0,0.0,G,0.15
M,M,N,Semi-Urban,G,I,13.215596856903948,6.424869023905388,0.0,0.0,G,0.15
M,M,N,Semi-Urban,G,I,13.259368479707303,6.068425588244111,0.0,0.0,G,0.17
M,F,N,Semi-Urban,G,I,13.281124555389264,6.930494765951626,0.0,10.577095071221457,G,0.15
M,F,N,Semi-Urban,G,I,13.279216687548237,6.930494765951626,0.0,10.610463671032514,G,0.15
M,F,N,Semi-Urban,G,I,13.565803551374348,6.930494765951626,0.0,10.910075922391064,G,0.14
M,M,N,Semi-Urban,G,I,14.372512647449552,7.145196134997171,0.0,10.341097113970859,G,0.07
M,M,N,Semi-Urban,G,I,14.367804751175894,7.145196134997171,0.0,10.575870643743345,G,0.05
M,M,N,Semi-Urban,G,I,14.362117525489209,7.145196134997171,0.0,10.821077440141902,G,0.06
M,M,N,Semi-Urban,G,I,14.468227854618549,7.145196134997171,0.0,11.096348852107345,G,0.06
M,M,N,Urban,G,N,15.14626313896393,10.161418929336001,0.0,0.0,G,0.0
M,M,N,Urban,G,N,14.58664741709808,10.161418929336001,0.0,0.0,G,0.0
M,M,N,Urban,G,N,14.424128732446325,10.161418929336001,0.0,0.0,G,0.0
M,M,N,Urban,G,N,14.482827491573198,10.161418929336001,0.0,0.0,G,0.0
M,M,N,Urban,G,N,15.50291789183704,9.255122514748075,0.0,0.0,G,0.01
M,M,N,Urban,G,N,15.684759323838671,9.255122514748075,0.0,0.0,G,0.01
M,M,N,Urban,G,N,15.598793368284399,9.255122514748075,0.0,0.0,G,0.0
M,M,N,Urban,G,N,15.14629168061254,9.255122514748075,0.0,0.0,G,0.0
M,M,N,Urban,G,N,14.996726579771153,9.255122514748075,0.0,0.0,G,0.0
M,M,N,Rural,G,N,16.421052320515507,9.716434821366272,0.0,14.002900913332665,G,0.06
M,M,N,Rural,G,N,15.384439135328392,9.716434821366272,0.0,0.0,G,0.37
M,M,N,Rural,G,N,14.51910101716559,9.716434821366272,0.0,0.0,G,0.09
M,M,N,Rural,G,N,14.691292163036632,9.716434821366272,0.0,0.0,G,0.24
M,M,N,Rural,G,N,14.08515670657986,9.716434821366272,0.0,0.0,G,0.08
M,M,N,Rural,G,N,14.042597523789043,9.716434821366272,0.0,0.0,G,0.13
M,M,N,Rural,G,N,14.305629878241723,9.716434821366272,0.0,0.0,G,0.45
M,M,N,Rural,G,N,14.165199355511113,9.716434821366272,0.0,0.0,G,0.09
M,M,N,Rural,G,N,13.998145399012925,9.716434821366272,0.0,0.0,G,0.14
M,M,N,Rural,G,N,14.307994598589081,10.045594569160958,0.0,12.846678384669982,G,0.0
M,M,N,Rural,G,N,14.644772167236802,10.045594569160958,0.0,0.0,G,0.33
M,M,N,Rural,G,N,15.001446980264111,9.716434821366272,0.0,0.0,G,0.13
M,M,N,Rural,G,N,14.622624166858472,10.045594569160958,0.0,0.0,G,0.3
M,M,N,Rural,G,N,15.341040853576212,9.716434821366272,0.0,0.0,G,0.23
M,M,N,Rural,G,N,14.507697277429095,10.045594569160958,0.0,0.0,G,0.09
M,M,N,Rural,G,N,14.454994269068543,10.045594569160958,0.0,0.0,G,0.01
M,M,N,Rural,G,N,13.784051882105244,10.045594569160958,0.0,0.0,G,0.03
M,M,N,Rural,G,N,14.168271552385791,10.045594569160958,0.0,0.0,G,0.01
M,M,N,Rural,G,N,13.525958738624697,10.045594569160958,0.0,0.0,G,0.11710991045171142
M,M,N,Rural,G,N,13.20968903833492,9.716434821366272,0.0,0.0,G,0.0
M,M,N,Rural,G,N,15.001446980264111,7.437206366871292,9.676022175572895,0.0,G,0.0
M,M,N,Rural,G,N,14.819125484562155,7.437206366871292,9.675959402904095,0.0,G,0.0
M,M,N,Rural,G,N,15.512272481846091,9.716434821366272,9.676022175572895,0.0,G,0.03
M,M,N,Rural,G,N,13.20968903833492,9.716434821366272,9.675896626294639,0.0,G,0.0
M,M,N,Rural,G,N,13.541897057431363,7.53689712956617,9.675896626294639,15.208904904430709,G,0.05
M,M,N,Rural,G,N,14.819125484562155,9.716434821366272,10.037712454627359,0.0,G,0.02
M,M,N,Rural,G,N,15.512272481846091,9.716434821366272,9.676022175572895,0.0,G,0.03
M,M,N,Rural,G,N,14.308300105164125,10.045594569160958,10.037712454627359,0.0,G,0.0
M,M,N,Rural,G,N,14.015214331562659,11.462189909754109,10.037712454627359,16.069321391662406,G,0.04
M,M,N,Rural,G,N,15.603939654318541,11.462189909754109,10.037537560656384,0.0,G,0.01
M,M,N,Rural,G,N,13.902835302515827,10.045594569160958,10.037537560656384,0.0,G,0.01
M,M,N,Rural,G,N,15.982276042363315,11.462189909754109,8.971067438732089,0.0,G,0.0
M,M,N,Rural,G,N,15.793232032837311,11.462189909754109,8.971067438732089,0.0,G,0.0
M,M,N,Rural,G,N,14.73574390749719,11.462189909754109,9.258654232254733,0.0,G,0.01
M,M,N,Rural,G,N,14.135533239454414,11.462189909754109,10.044987114809828,0.0,G,0.0
M,M,N,Rural,G,N,13.77500205596677,7.814399633804487,10.044987114809828,0.0,G,0.02
M,M,N,Rural,G,N,13.714938559038245,7.814399633804487,10.044987114809828,0.0,G,0.02
M,M,N,Rural,G,N,13.222210522327158,7.814399633804487,10.156189906091882,0.0,G,0.06483518972167097
M,M,N,Rural,G,N,15.001446980264111,11.462189909754109,0.0,0.0,G,0.2
M,M,N,Rural,G,N,15.001446980264111,11.462189909754109,0.0,0.0,G,0.2
M,M,N,Rural,G,N,15.682352762205571,9.716434821366272,0.0,0.0,G,0.04
M,M,N,Rural,G,N,15.512272481846091,9.716434821366272,0.0,0.0,G,0.16
M,M,N,Rural,G,N,15.917737528862245,11.462189909754109,0.0,0.0,G,0.01
M,M,N,Rural,G,N,14.766882678565903,11.462189909754109,0.0,0.0,G,0.16
M,M,N,Rural,G,N,14.276313868777198,9.716434821366272,0.0,0.0,G,0.15
M,M,N,Rural,G,N,13.804671021885294,9.716434821366272,0.0,0.0,G,0.05
M,M,N,Rural,G,N,15.512272481846091,7.53689712956617,0.0,0.0,G,0.0
M,M,N,Rural,G,N,14.5973556508466,7.437206366871292,0.0,0.0,G,0.0
M,M,N,Rural,G,N,15.512272481846091,7.53689712956617,0.0,0.0,G,0.0
M,M,N,Rural,G,N,15.406911986552268,7.53689712956617,0.0,0.0,G,0.0
M,M,N,Rural,G,N,14.819125484562155,9.716434821366272,0.0,0.0,G,0.14
M,M,N,Rural,G,N,15.559671128184714,7.53689712956617,0.0,0.0,G,0.0
M,M,N,Rural,G,N,15.226455335662346,7.53689712956617,0.0,0.0,G,0.0
M,M,N,Rural,G,N,15.460979293565709,9.716434821366272,0.0,0.0,G,0.44
M,M,N,Rural,G,N,13.902835302515827,9.716434821366272,0.0,0.0,G,0.04
M,M,N,Rural,G,N,13.902835302515827,9.716434821366272,0.0,0.0,G,0.04
M,M,N,Rural,G,N,15.299709231215791,7.53689712956617,0.0,0.0,G,0.04969717956896159
M,M,N,Rural,G,N,15.625601147516377,9.716434821366272,0.0,0.0,G,0.16
M,M,N,Rural,G,N,13.776137513209123,9.716434821366272,0.0,0.0,G,0.02
M,M,N,Rural,G,N,13.294030038530941,7.814399633804487,0.0,0.0,G,0.4
M,M,N,Rural,G,N,13.18698189534207,10.795239659963128,0.0,13.399769330939773,G,0.03
M,M,N,Rural,G,N,16.112508572260772,9.716434821366272,0.0,0.0,G,0.2072741441539976
M,M,N,Rural,G,N,14.540997621429748,10.795239659963128,0.0,0.0,G,0.09
M,M,N,Rural,G,N,14.08515670657986,9.716434821366272,0.0,0.0,G,0.08
M,M,N,Rural,G,N,13.669137057326454,10.795239659963128,0.0,0.0,G,0.0
M,M,N,Rural,G,N,13.392010289669289,10.795239659963128,0.0,0.0,G,0.01
M,M,N,Rural,G,N,14.796879790160995,7.814399633804487,0.0,0.0,G,0.39
M,M,N,Rural,G,N,14.609884923728837,7.814399633804487,0.0,0.0,G,0.0
M,M,N,Rural,G,N,14.08515670657986,10.795239659963128,0.0,0.0,G,0.01
M,M,N,Rural,G,N,13.311162244391326,7.814399633804487,0.0,0.0,G,0.15
M,M,N,Rural,G,N,13.392010289669289,10.795239659963128,0.0,0.0,G,0.01
M,M,N,Rural,G,N,13.189487303500359,10.795239659963128,0.0,0.0,G,0.16
M,M,N,Rural,G,N,13.181290559384559,7.814399633804487,0.0,0.0,G,0.0
M,M,N,Rural,G,N,13.20968903833492,9.716434821366272,0.0,0.0,G,0.0
M,M,N,Rural,G,N,13.608464248063447,10.795239659963128,0.0,0.0,G,0.0
M,M,Y,Rural,G,N,14.783067623862552,10.045594569160958,0.0,0.0,G,0.1
U,M,Y,Rural,G,N,13.866670293433229,7.179307969504034,0.0,0.0,G,0.03
U,M,Y,Rural,G,N,14.271812623020562,7.179307969504034,0.0,0.0,G,0.38
U,M,Y,Rural,G,N,13.177926742051616,7.179307969504034,0.0,0.0,G,0.03
M,M,N,Rural,G,N,13.171155446333852,6.918695219020472,0.0,0.0,G,0.04
M,M,N,Rural,G,N,13.190866528998065,7.951911381854188,0.0,0.0,G,0.08
M,M,N,Rural,G,N,15.484121875002428,11.462189909754109,0.0,0.0,G,0.01
M,M,N,Rural,G,N,15.484224983925033,11.462189909754109,0.0,0.0,G,0.01
M,M,N,Rural,G,N,16.178610807960172,11.462189909754109,0.0,0.0,G,0.0
M,M,N,Rural,G,N,13.188126773076709,11.97273985982762,0.0,0.0,G,0.2
M,M,N,Rural,G,N,15.502340899954618,9.716434821366272,0.0,0.0,G,0.27
M,M,N,Rural,G,N,15.50375983566553,9.716434821366272,0.0,0.0,G,0.31
M,M,N,Rural,G,N,15.50406367114724,9.716434821366272,0.0,0.0,G,0.31
M,M,N,Rural,G,N,13.64264534864765,7.951911381854188,0.0,12.103491596905931,G,0.0
U,M,N,Rural,G,N,14.08515670657986,5.768320995793772,0.0,0.0,G,0.02
M,M,N,Rural,G,N,13.902835302515827,11.97273985982762,0.0,0.0,G,0.01
M,M,N,Rural,G,N,13.130646973491832,10.177172115344055,0.0,0.0,G,0.39
U,M,N,Rural,G,N,13.20968903833492,5.768320995793772,0.0,0.0,G,0.19941216013019866
M,M,N,Rural,G,N,13.20968903833492,10.177172115344055,0.0,0.0,G,0.04
M,M,N,Rural,G,N,13.679691980296456,10.177172115344055,0.0,0.0,G,0.01
M,M,N,Rural,G,N,13.54616075131107,10.177172115344055,0.0,0.0,G,0.01
M,F,N,Rural,G,N,13.196312479796061,7.784889295655098,0.0,0.0,G,0.32
M,M,N,Rural,G,N,14.569124700854227,6.5337888379333435,0.0,0.0,G,0.28
M,M,N,Rural,G,N,14.595982024885938,7.493317248862145,0.0,0.0,G,0.01
M,M,N,Rural,G,N,14.310131187185721,7.493317248862145,0.0,0.0,G,0.02
M,M,N,Rural,G,N,13.902835302515827,10.177172115344055,0.0,0.0,G,0.0
M,M,N,Rural,G,N,13.862013346178049,11.97273985982762,0.0,0.0,G,0.02
M,M,N,Rural,G,N,13.439211456516968,11.97273985982762,0.0,0.0,G,0.0
M,M,N,Rural,G,N,13.902835302515827,10.177172115344055,0.0,0.0,G,0.0
M,M,N,Rural,G,N,13.472053584765023,7.811163385025279,0.0,0.0,G,0.07
M,M,N,Rural,G,N,13.902835302515827,6.918695219020472,0.0,0.0,G,0.05
M,M,N,Rural,G,N,13.20968903833492,7.811163385025279,0.0,0.0,G,0.02
M,M,N,Rural,G,N,13.212183971512703,11.97273985982762,0.0,0.0,G,0.13
M,M,N,Rural,G,N,13.20968903833492,7.3833681469923835,0.0,0.0,G,0.0
M,M,N,Rural,G,N,13.459669551916944,11.97273985982762,0.0,0.0,G,0.04
M,M,N,Rural,G,I,13.141381383240091,6.304448802421981,0.0,10.802876246334927,G,0.36
M,M,N,Rural,G,I,13.128385209722824,10.411960410718521,0.0,10.651383301144275,G,0.36
M,M,N,Rural,G,I,13.173210472259672,13.039055678777322,0.0,10.036750159040897,G,0.29
M,M,N,Rural,G,I,13.173210472259672,8.758883680017025,0.0,10.036750159040897,G,0.28
M,M,N,Rural,G,I,13.215596856903948,6.393590753950631,0.0,0.0,G,0.37
M,M,N,Rural,G,I,13.215596856903948,12.705046311496035,0.0,0.0,G,0.2
M,M,N,Rural,G,I,13.215596856903948,12.768179613612313,0.0,0.0,G,0.18
M,M,N,Semi-Urban,G,I,15.004795623619962,9.277812087091196,0.0,12.926037009449143,G,0.09
M,F,N,Semi-Urban,G,I,13.868531758661522,6.650279048587422,0.0,11.718181993046679,G,0.14
M,M,N,Semi-Urban,G,I,14.721387251489556,9.277812087091196,0.0,12.605556568627064,G,0.08
M,M,N,Semi-Urban,G,I,14.736916584382731,9.277812087091196,0.0,12.480961988839448,G,0.08
M,F,N,Semi-Urban,G,I,13.857283779924224,6.650279048587422,0.0,11.814946737932889,G,0.14
M,F,N,Semi-Urban,G,I,13.895275996433027,6.650279048587422,0.0,11.780988843209103,G,0.15
M,F,N,Semi-Urban,G,I,13.593813460031804,8.344267356262645,0.0,9.734358589528156,G,0.16
M,F,N,Semi-Urban,G,I,13.592314505271892,8.344267356262645,0.0,9.802561633946167,G,0.17
M,F,N,Semi-Urban,G,I,13.720529324051316,8.344267356262645,0.0,9.333619388136354,G,0.17
U,M,N,Rural,G,N,15.512272481846091,6.9975959829819265,0.0,0.0,G,0.01
U,M,N,Rural,G,N,14.295465136874867,6.9975959829819265,0.0,11.604601777542019,G,0.02
U,M,N,Rural,G,N,15.570541379595953,6.9975959829819265,0.0,0.0,G,0.01
U,M,N,Rural,G,N,15.001446980264111,6.9975959829819265,0.0,0.0,G,0.0
U,M,N,Rural,G,N,14.819125484562155,6.9975959829819265,0.0,0.0,G,0.24
U,M,N,Rural,G,N,15.096757132299345,6.9975959829819265,0.0,0.0,G,0.0
U,M,N,Rural,G,N,15.155597616454225,6.9975959829819265,0.0,0.0,G,0.0
U,M,N,Rural,G,N,15.155597616454225,6.9975959829819265,0.0,0.0,G,0.0
M,M,N,Rural,G,N,14.75375884850325,11.045287036430773,0.0,13.019224835777257,G,0.01
M,M,N,Rural,G,N,13.20968903833492,11.045287036430773,0.0,0.0,G,0.02
M,M,N,Rural,G,N,14.819125484562155,11.045287036430773,0.0,0.0,G,0.05
U,M,N,Rural,G,N,14.308300105164125,6.9975959829819265,0.0,0.0,G,0.0
M,M,N,Rural,G,N,14.544688754613647,11.045287036430773,0.0,0.0,G,0.2
M,M,N,Rural,G,N,14.668302867610407,11.045287036430773,0.0,0.0,G,0.16
U,M,N,Rural,G,N,15.512272481846091,6.9975959829819265,0.0,0.0,G,0.01
M,M,N,Rural,G,N,14.691292163036632,11.045287036430773,0.0,0.0,G,0.15
M,M,N,Rural,G,N,13.797474888677936,11.045287036430773,0.0,0.0,G,0.03
M,M,N,Rural,G,N,14.595982024885938,11.045287036430773,0.0,0.0,G,0.12
M,M,N,Rural,G,N,14.41565883566035,11.045287036430773,0.0,0.0,G,0.04
M,M,N,Rural,G,N,15.660692461684913,11.045287036430773,0.0,0.0,G,0.08
M,M,N,Rural,G,N,14.08515670657986,11.045287036430773,0.0,0.0,G,0.12
M,M,N,Rural,G,N,14.535695890867204,8.190077049719049,0.0,14.334276970052196,G,0.01
U,M,N,Rural,G,N,14.310131187185721,6.9975959829819265,0.0,0.0,G,0.0
M,M,N,Rural,G,N,14.479872901694161,8.443115988019922,0.0,9.273409063443166,G,0.0
M,M,N,Rural,G,N,14.5973556508466,8.190077049719049,0.0,0.0,G,0.0
M,M,N,Rural,G,N,13.90558066892067,8.443115988019922,0.0,0.0,G,0.0
M,M,N,Rural,G,N,13.492980279003932,11.045287036430773,0.0,0.0,G,0.02
M,M,N,Rural,G,N,14.2029399967861,11.045287036430773,0.0,0.0,G,0.22
M,M,N,Rural,G,N,14.08515670657986,8.190077049719049,0.0,0.0,G,0.37
M,M,N,Rural,G,N,13.902835302515827,8.443115988019922,0.0,0.0,G,0.0
M,M,N,Rural,G,N,14.155149204784797,8.190077049719049,0.0,0.0,G,0.0
M,M,N,Rural,G,N,15.489169253562581,11.045287036430773,0.0,14.137268641872744,G,0.04
M,M,N,Rural,G,N,13.628398746197012,11.045287036430773,0.0,0.0,G,0.0
M,M,N,Rural,G,N,14.19550468396443,11.045287036430773,9.675959402904095,0.0,G,0.02
M,M,N,Rural,G,N,14.644772167236802,8.190077049719049,10.037581287016828,0.0,G,0.0
M,M,N,Rural,G,N,15.001446980264111,11.045287036430773,10.037712454627359,0.0,G,0.04888959433268729
M,M,N,Rural,G,N,13.54616075131107,8.190077049719049,10.037712454627359,0.0,G,0.02
M,M,N,Rural,G,N,13.797474888677936,11.045287036430773,10.037537560656384,0.0,G,0.04941216013019866
M,M,N,Rural,G,N,14.196996448954994,11.045287036430773,10.037537560656384,0.0,G,0.04
M,M,N,Rural,G,N,13.472053584765023,8.190077049719049,10.037537560656384,0.0,G,0.02
M,M,N,Rural,G,N,14.62067484980821,11.045287036430773,9.385049695767997,0.0,G,0.02
M,M,N,Rural,G,N,15.289128976350888,11.045287036430773,9.384797753713336,0.0,G,0.07
M,M,N,Rural,G,N,16.20541957076802,14.317704838630178,9.38328476695754,0.0,G,0.02
M,M,N,Rural,G,N,15.197561930324921,11.045287036430773,9.259035293514941,0.0,G,0.06888959433268729
M,M,N,Rural,G,N,14.595982024885938,11.045287036430773,10.763292585423422,0.0,G,0.12800114289151554
M,M,N,Rural,G,N,13.502358871134401,11.045287036430773,9.626415659196363,0.0,G,0.028061643576921737
M,M,N,Rural,G,N,14.433463176245208,8.190077049719049,10.475596404719017,0.0,G,0.0
M,M,N,Rural,G,N,14.28153063840458,11.045287036430773,10.475596404719017,14.093143052138025,G,0.01
M,M,N,Rural,G,N,13.97934137655912,14.317704838630178,9.626415659196363,17.216707972959764,G,0.11
M,M,N,Rural,G,N,13.840344623964274,11.045287036430773,9.656243400857722,17.003927216584877,G,0.28
M,M,N,Rural,G,N,14.800120654570616,10.808838664371898,9.259130536145614,0.0,G,0.02
M,M,N,Rural,G,N,13.902835302515827,8.544224530467268,9.259130536145614,0.0,G,0.030373859323096653
M,M,N,Rural,G,N,13.20968903833492,8.544224530467268,9.376871242863814,0.0,G,0.018276881274371527
M,M,N,Rural,G,N,13.215172249727539,8.544224530467268,0.0,0.0,G,0.06
M,M,N,Rural,G,N,14.308300105164125,11.391379106890733,0.0,0.0,G,0.0
M,M,N,Rural,G,N,13.902835302515827,11.391379106890733,0.0,0.0,G,0.06
M,M,N,Rural,G,N,13.581251709987656,11.391379106890733,0.0,0.0,G,0.03
M,M,N,Rural,G,N,13.560346013202013,11.391379106890733,0.0,0.0,G,0.04
M,M,N,Rural,G,N,13.20968903833492,11.391379106890733,0.0,0.0,G,0.0
M,M,N,Urban,G,I,14.923324712637124,6.778784897685177,0.0,13.557088213909699,G,0.03
M,M,N,Semi-Urban,G,I,13.3114983368315,6.9930151229329605,0.0,10.813699848089813,G,0.12
M,M,N,Semi-Urban,G,I,13.320318753357219,6.9930151229329605,0.0,10.716992229759807,G,0.13
M,M,N,Semi-Urban,G,I,14.070923022257949,7.822845290279774,0.0,10.567592047643343,G,0.07
M,M,N,Semi-Urban,G,I,14.065197885456568,7.822845290279774,0.0,10.487070951635932,G,0.07
M,M,N,Urban,G,N,14.181542290308068,7.718240951959316,0.0,14.768393166010286,G,0.0
M,M,N,Urban,G,N,14.626707849623893,7.718240951959316,0.0,0.0,G,0.0
M,M,N,Urban,G,N,14.316892328595602,7.718240951959316,0.0,0.0,G,0.01
M,M,N,Urban,G,N,14.902472241131159,7.718240951959316,0.0,0.0,G,0.0
M,M,N,Urban,G,N,14.243226927003786,7.718240951959316,0.0,0.0,G,0.01
M,M,N,Urban,G,N,13.392010289669289,12.824016639022819,0.0,0.0,G,0.0
M,M,N,Urban,G,N,13.169821225863783,12.824016639022819,0.0,0.0,G,0.0
M,M,N,Urban,G,N,14.308300105164125,7.785305182539862,0.0,0.0,G,0.0
M,F,N,Rural,G,N,14.148984017028917,8.659213451436667,0.0,12.129110604393546,G,0.17
M,F,N,Rural,G,N,13.599592092741345,8.659213451436667,0.0,0.0,G,0.03
M,F,N,Rural,G,N,15.303657288386104,8.659213451436667,0.0,0.0,G,0.01
M,F,N,Rural,G,N,15.388204399832418,8.659213451436667,0.0,0.0,G,0.0
M,F,N,Rural,G,N,15.551493187950296,8.659213451436667,0.0,0.0,G,0.0
M,F,N,Rural,G,N,13.740317073778568,8.659213451436667,0.0,0.0,G,0.0
M,F,N,Rural,G,N,13.67593464828396,8.659213451436667,0.0,0.0,G,0.02
M,F,N,Rural,G,N,15.034236793233553,8.659213451436667,0.0,0.0,G,0.02
M,F,N,Rural,G,N,13.54616075131107,8.659213451436667,0.0,0.0,G,0.0
M,F,N,Rural,G,N,14.308300105164125,8.659213451436667,0.0,0.0,G,0.0
M,F,N,Rural,G,N,15.289128976350888,8.659213451436667,0.0,0.0,G,0.0
M,F,N,Rural,G,N,15.23783569402097,8.659213451436667,0.0,0.0,G,0.0
M,F,N,Rural,G,N,14.08515670657986,8.659213451436667,0.0,0.0,G,0.0
M,F,N,Rural,G,N,15.263811174240828,8.659213451436667,0.0,0.0,G,0.0
M,F,N,Rural,G,N,15.876915539432991,8.659213451436667,0.0,0.0,G,0.0
M,F,N,Rural,G,N,14.20958436418567,8.659213451436667,0.0,0.0,G,0.0
M,F,N,Rural,G,N,14.08515670657986,8.659213451436667,0.0,0.0,G,0.0
M,F,N,Rural,G,N,14.757250299215439,8.659213451436667,0.0,0.0,G,0.01
M,F,N,Rural,G,N,14.937797054645946,8.659213451436667,0.0,0.0,G,0.0
M,F,N,Rural,G,N,14.595982024885938,8.659213451436667,0.0,0.0,G,0.0
M,F,N,Rural,G,N,15.23783569402097,8.659213451436667,0.0,0.0,G,0.0
M,F,N,Rural,G,N,14.644772167236802,8.659213451436667,0.0,0.0,G,0.01
M,F,N,Rural,G,N,14.932454130595731,8.659213451436667,0.0,0.0,G,0.0
M,F,N,Rural,G,N,13.975156113273494,8.659213451436667,0.0,0.0,G,0.0
M,F,N,Rural,G,N,15.050237275344966,8.659213451436667,0.0,0.0,G,0.03
M,F,N,Rural,G,N,14.08515670657986,8.659213451436667,0.0,0.0,G,0.0
M,F,N,Rural,G,N,15.378238131891328,8.659213451436667,0.0,0.0,G,0.0
M,F,N,Rural,G,N,13.990846102634407,8.659213451436667,0.0,0.0,G,0.01
M,F,N,Rural,G,N,14.544688754613647,8.659213451436667,0.0,0.0,G,0.0
M,F,N,Rural,G,N,14.73574390749719,8.659213451436667,0.0,0.0,G,0.03
M,F,N,Rural,G,N,14.680782484091214,8.659213451436667,0.0,0.0,G,0.01
M,F,N,Rural,G,N,14.516938855232103,8.659213451436667,0.0,0.0,G,0.0
M,F,N,Rural,G,N,15.136269100811083,8.659213451436667,0.0,0.0,G,0.0
M,F,N,Rural,G,N,13.902835302515827,8.659213451436667,0.0,0.0,G,0.0
M,F,N,Rural,G,N,14.399967240178722,8.659213451436667,0.0,0.0,G,0.0
M,F,N,Rural,G,N,15.090068285789545,8.659213451436667,0.0,0.0,G,0.0
M,F,N,Rural,G,N,14.7252543050275,8.659213451436667,0.0,0.0,G,0.07
M,F,N,Rural,G,N,14.371588093661419,8.659213451436667,0.0,0.0,G,0.0
M,F,N,Rural,G,N,13.556817546194107,8.659213451436667,0.0,0.0,G,0.0
M,F,N,Rural,G,N,13.998145399012925,8.659213451436667,10.473930231870588,0.0,G,0.01592765070912109
M,F,N,Rural,G,N,14.870578747767766,8.659213451436667,11.703801990112794,0.0,G,0.1
M,F,N,Rural,G,N,14.436399899971185,8.659213451436667,9.011035410141815,0.0,G,0.02
M,F,N,Rural,G,N,14.904569020494163,8.659213451436667,9.011035410141815,0.0,G,0.02
M,F,N,Rural,G,N,13.20968903833492,8.659213451436667,9.011035410141815,0.0,G,0.05798109371412496
M,F,N,Rural,G,N,13.408540317712806,8.659213451436667,9.010913347279288,0.0,G,0.11
M,F,N,Rural,G,N,14.403610507121089,8.659213451436667,9.874470603465635,0.0,G,0.03
M,F,N,Rural,G,N,13.87237659573317,8.659213451436667,9.874316175235847,0.0,G,0.05592765070912109
M,F,N,Rural,G,N,13.717108001688647,8.659213451436667,0.0,0.0,G,0.03
M,F,N,Rural,G,N,13.901334063046676,8.659213451436667,0.0,0.0,G,0.01
M,F,N,Rural,G,N,13.20968903833492,8.659213451436667,0.0,0.0,G,0.07
M,F,N,Rural,G,N,15.982276042363315,8.659213451436667,0.0,0.0,G,0.0
M,F,N,Rural,G,N,15.512272481846091,8.659213451436667,0.0,0.0,G,0.02
M,F,N,Rural,G,N,15.2080545990866,8.659213451436667,0.0,0.0,G,0.0
M,F,N,Rural,G,N,13.860971376484265,8.659213451436667,0.0,0.0,G,0.03
M,F,N,Rural,G,N,14.691292163036632,8.659213451436667,0.0,0.0,G,0.01
M,F,N,Rural,G,N,14.70304125649605,8.659213451436667,0.0,0.0,G,0.02
M,F,N,Rural,G,N,14.940634941172494,8.659213451436667,0.0,0.0,G,0.0
M,F,N,Rural,G,N,14.421628725015431,8.659213451436667,0.0,0.0,G,0.02
M,F,N,Rural,G,N,14.595982024885938,8.659213451436667,0.0,0.0,G,0.0
M,F,N,Rural,G,N,15.257122305940113,8.659213451436667,0.0,0.0,G,0.0
M,F,N,Rural,G,N,13.740317073778568,8.659213451436667,0.0,0.0,G,0.0
M,F,N,Rural,G,N,14.275088149476263,8.659213451436667,0.0,0.0,G,0.04
M,F,N,Rural,G,N,15.109464001653983,8.659213451436667,0.0,0.0,G,0.0
M,F,N,Rural,G,N,15.126610087281646,8.659213451436667,0.0,0.0,G,0.0
M,F,N,Rural,G,N,13.392010289669289,8.659213451436667,0.0,0.0,G,0.49
M,F,N,Rural,G,N,13.779537206420214,8.659213451436667,0.0,0.0,G,0.01
M,F,N,Rural,G,N,13.667113792575956,8.659213451436667,0.0,0.0,G,0.09
M,F,N,Rural,G,N,14.746985031191167,8.659213451436667,0.0,0.0,G,0.01
M,F,N,Rural,G,N,14.495608972474532,8.659213451436667,0.0,0.0,G,0.0
M,F,N,Rural,G,N,14.469284693769069,8.659213451436667,0.0,0.0,G,0.0
M,F,N,Rural,G,N,14.132358637076914,8.659213451436667,0.0,0.0,G,0.0
M,F,N,Rural,G,N,14.445159209740412,8.659213451436667,0.0,0.0,G,0.0
M,F,N,Rural,G,N,14.308300105164125,8.659213451436667,0.0,0.0,G,0.0
M,F,N,Rural,G,N,13.20968903833492,8.659213451436667,0.0,0.0,G,0.07
M,F,N,Rural,G,N,13.20968903833492,8.659213451436667,0.0,0.0,G,0.07
M,F,N,Rural,G,N,14.372838588119206,8.659213451436667,0.0,0.0,G,0.0
M,F,N,Rural,G,N,14.308300105164125,8.659213451436667,0.0,0.0,G,0.0
M,F,N,Rural,G,N,14.308300105164125,8.659213451436667,0.0,0.0,G,0.0
M,F,N,Rural,G,N,14.08515670657986,8.659213451436667,0.0,0.0,G,0.0
M,F,N,Rural,G,N,14.403610507121089,8.659213451436667,0.0,0.0,G,0.0
M,F,N,Rural,G,N,13.975156113273494,8.659213451436667,0.0,0.0,G,0.0
M,F,N,Rural,G,N,14.21837562221933,8.659213451436667,0.0,0.0,G,0.0
M,F,N,Rural,G,N,13.998145399012925,8.659213451436667,0.0,0.0,G,0.0
M,F,N,Rural,G,N,14.595982024885938,8.659213451436667,0.0,0.0,G,0.0
M,F,N,Rural,G,N,14.165199355511113,8.659213451436667,0.0,0.0,G,0.0
M,F,N,Rural,G,N,13.959216018787135,8.659213451436667,0.0,0.0,G,0.0
M,F,N,Rural,G,N,13.20968903833492,8.659213451436667,0.0,0.0,G,0.07
M,F,N,Rural,G,N,14.369708840538877,8.659213451436667,0.0,0.0,G,0.0
M,F,N,Rural,G,N,13.45654871535072,8.659213451436667,0.0,0.0,G,0.05
M,F,N,Rural,G,N,14.671553072173063,8.659213451436667,0.0,0.0,G,0.02
M,F,N,Rural,G,N,13.184881734383662,8.659213451436667,0.0,0.0,G,0.15
M,F,N,Rural,G,N,14.71819960489807,8.659213451436667,0.0,0.0,G,0.05
M,F,N,Rural,G,N,13.615154146443084,8.659213451436667,0.0,0.0,G,0.01
M,F,N,Rural,G,N,13.88263261389993,8.659213451436667,0.0,0.0,G,0.02
M,F,N,Rural,G,N,14.656135920956366,8.659213451436667,0.0,0.0,G,0.03
M,F,N,Rural,G,N,13.3049998845962,8.659213451436667,0.0,0.0,G,0.09
M,F,N,Rural,G,N,13.54616075131107,8.659213451436667,0.0,0.0,G,0.0
M,F,N,Rural,G,N,14.224918549348535,8.659213451436667,0.0,0.0,G,0.0
M,F,N,Rural,G,N,14.1934002689153,8.659213451436667,0.0,0.0,G,0.05
M,F,N,Rural,G,N,13.902835302515827,8.659213451436667,0.0,0.0,G,0.0
M,F,N,Rural,G,N,13.712885187273729,8.659213451436667,0.0,0.0,G,0.01
M,F,N,Rural,G,N,13.378587289976311,8.659213451436667,0.0,0.0,G,0.21
M,F,N,Rural,G,N,13.20968903833492,8.659213451436667,0.0,0.0,G,0.07
M,F,N,Rural,G,N,13.199639183811486,8.659213451436667,0.0,0.0,G,0.02
M,F,Y,Rural,G,N,13.193393904793036,8.659213451436667,0.0,16.06237160791655,G,0.14
M,F,Y,Rural,G,N,15.413375764205757,8.659213451436667,0.0,12.742568940017076,G,0.38
M,F,Y,Rural,G,N,15.441590225042937,8.659213451436667,0.0,12.206077645517674,G,0.25
M,F,Y,Rural,G,N,15.480175965658796,8.659213451436667,0.0,0.0,G,0.0
M,F,Y,Rural,G,N,14.563778772759568,8.659213451436667,0.0,0.0,G,0.02
M,F,Y,Rural,G,N,15.256818534487468,8.659213451436667,0.0,0.0,G,0.04
M,F,Y,Rural,G,N,13.258036973870881,8.659213451436667,0.0,0.0,G,0.19
M,M,N,Rural,G,N,14.288173772375915,2.9444389791664403,0.0,0.0,G,0.0
M,M,N,Rural,G,N,14.95405740749985,4.430816798843313,0.0,0.0,G,0.0
M,M,N,Rural,G,I,13.28787951079572,7.3783837129967145,0.0,0.0,G,0.47
M,M,N,Rural,G,N,15.156382776756239,7.745002803515839,0.0,0.0,G,0.03
M,M,N,Rural,G,N,13.20968903833492,7.745002803515839,0.0,0.0,G,0.0
M,M,N,Rural,G,I,13.141520698496024,9.934695479660322,0.0,10.802713505783691,G,0.35
M,M,N,Rural,G,I,13.141381383240091,7.403670290012373,0.0,10.802876246334927,G,0.36
M,M,N,Urban,G,I,13.273030855063082,12.742794060216132,0.0,10.686978052993675,G,0.02
M,M,N,Semi-Urban,G,I,15.595711989671097,11.996690224049312,0.0,12.549013203099824,G,0.05
M,F,N,Urban,G,I,14.170705006510344,0.0,0.0,11.205639145543591,G,0.03
M,F,N,Rural,G,I,17.533751027770993,8.659213451436667,0.0,15.245203910294343,G,0.11
M,M,N,Rural,G,N,13.67035761019747,13.817070340870199,0.0,0.0,G,0.23
M,M,N,Rural,G,N,13.903293387308002,13.970429228525425,0.0,0.0,G,0.3
M,M,N,Rural,G,N,13.903293387308002,11.522459867753149,0.0,0.0,G,0.0
M,M,N,Rural,G,N,14.308300105164125,8.352082671352637,0.0,0.0,G,0.0
M,M,N,Rural,G,N,14.308300105164125,8.352082671352637,0.0,0.0,G,0.0
M,M,N,Rural,G,N,14.05450462352839,0.0,0.0,0.0,G,0.0
M,M,N,Rural,G,N,14.277589746604704,8.006700845440367,0.0,0.0,G,0.13
M,M,N,Rural,G,N,13.870959455858587,8.352082671352637,0.0,0.0,G,0.01
M,M,N,Rural,G,N,13.870959455858587,8.352082671352637,0.0,0.0,G,0.01
M,M,N,Rural,G,N,13.870959455858587,8.352082671352637,0.0,0.0,G,0.01
M,M,N,Rural,G,N,14.276424248613246,8.352082671352637,0.0,0.0,G,0.01
M,M,N,Rural,G,N,14.276527679230314,8.352082671352637,0.0,0.0,G,0.01
M,M,N,Rural,G,N,14.276631099150597,8.352082671352637,0.0,0.0,G,0.01
M,M,N,Rural,G,N,14.276735138887565,8.352082671352637,0.0,0.0,G,0.01
M,M,N,Rural,G,N,13.874102998651606,8.352082671352637,0.0,0.0,G,0.15
M,M,N,Rural,G,N,14.279865136324883,11.370854859682497,0.0,0.0,G,0.01
M,M,N,Rural,G,N,13.649959978833635,8.862341963516347,0.0,0.0,G,0.0
M,M,N,Rural,G,N,13.874788390914649,7.640603826393634,0.0,0.0,G,0.23
M,M,N,Rural,G,N,13.875259502369486,7.640603826393634,0.0,0.0,G,0.23
M,M,N,Rural,G,N,13.180505862442903,7.1846291527173145,0.0,0.0,G,0.03
M,M,N,Rural,G,N,13.874122803367674,7.1846291527173145,0.0,0.0,G,0.03
M,M,N,Rural,G,N,14.141274955466793,7.360103972989152,0.0,0.0,G,0.0
M,M,N,Rural,G,N,14.06357537865173,7.360103972989152,0.0,0.0,G,0.0
M,M,N,Rural,G,N,13.189358254228607,12.26214102104971,0.0,0.0,G,0.16
M,M,N,Rural,G,N,13.189638774876766,12.26214102104971,0.0,0.0,G,0.03
M,M,N,Rural,G,N,13.882811198435638,7.580189417944541,0.0,0.0,G,0.053859602962762126
M,M,N,Rural,G,N,13.882811198435638,7.580189417944541,0.0,0.0,G,0.053859602962762126
M,M,N,Rural,G,N,13.883278546254665,7.580189417944541,0.0,0.0,G,0.053859602962762126
M,M,N,Rural,G,N,14.1558759208114,13.188984104246224,0.0,0.0,G,0.21
M,M,N,Rural,G,N,14.078143247940876,13.188984104246224,0.0,0.0,G,0.38
M,M,N,Rural,G,N,13.672060422559104,6.6052979209482015,0.0,0.0,G,0.0
M,M,N,Rural,G,N,13.202290386077301,10.897294726838112,0.0,0.0,G,0.04689073722420283
M,M,N,Rural,G,N,13.202491619881197,7.244941546337007,0.0,0.0,G,0.01
M,M,N,Rural,G,N,13.203414192151747,7.244941546337007,0.0,0.0,G,0.07
M,M,N,Rural,G,N,13.205597295437615,10.897294726838112,0.0,0.0,G,0.1924249109651638
M,M,N,Rural,G,N,14.594905157105256,8.444407421690585,0.0,0.0,G,0.0
M,M,N,Urban,G,N,13.148270861495485,6.363028103540465,0.0,0.0,G,0.0
M,M,N,Urban,G,N,13.151947422045728,0.0,0.0,0.0,G,0.0
M,M,N,Urban,G,N,13.180647379754008,13.817070340870199,0.0,0.0,G,0.0
U,M,N,Rural,G,I,13.427641232095326,7.620705086838262,0.0,10.12667110305036,G,0.18
M,M,N,Rural,G,I,13.245585814877677,12.122859500661123,0.0,9.937115733516112,G,0.25
M,M,N,Rural,G,N,13.486956489742196,8.627660644442209,0.0,12.127375698580993,G,0.11
M,M,N,Rural,G,N,13.158396322712646,8.574707097616844,0.0,0.0,G,0.0
M,M,N,Rural,G,N,13.215172249727539,10.308619271743055,0.0,0.0,G,0.2042837957309994
M,M,N,Rural,G,N,13.902835302515827,8.444407421690585,0.0,0.0,G,0.0
M,M,N,Rural,G,N,13.90558066892067,8.444407421690585,0.0,0.0,G,0.0
M,M,N,Rural,G,N,13.350596355586353,11.370854859682497,0.0,13.635038489811318,G,0.0
M,M,N,Rural,G,N,13.392010289669289,8.394573477868327,0.0,0.0,G,0.0
M,M,N,Rural,G,N,13.472053584765023,7.687997166393016,10.109851103810321,0.0,G,0.03
M,M,N,Rural,G,N,13.797474888677936,13.188984104246224,0.0,0.0,G,0.01
M,M,N,Rural,G,N,13.543956395441294,13.188984104246224,0.0,0.0,G,0.0
M,M,N,Rural,G,N,13.285345799472825,7.270312886079025,9.676084944301534,10.890124905830831,G,0.07
M,M,N,Rural,G,N,13.20968903833492,8.574707097616844,9.675959402904095,0.0,G,0.0
M,M,N,Rural,G,N,13.392010289669289,8.61323037961318,14.525769002250362,0.0,G,0.02
M,M,N,Rural,G,N,13.276052236323011,6.967909201801884,8.970177815492379,12.138821114172938,G,0.02
M,M,N,Rural,G,N,13.54616075131107,7.580189417944541,10.480185182952555,0.0,G,0.04771391459308461
M,M,N,Rural,G,N,14.259950195078735,7.270312886079025,10.324727579759655,0.0,G,0.01
M,M,N,Rural,G,N,13.20968903833492,13.188984104246224,14.116717505560818,0.0,G,0.03
M,M,N,Rural,G,N,13.502581786111039,8.574707097616844,13.495620671067542,0.0,G,0.03
M,M,N,Rural,G,N,13.615154146443084,0.0,0.0,0.0,G,0.01
M,M,N,Rural,G,N,13.392010289669289,8.574707097616844,0.0,0.0,G,0.15
M,M,N,Rural,G,N,13.20968903833492,8.574707097616844,0.0,0.0,G,0.03
M,M,N,Rural,G,N,14.595982024885938,7.360103972989152,0.0,0.0,G,0.0
M,M,N,Rural,G,N,13.902835302515827,8.974364841846596,0.0,0.0,G,0.01
M,M,N,Semi-Urban,G,I,14.53092888514545,8.76748487464946,0.0,0.0,G,0.07
M,M,N,Semi-Urban,G,I,14.22477709813187,8.76748487464946,0.0,0.0,G,0.05
M,M,N,Rural,G,N,14.414106920331873,12.903261646916452,0.0,11.5130054617704,G,0.05
M,M,N,Rural,G,N,14.281271449513735,12.903261646916452,0.0,0.0,G,0.07
M,M,N,Rural,G,N,13.691364697403031,8.414052432496725,0.0,12.138869243416009,G,0.03
M,M,N,Rural,G,N,13.20968903833492,8.414052432496725,0.0,0.0,G,0.0
M,M,N,Rural,G,N,13.710463326561143,12.903261646916452,0.0,0.0,G,0.2732742210773606
M,M,N,Rural,G,N,15.349753692500563,8.414052432496725,0.0,0.0,G,0.06
M,M,N,Rural,G,N,13.20968903833492,8.414052432496725,0.0,0.0,G,0.0
M,M,N,Rural,G,N,13.20968903833492,12.903261646916452,0.0,0.0,G,0.03
M,M,N,Rural,G,N,14.045202223507015,12.903261646916452,0.0,0.0,G,0.09
M,M,N,Rural,G,N,13.45654871535072,12.903261646916452,0.0,0.0,G,0.03
M,M,N,Rural,G,N,13.229492528104721,8.414052432496725,0.0,0.0,G,0.19
M,M,N,Rural,G,N,13.20968903833492,8.414052432496725,0.0,0.0,G,0.0
M,F,N,Rural,G,N,15.546900758187256,13.627740183287692,0.0,14.34614586782506,G,0.04
M,M,N,Rural,G,N,13.45654871535072,12.903261646916452,0.0,0.0,G,0.03
M,M,N,Rural,G,N,13.20968903833492,8.414052432496725,0.0,0.0,G,0.0
M,M,N,Rural,G,N,14.374088092815736,12.903261646916452,0.0,0.0,G,0.03
M,M,N,Rural,G,N,14.691292163036632,12.903261646916452,0.0,0.0,G,0.06
M,M,N,Rural,G,N,15.777823865183624,12.903261646916452,0.0,0.0,G,0.04
M,M,N,Rural,G,N,13.20968903833492,8.414052432496725,0.0,0.0,G,0.0
M,M,N,Rural,G,N,14.29959582394008,12.903261646916452,0.0,0.0,G,0.03
M,F,N,Rural,G,N,15.774636704019114,13.627740183287692,0.0,0.0,G,0.4763028973544015
M,F,N,Rural,G,N,15.512272481846091,13.627740183287692,0.0,0.0,B,0.5032344973141857
M,M,N,Rural,G,N,14.08515670657986,12.903261646916452,0.0,0.0,G,0.03
M,M,N,Rural,G,N,13.189487303500359,12.903261646916452,0.0,0.0,G,0.19
M,M,N,Rural,G,N,13.679691980296456,12.903261646916452,0.0,0.0,B,0.6305542603921249
M,M,N,Rural,G,N,14.051255181236925,12.903261646916452,0.0,0.0,G,0.09
M,M,N,Rural,G,N,13.47051288284844,12.903261646916452,0.0,0.0,G,0.03
M,F,N,Rural,G,N,16.184473292376946,13.627740183287692,0.0,0.0,G,0.3774133030217142
M,M,N,Rural,G,N,14.981743488153414,8.528330935826693,0.0,0.0,G,0.0
M,F,N,Rural,G,N,16.18536899156573,13.627740183287692,0.0,0.0,G,0.3774133030217142
M,M,N,Rural,G,N,15.962602920984489,15.099994206524572,0.0,0.0,G,0.01
M,M,N,Rural,G,N,14.298596366128981,9.781263419790754,10.292179440058462,0.0,G,0.03
M,M,N,Rural,G,N,14.592287696622066,9.359363643368622,10.109851103810321,0.0,G,0.0
M,M,N,Rural,G,N,14.70118784365542,8.528330935826693,0.0,13.188340238634666,G,0.08
M,M,N,Rural,G,N,13.392010289669289,9.781263419790754,0.0,0.0,G,0.0
M,M,N,Rural,G,N,13.862013346178049,12.264487769379203,0.0,0.0,G,0.0
M,M,N,Rural,G,N,13.392010289669289,7.4570320891223805,0.0,0.0,G,0.08
M,M,N,Rural,G,N,13.96984065026758,7.039660349862076,0.0,12.959112415330193,G,0.06
M,M,N,Rural,G,N,13.440801108394862,9.359363643368622,0.0,0.0,G,0.07
M,M,N,Rural,G,N,13.3049998845962,9.781263419790754,0.0,0.0,G,0.11
M,M,N,Rural,G,N,13.902835302515827,9.781263419790754,0.0,0.0,G,0.01
M,M,N,Rural,G,N,13.561753148032228,9.781263419790754,0.0,0.0,G,0.05
M,M,N,Rural,G,N,13.147814726471612,7.039660349862076,0.0,0.0,G,0.07
M,M,N,Rural,G,N,15.263811174240828,8.528330935826693,0.0,0.0,G,0.03
M,M,N,Rural,G,N,13.393727025668621,8.119100837637486,0.0,11.476790386346483,G,0.0
M,M,N,Rural,G,N,13.902835302515827,8.119100837637486,0.0,0.0,G,0.01
M,M,N,Rural,G,N,14.308300105164125,12.264487769379203,0.0,0.0,G,0.0
M,M,N,Rural,G,N,13.902835302515827,9.359363643368622,0.0,0.0,G,0.26
M,M,N,Rural,G,N,13.903293387308002,11.97232304842874,0.0,0.0,G,0.01
M,M,N,Rural,G,N,13.679691980296456,7.039660349862076,0.0,0.0,G,0.42979185764030164
M,M,N,Rural,G,N,13.20968903833492,10.917739492586165,0.0,0.0,G,0.21943621718479028
M,M,N,Rural,G,N,13.20968903833492,11.97232304842874,0.0,0.0,G,0.49
M,M,N,Rural,G,N,13.919420922661274,8.27308133366583,0.0,12.204576526902637,G,0.0
M,M,N,Rural,G,N,13.20968903833492,11.97232304842874,0.0,0.0,G,0.49
M,M,N,Urban,G,I,14.809323654884292,10.044335861123507,0.0,12.60647830954237,G,0.04
M,M,N,Urban,G,I,14.348935482921108,10.384647468346362,0.0,12.181989971889216,G,0.02
M,M,N,Rural,G,I,14.169834640793113,6.483107351457199,9.413770891980372,12.186808273348715,G,0.07
M,M,N,Rural,G,I,14.168187219413868,6.483107351457199,9.126088819528592,12.201215870468829,G,0.16
M,M,N,Rural,G,I,14.178539870074783,6.483107351457199,0.0,12.126699297119067,G,0.15
M,F,N,Urban,G,I,15.471657040982938,12.010848203380696,0.0,12.157690897947333,G,0.04
M,F,N,Urban,G,I,16.217297883254233,13.627740183287692,0.0,15.332198330892759,G,0.02
M,F,N,Urban,G,I,14.956889828437966,12.010848203380696,0.0,11.767412632564369,G,0.02
M,F,N,Urban,G,I,14.567236504297732,12.010848203380696,0.0,10.953802055796485,G,0.02
M,F,N,Urban,G,I,13.879078608347399,12.010848203380696,0.0,10.083013538694615,G,0.02
M,M,N,Urban,G,I,13.746919034497859,9.661224890275207,0.0,12.748798018701955,G,0.08
M,F,N,Urban,G,I,13.879354462911868,12.010848203380696,0.0,10.101354320665545,G,0.02
M,F,N,Urban,G,I,15.99965732564656,13.627740183287692,0.0,13.926099780080387,G,0.02
M,M,N,Urban,G,I,14.236367928396405,8.496173824192162,0.0,10.68384400716945,G,0.02
M,M,N,Urban,G,I,15.019792814404965,11.424946347143177,0.0,12.017553925928233,G,0.02
M,M,N,Urban,G,I,13.123352887677521,8.496173824192162,0.0,9.987506958039702,G,0.02
M,M,N,Urban,G,I,13.131759099044691,8.496173824192162,0.0,9.785435730759993,G,0.02
M,M,N,Urban,G,I,13.126518731947806,8.496173824192162,0.0,9.93721242193775,G,0.02
M,M,N,Urban,G,I,13.138651994655596,8.496173824192162,0.0,9.585552436913327,G,0.02
M,M,N,Urban,G,I,14.234657639539988,9.814219084777946,0.0,10.985224923979393,G,0.02
M,F,N,Urban,G,I,16.052077101786054,13.627740183287692,0.0,13.367451573980832,G,0.02
M,F,N,Urban,G,I,16.052016850866593,13.627740183287692,0.0,13.368333997385387,G,0.02
M,M,N,Urban,G,I,14.50843821443057,9.814219084777946,0.0,11.272788337279447,G,0.02
M,M,N,Urban,G,I,14.873533116803264,8.686935966003333,0.0,11.689673183414737,G,0.02
M,M,N,Urban,G,I,13.836214739522566,8.496173824192162,0.0,8.94910546953925,G,0.02
M,M,N,Urban,G,I,13.845798220736029,8.496173824192162,0.0,0.0,G,0.02
M,M,N,Urban,G,I,14.077875591662238,6.483107351457199,0.0,0.0,G,0.03
M,M,N,Semi-Urban,G,I,14.816925587413175,11.285874288825001,0.0,12.053859254613032,G,0.08
M,M,N,Semi-Urban,G,I,15.473188197390769,10.253087527802897,0.0,0.0,G,0.07
M,M,N,Urban,G,I,13.446417397589153,6.333279628139691,0.0,9.0642735958414,G,0.03
M,M,N,Urban,G,I,13.45883704259595,11.739447303440985,0.0,0.0,G,0.02
M,F,N,Urban,G,I,15.260824488787451,13.627740183287692,0.0,11.438395865482654,G,0.02
M,F,N,Urban,G,I,17.34209617489232,13.627740183287692,0.0,16.348599885852103,G,0.02
M,F,N,Urban,G,I,15.766387352789923,13.627740183287692,0.0,13.547825865085047,G,0.02
M,M,N,Urban,G,I,14.643840516860472,9.359363643368622,0.0,10.347500070256531,G,0.02
M,M,N,Urban,G,N,14.915122679965744,11.544850397754603,0.0,0.0,G,0.0
M,M,N,Urban,SS,N,13.538439983884853,12.444092986608148,0.0,0.0,G,0.0
M,M,N,Urban,G,N,14.207553321415745,12.444092986608148,0.0,0.0,G,0.01
M,M,N,Urban,G,N,13.677398403939607,12.444092986608148,0.0,0.0,G,0.0
M,M,N,Urban,G,N,13.523152235545213,8.066521490469993,0.0,0.0,G,0.01
M,M,N,Urban,G,N,14.091626752769644,14.151010178891008,0.0,0.0,G,0.01
M,M,N,Urban,G,N,13.199326270390594,8.406708458240965,0.0,0.0,G,0.0
M,M,N,Urban,G,N,13.339087971220277,13.539469795095846,0.0,0.0,G,0.0
M,M,N,Urban,G,N,13.977630257780485,12.444092986608148,0.0,0.0,G,0.0
M,M,N,Urban,G,N,13.962205800672564,13.472329869915608,0.0,0.0,G,0.0
M,M,N,Urban,G,N,13.778847610936543,8.156223323194624,0.0,0.0,G,0.0
M,M,N,Urban,G,N,13.195615697878253,14.151010178891008,0.0,0.0,G,0.0
M,M,N,Urban,G,N,13.711261646467772,7.898782356970309,0.0,0.0,G,0.04
M,M,N,Urban,G,N,14.106687267054188,14.151010178891008,0.0,0.0,G,0.01
M,M,N,Urban,G,N,13.845070331079134,7.898782356970309,0.0,0.0,G,0.0
M,M,N,Urban,G,N,14.122260428968183,13.472329869915608,0.0,0.0,G,0.0
M,M,N,Urban,G,N,14.114133312293877,14.151010178891008,0.0,0.0,G,0.01
M,M,N,Urban,G,N,14.057672900043293,8.156223323194624,0.0,0.0,G,0.0
M,M,N,Urban,G,N,14.086301525522053,14.151010178891008,0.0,0.0,G,0.01
M,M,N,Urban,G,N,13.717898831632498,13.539469795095846,0.0,0.0,G,0.03
M,F,N,Rural,G,N,15.019383657319835,11.444153997543017,0.0,14.34731517565935,G,0.05
M,F,N,Rural,G,N,15.841164249068429,11.444153997543017,0.0,13.551546314212295,G,0.01
M,M,N,Rural,G,N,14.399303146039188,7.418180822726788,0.0,0.0,G,0.01
M,M,N,Rural,G,N,14.04792936083174,7.418180822726788,11.041769171662445,0.0,G,0.06
M,F,N,Urban,G,N,13.270345355568319,15.334982186513761,10.584992221312,0.0,G,0.01
M,F,N,Urban,G,N,13.330643411909888,15.334982186513761,9.889287203134987,0.0,G,0.04
M,F,N,Urban,G,N,13.495685386851676,15.334982186513761,9.88659568486591,0.0,G,0.07
M,F,N,Urban,G,N,13.332804189462232,15.334982186513761,9.886493976159556,0.0,G,0.04
M,M,N,Rural,G,N,13.504015186212852,11.030509115677916,9.886544831805816,0.0,G,0.028061643576921737
M,F,N,Urban,G,N,13.141059510408482,15.334982186513761,9.915070213779195,0.0,G,0.03
M,F,N,Rural,G,N,16.000379563060886,11.444153997543017,9.914971360477415,0.0,G,0.0
M,F,N,Urban,G,N,14.098625717928224,15.334982186513761,9.914872497402692,0.0,G,0.0
M,F,N,Urban,G,N,13.64603691215878,15.334982186513761,9.915366715066206,0.0,G,0.05
M,F,N,Urban,G,N,13.44087383418666,15.334982186513761,11.119141861635901,0.0,G,0.02
M,F,N,Urban,G,N,13.290153191352317,15.334982186513761,12.690379740735356,0.0,G,0.01
M,F,N,Urban,G,N,14.048941808958963,15.334982186513761,10.60831623786991,11.23850177707664,G,0.01
M,F,N,Urban,G,N,14.465720487592339,15.334982186513761,10.202702860801582,11.661354090741,G,0.0
M,F,N,Urban,G,N,14.4019023616107,15.334982186513761,9.509555680241636,11.302216779257382,G,0.02
M,F,N,Urban,G,N,13.214364451789905,15.334982186513761,9.693753688131835,10.239995502805316,G,0.0
M,F,N,Urban,G,N,13.510992892214432,15.334982186513761,9.509555680241636,0.0,G,0.01
M,F,N,Urban,G,N,14.267725019043878,15.334982186513761,11.992037486579955,0.0,G,0.03
M,M,N,Urban,G,N,15.850061161104172,10.64670978572838,9.886646535340102,13.201932126623454,G,0.02
M,F,N,Urban,G,N,14.048331927756003,15.334982186513761,10.70447966004682,11.06665398721974,G,0.01
M,F,N,Urban,G,N,14.593794526235431,15.334982186513761,8.78813593986372,11.608244735642321,G,0.0
M,F,N,Urban,G,N,14.081036741370164,15.334982186513761,8.78813593986372,11.097425172408931,G,0.0
M,F,N,Urban,G,N,14.888584501511055,15.334982186513761,8.78813593986372,11.790564777297387,G,0.0
M,F,N,Urban,G,N,13.25801951116685,15.334982186513761,8.78813593986372,0.0,G,0.01
M,F,N,Urban,G,N,13.25801951116685,15.334982186513761,9.886646535340102,0.0,G,0.04
M,M,N,Rural,G,N,15.60706633978279,15.596282720532214,11.991901224014168,10.239995502805316,G,0.0
M,F,N,Urban,G,N,13.345422125122814,15.334982186513761,11.991901224014168,0.0,G,0.02
M,M,N,Rural,G,N,13.167577631813058,11.030509115677916,10.174201476757755,0.0,G,0.03
M,F,N,Urban,G,N,14.182252162623257,15.334982186513761,10.69471380325571,0.0,G,0.03
M,M,N,Rural,G,N,14.39160749680876,11.98825240024731,9.481130576757746,15.415850408261026,G,0.0
M,M,N,Rural,G,N,15.613160974771217,11.98825240024731,9.481130576757746,13.372345140303285,G,0.01
M,F,N,Urban,G,N,13.729930882872925,15.334982186513761,9.743377484107393,0.0,G,0.03
M,F,N,Urban,G,N,13.595465949961305,15.334982186513761,9.690356211348643,0.0,G,0.01
M,F,N,Urban,G,N,13.844996542020658,15.334982186513761,10.330126895875699,0.0,G,0.0
M,F,N,Urban,G,N,13.605832192759882,15.334982186513761,10.473986757787737,0.0,G,0.01
M,M,N,Rural,G,N,16.783925641485734,11.98825240024731,9.586445324777861,14.5299303632759,G,0.01
M,M,N,Rural,G,N,16.0539938344514,11.98825240024731,10.383843659485919,13.702342979678837,G,0.0
M,F,N,Urban,G,N,14.326794676605424,15.334982186513761,11.15612194133691,0.0,G,0.03
M,M,N,Rural,G,N,13.94238811282693,7.418180822726788,13.784706961287508,0.0,G,0.01
M,M,N,Rural,G,N,13.863370766049032,7.418180822726788,11.743465594034657,0.0,G,0.04888959433268729
M,F,N,Urban,G,N,13.216095949803874,15.334982186513761,10.775909987953623,0.0,G,0.01
M,F,N,Urban,G,N,13.73590333878519,15.334982186513761,0.0,0.0,G,0.01
M,M,N,Rural,G,N,15.430572227391865,11.98825240024731,0.0,13.171155446333852,G,0.24
M,F,N,Urban,G,N,13.508448568861578,15.334982186513761,0.0,0.0,G,0.01
M,F,N,Urban,G,N,13.135016981811939,15.334982186513761,0.0,0.0,G,0.0
M,F,N,Urban,G,N,13.157448628231666,15.334982186513761,0.0,0.0,G,0.0
M,M,N,Rural,G,N,14.524344062318342,11.98825240024731,0.0,0.0,G,0.03
M,F,N,Rural,G,N,15.122328717582368,11.444153997543017,0.0,16.175609651569797,G,0.02
M,M,N,Rural,G,N,13.234829190544195,15.505245791808928,0.0,14.312643462870584,G,0.0
M,F,N,Urban,G,N,15.813252906171877,15.334982186513761,0.0,0.0,G,0.07
M,F,N,Urban,G,N,15.564574403524695,15.334982186513761,0.0,0.0,G,0.03
M,F,N,Urban,G,N,15.854634795454595,15.334982186513761,0.0,0.0,G,0.07
M,F,N,Urban,G,N,13.728582450234937,15.334982186513761,0.0,0.0,G,0.01
M,F,N,Urban,G,N,14.835015062892346,15.334982186513761,0.0,0.0,G,0.02
M,F,N,Urban,G,N,14.136123411045963,15.334982186513761,0.0,0.0,G,0.0
M,F,N,Urban,G,N,13.462365092368186,15.334982186513761,0.0,0.0,G,0.0
M,F,N,Urban,G,N,15.769761539647593,15.334982186513761,0.0,0.0,G,0.07
M,F,N,Urban,G,N,15.594056613269608,15.334982186513761,0.0,0.0,G,0.03
M,F,N,Urban,G,N,15.6431339909661,15.334982186513761,0.0,0.0,G,0.07
M,F,N,Urban,G,N,15.769136435511124,15.334982186513761,0.0,0.0,G,0.07
M,F,N,Urban,G,N,15.858598492411755,15.334982186513761,0.0,0.0,G,0.07
M,F,N,Urban,G,N,14.157462041770854,15.334982186513761,0.0,0.0,G,0.0
M,F,N,Urban,G,N,14.226734386102436,15.334982186513761,0.0,11.112462823634855,G,0.0
M,F,N,Urban,G,N,13.30840965547013,15.334982186513761,0.0,0.0,G,0.0
M,F,N,Urban,G,N,13.72074592931985,15.334982186513761,0.0,0.0,G,0.01
M,F,N,Urban,G,N,16.156105535200208,15.334982186513761,0.0,0.0,G,0.02
M,F,N,Urban,G,N,16.135861204828576,15.334982186513761,0.0,0.0,G,0.02
M,F,N,Urban,G,N,16.14491293167126,15.334982186513761,0.0,0.0,G,0.02
M,F,N,Urban,G,N,16.196284086685584,15.334982186513761,0.0,0.0,G,0.02
M,F,N,Urban,G,N,16.53135973450895,15.334982186513761,0.0,0.0,G,0.02
M,F,N,Urban,G,N,16.061727924442746,15.334982186513761,0.0,0.0,G,0.02
M,F,N,Urban,G,N,16.036077242873414,15.334982186513761,0.0,0.0,G,0.02
M,F,N,Urban,G,N,16.02847603911586,15.334982186513761,0.0,0.0,G,0.03
M,F,N,Urban,G,N,16.04732140805674,15.334982186513761,0.0,0.0,G,0.02
M,F,N,Urban,G,N,15.289255199741486,15.334982186513761,0.0,0.0,G,0.03
M,F,N,Urban,G,N,14.47363452353662,15.334982186513761,0.0,0.0,G,0.0
M,M,N,Rural,G,N,13.503093072006175,10.85003587157098,0.0,0.0,G,0.08962888803221329
M,M,N,Rural,G,N,13.2546995560451,6.70808408385307,0.0,0.0,G,0.05
U,F,N,Rural,G,N,14.333051781526969,12.306270859407274,0.0,0.0,G,0.07
M,M,N,Rural,G,N,15.06293817589862,14.536705691269377,0.0,12.600500398855342,G,0.01
M,M,N,Urban,G,N,15.502938056474832,13.456415545162603,0.0,0.0,G,0.0
M,M,N,Urban,G,N,14.58664741709808,13.468112450805751,0.0,0.0,G,0.0
M,M,N,Urban,G,N,13.200355368410449,13.468112450805751,0.0,0.0,G,0.0
M,M,N,Urban,G,N,14.58664741709808,13.468112450805751,0.0,0.0,G,0.0
M,M,N,Urban,G,N,15.502938056474832,13.456415545162603,0.0,0.0,G,0.0
M,M,N,Urban,G,N,15.441062538611003,13.456415545162603,0.0,0.0,G,0.0
M,M,N,Urban,G,N,15.087422719025325,13.468112450805751,0.0,0.0,G,0.0
M,M,N,Rural,G,N,13.472053584765023,11.030509115677916,0.0,0.0,G,0.04
M,M,N,Urban,G,N,13.67035761019747,13.468112450805751,0.0,0.0,G,0.0
M,M,N,Urban,G,N,13.776539973526198,10.64670978572838,0.0,0.0,G,0.0
M,M,N,Urban,G,N,13.200355368410449,10.64670978572838,0.0,0.0,G,0.0
M,M,N,Urban,G,N,13.788140388916844,13.456415545162603,0.0,0.0,G,0.0
M,M,N,Urban,G,N,13.200355368410449,13.456415545162603,0.0,0.0,G,0.0
M,M,N,Urban,G,N,13.200355368410449,13.468112450805751,0.0,0.0,G,0.0
M,M,N,Urban,G,N,14.809791060909681,13.468112450805751,0.0,0.0,G,0.0
M,M,N,Urban,G,N,14.075821947494406,10.64670978572838,0.0,0.0,G,0.0
M,M,N,Urban,G,N,14.58664741709808,13.468112450805751,0.0,0.0,G,0.0
M,M,N,Urban,G,N,15.502938056474832,13.468112450805751,0.0,0.0,G,0.0
M,M,N,Urban,G,N,15.397577479152067,13.468112450805751,0.0,0.0,G,0.0
M,M,N,Urban,G,N,15.279794366414505,13.468112450805751,0.0,0.0,G,0.0
M,M,N,Urban,G,N,15.14626313896393,13.468112450805751,0.0,0.0,G,0.0
M,M,N,Urban,G,N,15.201832918692173,13.468112450805751,0.0,0.0,G,0.0
M,M,N,Urban,G,N,15.328584695757884,13.468112450805751,0.0,0.0,G,0.0
M,M,N,Urban,G,N,15.397577479152067,13.468112450805751,0.0,0.0,G,0.0
M,M,N,Urban,G,N,15.279794366414505,13.468112450805751,0.0,0.0,G,0.0
M,M,N,Urban,G,N,15.14626313896393,13.468112450805751,0.0,0.0,G,0.0
M,M,N,Urban,G,N,15.59824811855518,13.468112450805751,0.0,0.0,G,0.02
M,M,N,Urban,G,N,15.502938056474832,13.468112450805751,0.0,0.0,G,0.0
M,M,N,Urban,G,N,14.229973067785297,13.468112450805751,0.0,0.0,G,0.0
M,M,N,Urban,G,N,15.397577479152067,13.468112450805751,0.0,0.0,G,0.0
M,M,N,Urban,G,N,15.502938056474832,13.468112450805751,0.0,0.0,G,0.0
M,M,N,Rural,G,N,13.24258964815182,0.0,0.0,11.970729986758966,G,0.1
M,M,N,Urban,G,N,15.328584695757884,13.468112450805751,0.0,0.0,G,0.0
M,M,N,Urban,G,N,15.441062538611003,13.468112450805751,0.0,0.0,G,0.0
M,M,N,Urban,G,N,13.200355368410449,10.64670978572838,0.0,0.0,G,0.0
M,M,N,Urban,G,N,14.58664741709808,13.468112450805751,0.0,0.0,G,0.0
M,M,N,Urban,G,N,15.46211592320846,13.468112450805751,0.0,0.0,G,0.0
M,M,N,Urban,G,N,15.561206891298974,13.468112450805751,0.0,0.0,G,0.02
M,M,N,Urban,G,N,14.075821947494406,10.64670978572838,0.0,0.0,G,0.0
M,M,N,Urban,G,N,15.14626313896393,13.468112450805751,0.0,0.0,G,0.0
M,M,N,Urban,G,N,15.279794366414505,13.468112450805751,0.0,0.0,G,0.0
M,M,N,Urban,G,N,15.279794366414505,13.468112450805751,0.0,0.0,G,0.0
M,M,N,Urban,G,N,15.397577479152067,13.468112450805751,0.0,0.0,G,0.0
M,M,N,Urban,G,N,14.658968196988322,13.468112450805751,0.0,0.0,G,0.0
M,M,N,Urban,G,N,15.502938056474832,13.468112450805751,0.0,0.0,G,0.0
M,M,N,Urban,G,N,15.397577479152067,13.468112450805751,0.0,0.0,G,0.0
M,M,N,Urban,G,N,13.200355368410449,13.468112450805751,0.0,0.0,G,0.0
M,M,N,Urban,G,N,15.59824811855518,13.468112450805751,0.0,0.0,G,0.02
M,M,N,Urban,G,N,15.502938056474832,13.468112450805751,0.0,0.0,G,0.0
M,M,N,Urban,G,N,13.893500699025013,13.468112450805751,0.0,0.0,G,0.0
M,M,N,Urban,G,N,15.14626313896393,13.468112450805751,0.0,0.0,G,0.0
M,M,N,Urban,G,N,15.201832918692173,13.468112450805751,0.0,0.0,G,0.0
M,M,N,Urban,G,N,14.298965807133179,13.468112450805751,0.0,0.0,G,0.0
M,M,N,Urban,G,N,14.535354195734786,10.64670978572838,0.0,0.0,G,0.0
M,F,N,Urban,G,N,17.292362634035946,15.334982186513761,0.0,0.0,G,0.02
M,M,N,Urban,G,N,13.200355368410449,13.468112450805751,0.0,0.0,G,0.0
M,M,N,Urban,G,N,13.200355368410449,13.468112450805751,0.0,0.0,G,0.0
M,M,N,Urban,G,N,13.200355368410449,13.468112450805751,0.0,0.0,G,0.0
M,M,N,Urban,G,N,14.809791060909681,13.456415545162603,0.0,0.0,G,0.0
M,M,N,Urban,G,N,14.809791060909681,10.64670978572838,0.0,0.0,G,0.0
M,M,N,Urban,G,N,13.67035761019747,10.64670978572838,0.0,0.0,G,0.0
M,M,N,Urban,G,N,13.988810710652317,10.64670978572838,0.0,0.0,G,0.0
M,M,N,Urban,G,N,15.279794366414505,13.468112450805751,0.0,0.0,G,0.0
M,M,N,Urban,G,N,13.893500699025013,13.456415545162603,0.0,0.0,G,0.0
M,M,N,Rural,G,N,13.797474888677936,0.0,0.0,0.0,G,0.0
M,M,N,Rural,G,N,13.20968903833492,11.030509115677916,0.0,0.0,G,0.02
M,M,N,Rural,G,N,14.08265338688474,11.030509115677916,0.0,0.0,G,0.12
M,M,N,Urban,G,N,13.893500699025013,13.468112450805751,0.0,0.0,G,0.0
M,M,N,Urban,G,N,13.893500699025013,13.468112450805751,0.0,0.0,G,0.0
M,M,N,Rural,G,N,14.325091807818094,11.030509115677916,0.0,0.0,G,0.03
M,M,N,Urban,G,N,15.279794366414505,13.468112450805751,0.0,0.0,G,0.0
M,M,N,Urban,G,N,15.397577479152067,13.468112450805751,0.0,0.0,G,0.0
M,M,N,Urban,G,N,15.561206891298974,13.468112450805751,0.0,0.0,G,0.02
M,M,N,Urban,G,N,15.46211592320846,13.468112450805751,0.0,0.0,G,0.0
M,M,N,Urban,G,N,15.352115162438045,13.468112450805751,0.0,0.0,G,0.0
M,M,N,Urban,G,N,15.228501132880517,13.468112450805751,0.0,0.0,G,0.0
M,M,N,Urban,G,N,15.14626313896393,13.468112450805751,0.0,0.0,G,0.0
M,M,N,Urban,G,N,15.279794366414505,13.468112450805751,0.0,0.0,G,0.0
M,M,N,Urban,G,N,15.14626313896393,13.468112450805751,0.0,0.0,G,0.0
M,M,N,Urban,G,N,14.809791060909681,13.468112450805751,0.0,0.0,G,0.0
M,M,N,Rural,G,N,13.20968903833492,11.030509115677916,0.0,0.0,G,0.02
M,M,N,Urban,G,N,15.279794366414505,13.468112450805751,0.0,0.0,G,0.0
M,M,N,Urban,G,N,15.397577479152067,13.468112450805751,0.0,0.0,G,0.0
M,M,N,Rural,G,N,13.20968903833492,11.030509115677916,0.0,0.0,G,0.02
M,M,N,Urban,G,N,15.279794366414505,13.468112450805751,0.0,0.0,G,0.0
M,M,N,Rural,G,N,13.392010289669289,0.0,0.0,0.0,G,0.0
M,M,N,Urban,G,N,15.087422719025325,13.468112450805751,0.0,0.0,G,0.0
M,M,N,Urban,G,N,15.279794366414505,13.468112450805751,0.0,0.0,G,0.0
M,M,N,Urban,G,N,15.502938056474832,13.468112450805751,0.0,0.0,G,0.0
M,M,N,Urban,G,N,14.58664741709808,13.468112450805751,0.0,0.0,G,0.0
M,M,N,Urban,G,N,14.681957470769582,13.456415545162603,0.0,0.0,G,0.0
M,M,N,Urban,G,N,15.397577479152067,13.468112450805751,0.0,0.0,G,0.0
M,M,N,Rural,G,N,13.998145399012925,11.030509115677916,0.0,0.0,G,0.13
M,M,N,Urban,G,N,13.382676308556324,13.468112450805751,0.0,0.0,G,0.0
M,M,N,Urban,G,N,15.502938056474832,13.468112450805751,0.0,0.0,G,0.0
M,M,N,Urban,G,N,15.159390511513648,13.456415545162603,0.0,0.0,G,0.0
M,M,N,Urban,G,N,15.59824811855518,13.468112450805751,0.0,0.0,G,0.02
M,M,N,Urban,G,N,15.685259551603847,13.468112450805751,0.0,0.0,G,0.01
M,M,N,Urban,G,N,15.59824811855518,13.468112450805751,0.0,0.0,G,0.02
M,M,N,Urban,G,N,15.279794366414505,13.468112450805751,0.0,0.0,G,0.0
M,M,N,Rural,G,N,13.902835302515827,11.030509115677916,0.0,0.0,G,0.13
M,M,N,Urban,G,N,15.397577479152067,13.468112450805751,0.0,0.0,G,0.0
M,M,N,Urban,G,N,13.893500699025013,13.468112450805751,0.0,0.0,G,0.0
M,M,N,Urban,G,N,15.561206891298974,13.468112450805751,0.0,0.0,G,0.02
M,M,N,Urban,G,N,15.46211592320846,13.468112450805751,0.0,0.0,G,0.0
M,M,N,Urban,G,N,13.382676308556324,13.468112450805751,0.0,0.0,G,0.0
M,M,N,Urban,G,N,15.352115162438045,13.468112450805751,0.0,0.0,G,0.0
M,M,N,Urban,G,N,15.228501132880517,13.468112450805751,0.0,0.0,G,0.0
M,M,N,Urban,G,N,15.502938056474832,13.468112450805751,0.0,0.0,G,0.0
M,M,N,Urban,G,N,15.76530216440824,13.468112450805751,0.0,0.0,G,0.01
M,M,N,Urban,G,N,13.536826547920436,13.468112450805751,0.0,0.0,G,0.02
M,M,N,Urban,G,N,15.542158719821817,13.468112450805751,0.0,0.0,G,0.02
M,M,N,Urban,G,N,13.200355368410449,13.468112450805751,0.0,0.0,G,0.0
M,M,N,Urban,G,N,15.65135788297741,13.468112450805751,0.0,0.0,G,0.01
M,M,N,Urban,G,N,15.685259551603847,13.468112450805751,0.0,0.0,G,0.01
M,M,N,Rural,G,N,13.20968903833492,11.030509115677916,0.0,0.0,G,0.02
M,M,N,Urban,G,N,15.734049657044762,13.468112450805751,0.0,0.0,G,0.01
M,M,N,Urban,G,N,13.893500699025013,13.468112450805751,0.0,0.0,G,0.0
M,M,N,Urban,G,N,15.59824811855518,13.468112450805751,0.0,0.0,G,0.02
M,M,N,Urban,G,N,14.809791060909681,13.468112450805751,0.0,0.0,G,0.0
M,M,N,Urban,G,N,15.633966159850596,13.468112450805751,0.0,0.0,G,0.01
M,M,N,Urban,G,N,15.502938056474832,13.468112450805751,0.0,0.0,G,0.0
M,M,N,Urban,G,N,13.893500699025013,10.64670978572838,0.0,0.0,G,0.0
M,M,N,Urban,G,N,13.200355368410449,13.468112450805751,0.0,0.0,G,0.0
M,M,N,Urban,G,N,14.298965807133179,13.468112450805751,0.0,0.0,G,0.0
M,M,N,Urban,G,N,15.542158719821817,13.468112450805751,0.0,0.0,G,0.02
M,M,N,Rural,G,N,13.54616075131107,11.030509115677916,0.0,0.0,G,0.0
M,M,N,Urban,G,N,13.893500699025013,13.468112450805751,0.0,0.0,G,0.0
M,M,N,Urban,G,N,15.76530216440824,13.468112450805751,0.0,0.0,G,0.01
M,M,N,Urban,G,N,15.579899001687721,13.468112450805751,0.0,0.0,G,0.02
M,M,N,Rural,G,N,13.54616075131107,11.030509115677916,0.0,0.0,G,0.0
M,M,N,Urban,G,N,15.65135788297741,13.468112450805751,0.0,0.0,G,0.01
M,M,N,Urban,G,N,15.685259551603847,13.468112450805751,0.0,0.0,G,0.01
M,M,N,Urban,G,N,15.734049657044762,13.468112450805751,0.0,0.0,G,0.01
M,M,N,Urban,G,N,15.59824811855518,13.468112450805751,0.0,0.0,G,0.02
M,M,N,Urban,G,N,15.633966159850596,13.468112450805751,0.0,0.0,G,0.01
M,M,N,Urban,G,N,13.893500699025013,13.468112450805751,0.0,0.0,G,0.0
M,M,N,Urban,G,N,15.561206891298974,13.468112450805751,0.0,0.0,G,0.02
M,M,N,Urban,G,N,15.633966159850596,13.468112450805751,0.0,0.0,G,0.01
M,M,N,Urban,G,N,13.838251022450393,10.64670978572838,0.0,0.0,G,0.01
M,M,N,Urban,G,N,15.59824811855518,13.468112450805751,0.0,0.0,G,0.02
M,M,N,Urban,G,N,14.92311958764972,13.468112450805751,0.0,0.0,G,0.0
M,M,N,Urban,G,N,14.992112371043904,13.468112450805751,0.0,0.0,G,0.0
M,M,N,Urban,G,N,15.502938056474832,13.468112450805751,0.0,0.0,G,0.0
M,M,N,Urban,G,N,15.397577479152067,13.468112450805751,0.0,0.0,G,0.0
M,M,N,Urban,G,N,13.200355368410449,13.468112450805751,0.0,0.0,G,0.0
M,M,N,Urban,G,N,16.196085052039948,13.468112450805751,0.0,0.0,G,0.01
M,M,N,Rural,G,N,14.5914719865445,0.0,0.0,0.0,G,0.0
M,M,N,Rural,G,N,14.896086498546286,0.0,0.0,0.0,G,0.0
M,M,N,Rural,G,N,14.73574390749719,0.0,0.0,0.0,G,0.0
M,M,N,Rural,G,N,13.54616075131107,11.030509115677916,0.0,0.0,G,0.0
M,M,N,Rural,G,N,13.797474888677936,0.0,0.0,0.0,G,0.0
M,F,N,Urban,G,N,15.040902623306105,15.334982186513761,0.0,0.0,G,0.01
M,M,N,Urban,G,N,16.100059065292196,13.468112450805751,0.0,0.0,G,0.01
M,F,N,Urban,G,N,16.254353984597206,15.334982186513761,0.0,0.0,G,0.02
M,M,N,Urban,G,N,15.60758264498896,13.468112450805751,0.0,0.0,G,0.01
M,M,N,Urban,G,N,15.660692461684913,13.468112450805751,0.0,0.0,G,0.01
M,M,N,Urban,G,N,15.471450494962339,13.468112450805751,0.0,0.0,G,0.0
M,M,N,Urban,G,N,15.512272481846091,13.468112450805751,0.0,0.0,G,0.0
M,M,N,Urban,G,N,15.625601147516377,13.468112450805751,0.0,0.0,G,0.01
M,M,N,Urban,G,N,15.512272481846091,13.468112450805751,0.0,0.0,G,0.0
M,M,N,Urban,G,N,15.643300721744914,13.468112450805751,0.0,0.0,G,0.01
M,M,N,Urban,G,N,15.60758264498896,13.468112450805751,0.0,0.0,G,0.01
M,M,N,Urban,G,N,15.551493187950296,13.468112450805751,0.0,0.0,G,0.02
M,M,N,Urban,G,N,15.450397089826474,13.468112450805751,0.0,0.0,G,0.0
M,M,N,Urban,G,N,15.512272481846091,13.468112450805751,0.0,0.0,G,0.0
M,M,N,Urban,G,N,15.570541379595953,13.468112450805751,0.0,0.0,G,0.02
M,M,N,Urban,G,N,15.406911986552268,13.468112450805751,0.0,0.0,G,0.0
M,M,N,Urban,G,N,15.660692461684913,13.468112450805751,0.0,0.0,G,0.01
M,M,N,Urban,G,N,15.471450494962339,13.468112450805751,0.0,0.0,G,0.0
M,M,N,Urban,G,N,15.551493187950296,13.468112450805751,0.0,0.0,G,0.02
M,M,N,Urban,G,N,14.819125484562155,13.468112450805751,0.0,0.0,G,0.0
M,M,N,Urban,G,N,15.791984690443677,13.468112450805751,0.0,0.0,G,0.01
M,M,N,Rural,G,N,13.902835302515827,11.030509115677916,0.0,0.0,G,0.13
M,F,N,Urban,G,N,17.071553758561375,15.334982186513761,0.0,0.0,G,0.02
M,F,N,Urban,G,N,17.092173023740912,15.334982186513761,0.0,0.0,G,0.02
M,F,N,Urban,G,N,16.200699261334957,15.334982186513761,0.0,0.0,G,0.02
M,M,N,Rural,G,N,13.396581719235858,11.030509115677916,0.0,0.0,G,0.02
M,F,N,Urban,G,N,15.685259551603847,15.334982186513761,0.0,0.0,G,0.07
M,F,N,Urban,G,N,15.726081422794213,15.334982186513761,0.0,0.0,G,0.07
M,F,N,Urban,G,N,16.196085052039948,15.334982186513761,0.0,0.0,G,0.02
M,M,N,Urban,G,N,15.001446980264111,13.468112450805751,0.0,0.0,G,0.0
M,M,N,Urban,G,N,16.04290065744166,13.456415545162603,0.0,0.0,G,0.01
M,M,N,Urban,G,N,16.07758621175423,13.456415545162603,0.0,0.0,G,0.01
M,M,N,Urban,G,N,16.005015526757447,13.456415545162603,0.0,0.0,G,0.01
M,M,N,Urban,G,N,16.185216865320665,13.456415545162603,0.0,0.0,G,0.01
M,M,N,Urban,G,N,15.183768486148063,13.468112450805751,0.0,0.0,G,0.0
M,M,N,Urban,G,N,14.644772167236802,13.468112450805751,0.0,0.0,G,0.0
M,M,N,Urban,G,N,16.20541957076802,13.468112450805751,0.0,0.0,G,0.01
M,M,N,Urban,G,N,16.20541957076802,13.468112450805751,0.0,0.0,G,0.01
M,M,N,Urban,G,N,14.308300105164125,13.468112450805751,0.0,0.0,G,0.0
M,M,N,Urban,G,N,15.694594008094041,13.468112450805751,0.0,0.0,G,0.01
M,M,N,Urban,G,N,15.694594008094041,13.468112450805751,0.0,0.0,G,0.01
M,M,N,Urban,G,N,16.100059065292196,13.456415545162603,0.0,0.0,G,0.01
M,M,N,Urban,G,N,13.902835302515827,13.456415545162603,0.0,0.0,G,0.0
M,M,N,Urban,G,N,16.01909001134576,13.456415545162603,0.0,0.0,G,0.01
M,M,N,Urban,G,N,16.164597580066015,13.456415545162603,0.0,0.0,G,0.01
M,M,N,Urban,G,N,16.20541957076802,13.456415545162603,0.0,0.0,G,0.01
M,M,N,Urban,G,N,14.595982024885938,13.468112450805751,0.0,0.0,G,0.0
M,M,N,Urban,G,N,14.595982024885938,10.64670978572838,0.0,0.0,G,0.0
M,M,N,Urban,G,N,15.982276042363315,13.456415545162603,0.0,0.0,G,0.01
M,M,N,Urban,G,N,16.132848884830672,13.456415545162603,0.0,0.0,G,0.01
M,M,N,Urban,G,N,16.122037969797493,13.456415545162603,0.0,0.0,G,0.01
M,M,N,Urban,G,N,15.155597616454225,13.468112450805751,0.0,0.0,G,0.0
M,F,N,Urban,G,N,15.908402979588168,15.334982186513761,0.0,0.0,G,0.04
M,M,N,Urban,G,N,16.164597580066015,13.456415545162603,0.0,0.0,G,0.01
M,M,N,Urban,G,N,16.01909001134576,10.64670978572838,0.0,0.0,G,0.02
M,M,N,Urban,G,N,16.20541957076802,10.64670978572838,0.0,0.0,G,0.02
M,M,N,Urban,G,N,16.088885765838118,10.64670978572838,0.0,0.0,G,0.02
M,M,N,Urban,G,N,16.185216865320665,10.64670978572838,0.0,0.0,G,0.01
M,M,N,Urban,G,N,16.04290065744166,10.64670978572838,0.0,0.0,G,0.02
M,M,N,Urban,G,N,16.07758621175423,10.64670978572838,0.0,0.0,G,0.02
M,M,N,Urban,G,N,16.100059065292196,10.64670978572838,0.0,0.0,G,0.02
M,M,N,Urban,G,N,15.406911986552268,10.64670978572838,0.0,0.0,G,0.0
M,M,N,Urban,G,N,15.890708859821833,13.456415545162603,0.0,0.0,G,0.0
M,F,N,Urban,G,N,15.709952058912608,15.334982186513761,0.0,0.0,G,0.08
M,F,N,Urban,G,N,15.600064630557835,15.334982186513761,0.0,0.0,G,0.03
M,F,N,Urban,G,N,15.736656445433917,15.334982186513761,0.0,0.0,G,0.07
M,M,N,Urban,G,N,14.165199355511113,13.456415545162603,0.0,0.0,G,0.0
M,M,N,Urban,G,N,15.994698560947706,13.456415545162603,0.0,0.0,G,0.01
M,M,N,Urban,G,N,15.917737528862245,13.456415545162603,0.0,0.0,G,0.0
M,M,N,Urban,G,N,15.001446980264111,13.468112450805751,0.0,0.0,G,0.0
M,M,N,Urban,G,N,15.23783569402097,13.468112450805751,0.0,0.0,G,0.0
M,M,N,Urban,G,N,15.065985482310431,13.468112450805751,0.0,0.0,G,0.0
M,M,N,Urban,G,N,16.164597580066015,10.64670978572838,0.0,0.0,G,0.01
M,M,N,Urban,G,N,15.982276042363315,10.64670978572838,0.0,0.0,G,0.02
M,M,N,Urban,G,N,16.122037969797493,10.64670978572838,0.0,0.0,G,0.01
M,M,N,Rural,G,N,13.392010289669289,11.030509115677916,0.0,0.0,G,0.04
M,M,N,Urban,G,N,15.917737528862245,13.468112450805751,0.0,0.0,G,0.0
M,M,N,Urban,G,N,15.848744666102725,13.468112450805751,0.0,0.0,G,0.0
M,M,N,Urban,G,N,15.60758264498896,13.468112450805751,0.0,0.0,G,0.01
M,M,N,Urban,G,N,15.512272481846091,10.64670978572838,0.0,0.0,G,0.01
M,M,N,Urban,G,N,16.20541957076802,10.64670978572838,0.0,0.0,G,0.02
M,M,N,Urban,G,N,16.088885765838118,10.64670978572838,0.0,0.0,G,0.02
M,M,N,Urban,G,N,15.956958237316142,10.64670978572838,0.0,0.0,G,0.01
M,M,N,Urban,G,N,16.154126281203524,10.64670978572838,0.0,0.0,G,0.01
M,M,N,Urban,G,N,16.132848884830672,10.64670978572838,0.0,0.0,G,0.01
M,M,N,Rural,G,N,13.392010289669289,11.030509115677916,0.0,0.0,G,0.04
M,M,N,Rural,G,I,13.26078703336923,8.582793648500186,0.0,10.140218377358854,G,0.33
M,M,N,Rural,G,N,14.981435952547201,8.94023623179847,0.0,0.0,G,0.0
M,M,N,Rural,G,N,13.88863461766342,11.030509115677916,0.0,0.0,G,0.08
M,M,N,Rural,G,N,13.891381190005614,11.030509115677916,0.0,0.0,G,0.08
M,M,N,Rural,G,N,14.578823055761294,11.030509115677916,0.0,0.0,G,0.33
M,M,N,Rural,G,I,13.179342775221865,13.222869127735969,0.0,11.37291599196189,G,0.29
M,M,N,Rural,G,N,13.528853293550641,7.418180822726788,0.0,12.688446324262111,G,0.22
M,M,N,Rural,G,N,13.147814726471612,7.418180822726788,0.0,0.0,G,0.09
M,M,N,Rural,G,N,13.53899260088325,8.707813551024888,0.0,0.0,G,0.2
M,M,N,Rural,G,N,14.595982024885938,7.418180822726788,0.0,0.0,G,0.01
M,M,N,Rural,G,N,13.392010289669289,7.418180822726788,0.0,0.0,G,0.03
M,M,N,Rural,G,N,15.197561930324921,7.418180822726788,0.0,0.0,G,0.08
M,M,N,Rural,G,N,13.750849362635865,8.707813551024888,0.0,0.0,G,0.0
M,M,N,Rural,G,N,14.567826241891032,8.94023623179847,0.0,13.451731870652294,G,0.05
M,M,N,Rural,G,N,13.615154146443084,8.707813551024888,0.0,0.0,G,0.03
M,M,N,Rural,G,N,13.54616075131107,8.707813551024888,0.0,0.0,G,0.0
M,M,N,Rural,G,N,14.08515670657986,8.707813551024888,0.0,0.0,G,0.0
M,M,N,Rural,G,N,13.683122511470389,8.707813551024888,0.0,0.0,G,0.02
M,M,N,Rural,G,N,14.5973556508466,10.849356503939038,0.0,0.0,G,0.05
U,M,N,Rural,G,N,13.3049998845962,8.657302899400882,0.0,0.0,G,0.0
M,M,N,Rural,G,N,14.042597523789043,7.418180822726788,0.0,0.0,G,0.03
M,M,N,Rural,G,N,13.743546132924877,7.418180822726788,0.0,0.0,G,0.06
M,M,N,Rural,G,N,13.902835302515827,8.707813551024888,0.0,0.0,G,0.01
M,M,N,Rural,G,N,14.824338902355064,10.85003587157098,0.0,0.0,G,0.0
M,M,N,Rural,G,N,13.20968903833492,8.707813551024888,0.0,0.0,G,0.07
M,M,N,Rural,G,N,14.914435797658102,10.85003587157098,0.0,0.0,G,0.0
M,M,N,Urban,G,I,17.90723612694896,13.468112450805751,0.0,17.498294874408945,G,0.04
M,M,N,Urban,G,I,16.58963510022848,13.456415545162603,0.0,15.853532270206166,G,0.03
M,M,N,Urban,G,I,16.826792949307066,10.64670978572838,0.0,16.08625084479972,G,0.06
M,M,N,Urban,G,I,14.229423218153991,9.76949891253281,0.0,12.140344083241104,G,0.02
M,F,N,Urban,G,I,20.266343224126814,15.334982186513761,0.0,17.985270306610722,G,0.03
M,M,N,Urban,G,I,18.16598453962157,11.463598656833177,0.0,16.116575195651755,G,0.04
M,M,N,Semi-Urban,G,N,14.768969128054351,6.398594934535208,0.0,0.0,G,0.0
M,M,N,Semi-Urban,G,N,13.382676308556324,6.398594934535208,0.0,0.0,G,0.01
M,F,N,Semi-Urban,G,N,14.298965807133179,6.641182169740591,0.0,0.0,G,0.0
M,F,N,Semi-Urban,G,N,13.205889855849286,6.641182169740591,0.0,0.0,G,0.03
M,M,N,Semi-Urban,G,N,14.58664741709808,7.819636302367592,0.0,0.0,G,0.05
M,M,N,Semi-Urban,G,N,14.58664741709808,7.819636302367592,0.0,0.0,G,0.05
M,M,N,Semi-Urban,G,N,14.298965807133179,7.819636302367592,0.0,0.0,G,0.0
M,M,N,Semi-Urban,G,N,14.300814045180008,7.819636302367592,0.0,0.0,G,0.0
M,M,N,Semi-Urban,G,N,14.075821947494406,6.398594934535208,0.0,0.0,G,0.03
M,M,N,Semi-Urban,G,N,13.788140388916844,6.398594934535208,0.0,0.0,G,0.02
M,M,N,Semi-Urban,G,N,14.215583822842472,6.398594934535208,0.0,0.0,G,0.0
M,M,N,Semi-Urban,G,N,14.298965807133179,6.398594934535208,0.0,0.0,G,0.0
M,M,N,Semi-Urban,G,N,13.536826547920436,9.805268145029668,0.0,0.0,G,0.04
M,M,N,Semi-Urban,G,N,13.200355368410449,6.398594934535208,0.0,0.0,G,0.0
M,M,N,Semi-Urban,G,N,13.462718067539765,6.398594934535208,0.0,0.0,G,0.01
M,M,N,Semi-Urban,G,N,13.605818626573233,6.398594934535208,0.0,0.0,G,0.01
M,M,N,Semi-Urban,G,N,13.553823664029554,9.805268145029668,0.0,0.0,G,0.01
M,M,N,Semi-Urban,G,N,13.536826547920436,6.398594934535208,0.0,0.0,G,0.04
M,M,N,Semi-Urban,G,N,13.788140388916844,6.398594934535208,0.0,0.0,G,0.02
M,M,N,Semi-Urban,G,N,13.695049940783802,6.398594934535208,0.0,0.0,G,0.0
M,M,N,Semi-Urban,G,N,13.367180745423827,9.805268145029668,0.0,0.0,G,0.05
M,M,N,Semi-Urban,G,N,13.673820257501202,6.398594934535208,0.0,0.0,G,0.01
U,M,N,Semi-Urban,G,N,13.271934443935091,10.22248658949386,9.646076003102594,13.122365377402328,G,0.01
U,M,N,Semi-Urban,G,N,13.23957558350185,8.874447967219979,0.0,0.0,G,0.04
M,M,N,Semi-Urban,G,N,14.001107577900477,9.412709624073916,0.0,12.628070334272698,G,0.03
M,M,N,Semi-Urban,G,N,14.075821947494406,9.412709624073916,0.0,0.0,G,0.08
M,M,N,Semi-Urban,G,N,13.893500699025013,7.6290038896529575,0.0,0.0,G,0.10830175446288594
M,M,N,Semi-Urban,G,N,13.893500699025013,7.6290038896529575,9.777924329560783,0.0,G,0.16
M,F,N,Semi-Urban,G,N,13.536826547920436,8.019283792916793,0.0,0.0,G,0.11
M,F,N,Urban,G,N,13.209963914138601,5.5134287461649825,0.0,0.0,G,0.0
M,F,N,Rural,G,N,13.769827810769936,6.278521424165844,0.0,0.0,G,0.03
M,M,N,Rural,G,N,14.283559778597102,7.522400231387125,0.0,0.0,G,0.12
M,M,N,Rural,G,N,13.392010289669289,10.96082635588846,0.0,0.0,G,0.05
M,M,N,Rural,G,N,16.04322403345554,11.511794826038855,0.0,0.0,G,0.04
M,M,N,Rural,G,N,13.902835302515827,10.96082635588846,0.0,0.0,G,0.29
M,M,N,Rural,G,N,13.20968903833492,10.96082635588846,0.0,0.0,G,0.0
M,M,N,Rural,G,N,13.581251709987656,10.96082635588846,0.0,0.0,G,0.04
M,M,N,Rural,G,N,13.20968903833492,7.522400231387125,0.0,0.0,G,0.0
M,M,N,Rural,G,N,14.595982024885938,7.522400231387125,0.0,0.0,G,0.0
M,M,N,Rural,G,N,13.902835302515827,7.522400231387125,0.0,0.0,G,0.0
M,M,N,Rural,G,N,13.740317073778568,7.522400231387125,0.0,0.0,G,0.01
M,M,N,Rural,G,N,14.403610507121089,7.522400231387125,0.0,0.0,G,0.04
M,M,N,Rural,G,N,13.721314157677204,10.96082635588846,0.0,0.0,G,0.16
M,M,N,Rural,G,N,13.356707962265435,7.518607216815252,0.0,0.0,G,0.0
M,M,N,Rural,G,N,15.947700609691559,7.522400231387125,0.0,0.0,G,0.0
M,M,N,Rural,G,N,13.511793950033052,9.959962399464107,0.0,0.0,G,0.24
M,M,N,Rural,G,N,13.368559172248691,5.529429087511423,0.0,0.0,G,0.0
M,M,N,Rural,G,N,13.869092082355547,7.755338812846501,14.719718991957762,0.0,G,0.06737946292799307
M,M,N,Rural,G,N,15.122580418254763,11.690728495248413,13.103239679583366,0.0,G,0.17
M,M,N,Rural,G,N,15.257252870917663,7.326465613840322,13.338962359669003,0.0,G,0.04
M,M,N,Rural,G,N,13.871374690138502,12.574974040864555,10.473901967713775,0.0,G,0.05
M,M,N,Rural,G,N,13.766013544035403,13.122911227307162,16.32268012304984,0.0,G,0.0
M,M,N,Rural,G,N,15.258081986318937,8.921190556249368,13.963943494033424,0.0,G,0.02
M,M,N,Rural,G,N,14.564935514716636,11.655856294159264,13.918526427085382,0.0,G,0.04
M,M,N,Rural,G,N,14.565763706544466,0.0,10.473986757787737,0.0,G,0.0
M,M,N,Rural,G,N,14.903167050468342,11.305765985028835,0.0,0.0,G,0.34
M,M,N,Rural,G,N,14.791800775121262,11.778553627890593,0.0,0.0,G,0.0
U,M,N,Rural,G,N,13.875614573700641,7.977625098784593,0.0,0.0,G,0.02
M,M,N,Rural,G,N,14.28118231819877,8.465478755729558,0.0,0.0,G,0.13
M,M,N,Rural,G,N,14.281697538061882,7.908387159290043,0.0,0.0,G,0.22
M,M,N,Rural,G,N,14.058657500733917,6.901737206656574,0.0,0.0,G,0.08
M,M,N,Rural,G,N,14.570925715175468,13.094276611185938,0.0,0.0,G,0.06
M,M,N,Rural,G,N,14.795406500577315,9.599676098154463,0.0,0.0,G,0.24
M,M,N,Rural,G,N,14.061541385913053,7.1372784372603855,0.0,0.0,G,0.03
M,M,N,Rural,G,N,14.79612616315493,11.52403354121907,0.0,0.0,G,0.09
M,M,N,Rural,G,N,14.285403556090612,10.381552353058636,0.0,0.0,G,0.11
M,M,N,Rural,G,N,14.573804824448672,7.621684998724611,0.0,0.0,G,0.24
M,M,N,Rural,G,N,13.881068871436836,13.092532838245653,0.0,0.0,G,0.08
M,M,N,Rural,G,N,14.574318130129722,10.313110670792955,0.0,0.0,G,0.02
M,M,N,Rural,G,N,13.658130168234322,7.140453043101158,0.0,0.0,G,0.03
M,M,N,Rural,G,N,15.491531400307467,7.57198844937744,0.0,0.0,G,0.0
U,M,N,Rural,G,N,14.798451953831021,7.773594467360194,0.0,0.0,G,0.41
M,M,N,Rural,G,N,15.268387989331046,9.659503335350067,0.0,0.0,G,0.08
M,M,N,Rural,G,N,13.889051869596244,7.265429723253953,0.0,0.0,G,0.09034750221718482
U,M,N,Rural,G,N,14.805536020917796,8.349011198176003,0.0,0.0,G,0.01
U,M,N,Rural,G,N,14.072177856261625,8.462314529906248,0.0,0.0,G,0.0
M,M,N,Rural,G,N,13.38035347374732,9.941746264653219,0.0,0.0,G,0.21
M,M,N,Rural,G,N,14.584324423824615,9.102086786535928,0.0,0.0,G,0.0
M,M,N,Rural,G,N,14.989891201492275,9.799681383810539,0.0,0.0,G,0.0
U,M,N,Rural,G,N,14.58442640239437,9.978734161910666,0.0,0.0,G,0.04
M,M,N,Rural,G,N,14.300394794745612,8.470520783217808,0.0,0.0,G,0.05
M,M,N,Rural,G,N,14.588785519501997,10.207289006867793,0.0,0.0,G,0.16
M,M,N,Rural,G,N,14.589392206876157,12.455262039746927,0.0,0.0,G,0.0
M,M,N,Urban,G,N,14.7531987231865,5.4116460518550396,0.0,0.0,G,0.0
M,F,N,Urban,G,N,14.242219084995057,7.093404625868766,0.0,0.0,G,0.0
M,F,N,Urban,G,N,14.75984904811522,12.2650299958687,0.0,0.0,G,0.0
M,M,N,Urban,G,N,13.85211149634851,6.98100574072173,0.0,0.0,G,0.02
M,M,N,Urban,G,N,14.115599594738068,11.06077747082165,0.0,0.0,G,0.0
M,M,N,Urban,G,N,15.240063871817203,12.229964937949775,0.0,0.0,G,0.01
M,M,N,Rural,G,N,14.526934692769002,8.587651655064798,0.0,0.0,G,0.0
M,F,N,Rural,G,N,14.770488014291272,10.393783885049626,0.0,0.0,G,0.2
M,F,N,Rural,G,N,14.53605741541479,7.068172000388042,0.0,0.0,G,0.0
M,M,Y,Rural,B,N,13.490100311301942,0.0,0.0,0.0,B,0.52
M,M,N,Rural,G,N,13.20968903833492,13.094276611185938,0.0,0.0,G,0.14
M,M,N,Rural,G,N,13.147814726471612,13.094276611185938,0.0,0.0,G,0.04
M,M,N,Rural,G,N,13.634955839392001,13.094276611185938,0.0,0.0,G,0.16
M,M,N,Rural,G,N,13.20968903833492,7.226209010100671,0.0,0.0,B,0.6321009163872165
M,M,N,Rural,G,N,14.117520001699576,11.194536731739285,0.0,14.848695397181752,G,0.03
M,M,N,Rural,G,N,13.79798385877777,13.726756936875688,0.0,0.0,G,0.16
M,M,N,Rural,G,N,13.528869277034376,0.0,0.0,0.0,G,0.0
M,M,N,Rural,G,N,13.177563430462522,9.88644311792687,0.0,0.0,G,0.04
M,M,N,Rural,G,N,14.089762346544022,9.788581624034771,0.0,13.395440819535605,G,0.01
U,M,N,Rural,G,N,13.209963914138601,7.164720378771857,0.0,0.0,G,0.04830175446288596
M,M,N,Rural,G,N,13.88263261389993,7.226209010100671,0.0,0.0,G,0.06888959433268729
M,M,N,Rural,G,N,13.769512691699955,7.292337176173877,0.0,13.670485941982712,G,0.09
M,M,N,Rural,G,N,13.903293387308002,0.0,0.0,0.0,G,0.0
M,M,N,Rural,G,N,13.671463497570922,10.207289006867793,0.0,13.505366084151241,G,0.12
M,M,N,Rural,G,N,13.797474888677936,11.194536731739285,0.0,0.0,G,0.15
M,M,N,Rural,G,N,13.20968903833492,11.690728495248413,0.0,0.0,G,0.03
M,M,N,Rural,G,N,13.209963914138601,11.690728495248413,0.0,0.0,B,0.55
M,M,N,Rural,G,N,13.851542538663612,13.97038040769828,0.0,0.0,G,0.27
M,M,N,Rural,G,N,13.851542538663612,13.97038040769828,0.0,0.0,G,0.27
M,M,N,Rural,G,N,13.90558066892067,13.97038040769828,0.0,0.0,G,0.28
M,M,N,Rural,G,N,13.20968903833492,11.194536731739285,0.0,0.0,G,0.02
M,M,N,Rural,G,N,13.20968903833492,11.194536731739285,0.0,0.0,G,0.02
M,M,N,Rural,G,N,14.785124402749789,11.409485326429579,0.0,12.611541086966115,G,0.02
M,M,N,Rural,G,N,14.72958643886586,8.064007347096661,0.0,13.415034483903348,G,0.04
M,M,N,Rural,G,N,13.174578147103068,11.194536731739285,0.0,0.0,G,0.04
M,M,N,Rural,G,N,14.241269022614526,12.059033286880785,0.0,0.0,G,0.06
M,M,N,Rural,G,N,13.83026517133276,0.0,0.0,0.0,G,0.0
M,M,N,Rural,G,N,13.744284122500833,12.455262039746927,0.0,11.944714374881176,G,0.01
M,M,N,Rural,G,N,13.819951681559514,0.0,0.0,0.0,G,0.0
M,M,N,Rural,G,N,13.20968903833492,9.399472020698687,0.0,0.0,G,0.0
M,M,N,Rural,G,N,13.902835302515827,12.059033286880785,0.0,0.0,G,0.03
M,M,N,Rural,G,N,13.392010289669289,10.207289006867793,0.0,0.0,G,0.09
M,M,N,Rural,G,N,13.340717879506599,11.409485326429579,0.0,0.0,G,0.01
M,M,N,Rural,G,N,13.286649943711243,9.399472020698687,0.0,0.0,G,0.04
M,M,N,Rural,G,N,14.424896166103839,7.685703061234547,0.0,11.695255355062795,G,0.04
M,M,N,Rural,G,N,14.746554720781772,13.97038040769828,0.0,0.0,G,0.12
M,M,N,Rural,G,N,14.308300105164125,12.059033286880785,0.0,0.0,G,0.08
M,M,N,Rural,G,N,14.180466816961486,13.97038040769828,0.0,0.0,G,0.3
M,M,N,Rural,G,N,13.464330489507503,0.0,0.0,0.0,G,0.0
M,M,N,Rural,G,N,15.093859120014747,10.603511037035506,0.0,0.0,G,0.0
M,M,N,Rural,G,N,13.54616075131107,10.603511037035506,0.0,0.0,G,0.03
M,M,N,Rural,G,N,13.20968903833492,12.455262039746927,0.0,0.0,G,0.10799719165259222
M,M,N,Rural,G,N,13.392010289669289,7.487733761436444,0.0,0.0,G,0.19
M,M,N,Urban,G,I,13.17198367310969,5.204006687076795,0.0,10.60831623786991,G,0.03
M,M,N,Urban,G,I,13.17198367310969,9.458527693729824,0.0,10.60831623786991,G,0.02
M,M,N,Urban,G,I,13.202072490980003,2.833213344056216,0.0,10.247112717290387,G,0.03
M,M,N,Urban,G,I,13.231608737273696,7.5678626054638825,0.0,9.384797753713336,G,0.02
M,M,N,Semi-Urban,G,I,14.727076947687399,0.0,0.0,0.0,G,0.09
M,M,N,Semi-Urban,G,N,13.200355368410449,5.003946305945459,0.0,0.0,G,0.0
M,M,N,Semi-Urban,G,N,13.206325777651452,8.431417414394833,0.0,0.0,G,0.02
M,M,N,Semi-Urban,G,N,13.920118290351859,8.431417414394833,0.0,0.0,G,0.0
M,M,N,Semi-Urban,G,N,13.415465733541641,8.431417414394833,0.0,0.0,G,0.01
M,M,N,Semi-Urban,G,N,13.23957558350185,8.431417414394833,0.0,0.0,G,0.05
M,M,N,Rural,G,N,13.680264553375284,8.783855896643942,0.0,0.0,G,0.18
M,M,N,Rural,G,N,13.137117990772815,7.786136437783072,0.0,0.0,G,0.09
M,M,N,Rural,G,N,13.740317073778568,7.786136437783072,0.0,0.0,G,0.1
M,M,N,Rural,G,N,13.392010289669289,7.786136437783072,0.0,0.0,B,0.71
M,M,N,Rural,G,N,13.54616075131107,7.786136437783072,0.0,0.0,G,0.09
M,M,N,Rural,G,N,13.220081564720934,8.431417414394833,0.0,13.504943271925397,G,0.0
M,M,N,Rural,G,N,14.172862572638875,8.431417414394833,0.0,0.0,G,0.02
M,M,N,Rural,G,N,14.362991298862543,8.431417414394833,0.0,0.0,G,0.02
M,M,N,Rural,G,N,13.979796275771992,8.431417414394833,0.0,0.0,G,0.01
M,M,N,Rural,G,N,13.35292256479677,8.431417414394833,0.0,0.0,G,0.02
M,M,N,Rural,G,N,13.712823133080454,8.431417414394833,0.0,0.0,G,0.09
M,M,N,Rural,G,N,13.54616075131107,7.37650812632622,0.0,0.0,G,0.26736868648885476
M,M,N,Rural,G,N,14.217646129311571,8.431417414394833,0.0,0.0,G,0.1
M,M,N,Rural,G,N,14.595982024885938,7.37650812632622,0.0,0.0,G,0.0
M,M,N,Rural,G,N,13.977943133733673,7.37650812632622,0.0,0.0,G,0.0
M,M,N,Rural,G,N,13.12630758876605,8.431417414394833,0.0,0.0,G,0.02
M,M,N,Rural,G,N,13.967686432002667,8.431417414394833,0.0,0.0,G,0.0
M,M,N,Rural,G,N,13.797474888677936,7.37650812632622,0.0,0.0,G,0.02
M,M,N,Rural,G,N,13.57710614988201,7.37650812632622,0.0,0.0,G,0.08468744717571179
M,M,N,Rural,G,N,13.392010289669289,7.37650812632622,0.0,0.0,B,0.58
M,M,N,Rural,G,N,13.656935605460298,8.431417414394833,0.0,0.0,G,0.05
M,M,N,Rural,G,N,14.038239623391075,8.431417414394833,0.0,0.0,G,0.0
M,M,N,Rural,G,N,14.824706033444855,11.474319762659004,0.0,0.0,G,0.27
M,M,N,Rural,G,N,14.78059183496017,6.9363427358340495,0.0,0.0,G,0.0
M,M,N,Rural,G,N,13.513661945594915,8.180320874773685,0.0,0.0,G,0.0
M,M,N,Rural,G,N,13.19045744508813,7.949444420250626,0.0,0.0,G,0.05
M,M,N,Rural,G,N,14.058657500733917,7.37650812632622,0.0,0.0,G,0.0
M,M,N,Rural,G,N,14.994148938783267,7.786136437783072,0.0,0.0,G,0.0
U,M,N,Urban,G,N,13.181200048848504,12.861268706661546,0.0,0.0,G,0.05
M,M,N,Urban,G,N,14.568341211716842,6.664409020350408,0.0,0.0,G,0.01
M,M,N,Urban,G,N,13.363741268070273,11.839628711437912,0.0,0.0,G,0.0
M,M,N,Urban,G,N,13.460661089687667,12.267506351714266,0.0,10.580403719985656,G,0.04
M,M,N,Rural,G,I,13.506647068121962,6.373319789577012,0.0,12.311427661172875,G,0.23
M,M,N,Rural,G,I,13.506647068121962,7.884952945759814,0.0,12.311427661172875,G,0.26
U,M,N,Rural,G,I,13.256890773852327,6.51471269087253,0.0,11.91841723938951,G,0.14
M,M,N,Rural,G,I,13.410927560681932,7.9211727215870145,0.0,12.072524109901568,G,0.23
U,M,N,Rural,G,I,13.447267532461906,6.317164686747284,0.0,11.954741788542888,G,0.12
M,M,N,Rural,G,I,13.491510222838382,5.0369526024136295,0.0,11.373686385878237,G,0.25
M,M,N,Rural,G,I,13.154640810913817,8.716699572964293,0.0,11.040518951108183,G,0.35
M,M,N,Rural,G,I,13.154640810913817,10.148744784095449,0.0,11.101190743848468,G,0.38
M,M,N,Rural,G,N,13.902835302515827,6.664409020350408,0.0,0.0,G,0.05
M,M,N,Rural,G,N,13.20968903833492,6.664409020350408,0.0,0.0,G,0.01
M,M,N,Rural,G,N,13.210604997334688,6.664409020350408,9.675959402904095,0.0,G,0.007274144153997594
M,M,N,Rural,G,N,13.679691980296456,0.0,9.675959402904095,0.0,G,0.0
M,M,N,Rural,G,N,13.902835302515827,7.705262474866325,9.675896626294639,0.0,G,0.0
M,M,N,Rural,G,N,13.496370841611661,7.705262474866325,9.675896626294639,0.0,G,0.04
M,M,N,Rural,G,N,13.20968903833492,10.457631253015656,9.675896626294639,0.0,G,0.029524133437394837
M,M,N,Rural,G,N,13.20968903833492,10.457631253015656,9.676022175572895,0.0,G,0.029524133437394837
M,M,N,Rural,G,N,13.209963914138601,10.457631253015656,9.596078849900314,0.0,G,0.06952413343739483
M,M,N,Semi-Urban,G,I,13.501117570853417,7.744569809354496,0.0,10.26357167860395,G,0.15
U,M,N,Semi-Urban,G,I,13.14193852784922,5.147494476813453,0.0,10.797082676478094,G,0.07
U,M,N,Semi-Urban,G,I,13.172423211392275,4.804021044733257,0.0,10.50862285577286,G,0.07
M,M,N,Semi-Urban,G,I,13.126916993937769,7.004881989712859,0.0,10.574184604258482,G,0.14
M,M,N,Semi-Urban,G,I,13.126916993937769,7.0707241072602764,0.0,10.574184604258482,G,0.14
M,M,N,Semi-Urban,G,I,13.2022571509108,6.068425588244111,0.0,10.099054336080103,G,0.11
M,M,N,Semi-Urban,G,I,13.2022571509108,6.023447592961033,0.0,10.099054336080103,G,0.11
M,M,N,Semi-Urban,G,I,13.2022571509108,7.0326242610280065,0.0,10.099054336080103,G,0.13
M,M,N,Semi-Urban,G,I,13.128385209722824,9.083642718930225,0.0,10.555135425918044,G,0.16
U,M,N,Semi-Urban,G,I,13.23133078041619,5.117993812416755,0.0,9.680406499268875,G,0.09
M,M,N,Semi-Urban,G,I,13.23133078041619,9.715168043938537,0.0,9.680406499268875,G,0.15
M,M,N,Semi-Urban,G,I,13.173062195125636,7.293697720601438,0.0,10.043292972227004,G,0.09
M,M,N,Semi-Urban,G,I,13.25975555758802,6.663132695990803,0.0,0.0,G,0.16
M,M,N,Semi-Urban,G,I,13.259368479707303,7.062191632286556,0.0,0.0,G,0.18
M,F,N,Semi-Urban,G,I,13.215596856903948,7.48605261786314,0.0,0.0,G,0.18
U,M,N,Semi-Urban,G,I,13.215596856903948,6.663132695990803,0.0,0.0,G,0.11
M,M,N,Semi-Urban,G,I,13.215596856903948,11.89514924020531,0.0,0.0,G,0.17
M,F,N,Urban,G,I,15.214721391142389,10.528516479019784,0.0,0.0,G,0.05
M,M,N,Urban,G,I,13.25295645741331,7.786136437783072,0.0,12.628886391972951,G,0.05
M,M,N,Urban,G,I,13.299101039904265,7.786136437783072,0.0,12.536609445100714,G,0.02
M,M,N,Urban,G,I,13.322223562673635,7.786136437783072,0.0,12.48516543548212,G,0.02
M,M,N,Urban,G,I,13.346589542480721,7.786136437783072,0.0,12.426512545270068,G,0.02
M,M,N,Rural,G,I,14.36768904331566,11.294595310651548,0.0,11.381095481271178,G,0.15
M,M,N,Rural,G,I,14.36657157223202,11.294595310651548,0.0,11.432756082607126,G,0.15
M,M,N,Rural,G,I,14.37354566871606,11.294595310651548,0.0,11.297005758745339,G,0.18
M,M,N,Rural,G,I,14.383532061535021,11.294595310651548,0.0,11.117272064246057,G,0.19
M,M,N,Urban,G,I,14.393516772027242,11.202915980634357,0.0,10.943746596190673,G,0.02
M,M,N,Urban,G,I,14.312361184762722,11.202915980634357,0.0,10.561344286317487,G,0.02
M,M,N,Urban,G,I,14.532007987132435,14.511169581204385,0.0,10.637896630844713,G,0.03
M,M,N,Urban,G,I,14.529005315347645,14.511169581204385,0.0,10.775282884523719,G,0.03
M,M,N,Urban,G,I,14.318671482829181,11.202915980634357,0.0,10.310518101368999,G,0.02
M,M,N,Urban,G,I,14.533147891596656,14.511169581204385,0.0,10.58734168618448,G,0.03
M,M,N,Urban,G,I,14.53725977252936,14.511169581204385,0.0,10.410485861467732,G,0.03
M,M,N,Urban,G,I,15.879109135026205,8.783855896643942,0.0,13.933957373270195,G,0.09
M,M,N,Urban,G,I,14.332279087630903,11.202915980634357,0.0,0.0,G,0.02
M,M,N,Rural,G,I,14.238662330807774,8.783855896643942,0.0,11.721856495189382,G,0.24
U,F,N,Urban,G,I,13.5611652555068,9.73678340663725,10.247892527339829,10.310651217279874,G,0.038889594332687294
M,M,N,Rural,G,N,13.358898460554922,13.683463777043942,10.247892527339829,0.0,G,0.02
M,M,N,Rural,G,N,14.5973556508466,13.683463777043942,9.960245886354738,0.0,G,0.14
M,M,N,Rural,G,N,14.5973556508466,13.683463777043942,10.114356072974726,0.0,G,0.13
M,M,N,Rural,G,N,13.138102859333085,13.683463777043942,10.114356072974726,0.0,G,0.13
M,M,N,Rural,G,N,13.212600712059363,13.683463777043942,10.446334962324856,0.0,G,0.0
M,F,N,Urban,G,N,13.167147432585944,8.728264161496178,10.109851103810321,0.0,G,0.06
M,F,N,Rural,G,N,13.508311257486067,8.728264161496178,10.109851103810321,0.0,G,0.0
M,M,N,Rural,G,N,16.027946738867296,11.17178635541831,0.0,15.2258985718461,G,0.04
M,M,N,Rural,G,N,13.891317229368266,12.182220429707494,0.0,13.737879772599541,G,0.03
M,M,N,Rural,G,N,14.315606827517179,12.182220429707494,0.0,0.0,G,0.0
M,M,N,Rural,G,N,13.487320330628316,12.182220429707494,0.0,0.0,G,0.06
M,M,N,Rural,G,N,13.902835302515827,12.182220429707494,0.0,0.0,G,0.0
M,M,N,Rural,G,N,13.392010289669289,12.182220429707494,0.0,0.0,G,0.0
M,M,N,Rural,G,N,13.600150387401428,11.17178635541831,0.0,12.513193308436527,G,0.02
M,M,N,Rural,G,N,13.20968903833492,11.17178635541831,0.0,0.0,G,0.03
M,M,N,Rural,G,N,14.08515670657986,13.683463777043942,0.0,0.0,G,0.13
M,M,N,Rural,G,N,13.392010289669289,12.182220429707494,10.364954850759577,0.0,G,0.01
M,M,N,Rural,G,N,13.314948747263903,13.683463777043942,9.676084944301534,0.0,G,0.01
M,M,N,Rural,G,N,13.20968903833492,12.182220429707494,9.675959402904095,0.0,G,0.01
M,F,N,Rural,G,N,13.878542632480704,8.728264161496178,9.676022175572895,0.0,G,0.09592765070912108
M,F,N,Rural,G,N,13.38625109621035,8.728264161496178,10.037581287016828,0.0,G,0.08
M,M,N,Rural,G,N,13.20968903833492,13.683463777043942,10.037581287016828,0.0,G,0.0
M,M,N,Rural,G,N,13.20968903833492,8.708639655987193,9.675896626294639,0.0,G,0.02
M,M,N,Rural,G,N,14.178191330753618,7.669028288589683,9.675896626294639,0.0,G,0.04
M,M,N,Rural,G,N,13.664603943794665,7.669028288589683,9.675896626294639,0.0,G,0.01
M,M,N,Rural,G,N,13.894097129062265,7.669028288589683,10.037581287016828,0.0,G,0.0888895943326873
M,M,N,Rural,G,N,14.024078803698997,7.669028288589683,9.675896626294639,0.0,G,0.0
M,M,N,Rural,G,N,14.308300105164125,7.669028288589683,9.675896626294639,0.0,G,0.0
M,M,N,Rural,G,N,14.145781463157991,7.669028288589683,10.037537560656384,0.0,G,0.05
M,M,N,Rural,G,N,16.01909001134576,13.167631154770596,9.676022175572895,0.0,G,0.0
M,M,N,Rural,G,N,15.09614296911069,13.167631154770596,9.675896626294639,0.0,G,0.04
M,M,N,Rural,G,N,13.400243567983846,12.182220429707494,10.037537560656384,0.0,G,0.01
M,M,N,Rural,G,N,13.446258278472246,12.521995904976842,10.037537560656384,12.875185809078062,G,0.02
M,M,N,Rural,G,N,14.819125484562155,12.521995904976842,10.037537560656384,0.0,G,0.01
M,M,N,Rural,G,N,13.902835302515827,8.708639655987193,10.643064971973882,0.0,G,0.02282379121193874
M,M,N,Rural,G,N,15.470495476449301,7.669028288589683,9.810000709442663,0.0,G,0.0
M,M,N,Rural,G,N,13.330134983438313,12.521995904976842,9.810439811486056,0.0,G,0.04
M,M,N,Rural,G,N,13.43626275317315,11.899819187492957,9.810330054049878,15.817328474047372,G,0.03
M,M,N,Rural,G,N,13.503328121107922,12.182220429707494,9.810439811486056,0.0,G,0.02
M,M,N,Rural,G,N,13.20968903833492,13.683463777043942,10.200624783758665,0.0,G,0.01
U,M,N,Rural,G,N,14.490621560138104,14.514659193711719,10.040724570841213,0.0,G,0.01
U,M,N,Rural,G,N,13.495469192220584,14.514659193711719,10.040637390683361,0.0,G,0.01
M,M,N,Rural,G,N,14.819125484562155,12.521995904976842,10.040680981712335,0.0,G,0.01
M,M,N,Rural,G,N,15.289128976350888,12.521995904976842,10.041378179875572,0.0,G,0.01
U,M,N,Rural,G,N,13.3049998845962,14.514659193711719,9.951658477397421,0.0,G,0.01
M,M,N,Rural,G,N,13.167338655091122,0.0,10.174392167248598,12.6897356838327,G,0.02
M,M,N,Rural,G,N,13.54616075131107,8.737131611781498,10.174392167248598,0.0,G,0.0
M,M,N,Rural,G,N,13.509921101108365,8.737131611781498,9.951991961595743,12.549488575957183,G,0.08
M,M,N,Rural,G,N,13.392010289669289,0.0,10.174315895415749,0.0,G,0.01
M,M,N,Rural,G,N,13.20968903833492,0.0,10.174163334295654,0.0,G,0.07842252459255267
M,M,N,Rural,G,N,13.902835302515827,12.521995904976842,12.321840318373198,0.0,G,0.08
M,M,N,Rural,G,N,14.308300105164125,12.521995904976842,9.951896691743816,0.0,G,0.01
M,M,N,Rural,G,N,13.472053584765023,0.0,11.231172447548754,0.0,G,0.05
U,M,N,Rural,G,N,13.145683341025933,14.514659193711719,9.69609431131315,0.0,G,0.11
U,M,N,Rural,G,N,13.902835302515827,14.514659193711719,0.0,0.0,G,0.051513401807418285
M,M,N,Rural,G,N,14.02390182749128,0.0,0.0,0.0,G,0.0
M,M,N,Rural,G,N,14.297845962350635,0.0,0.0,0.0,G,0.0
M,M,N,Rural,G,N,13.998145399012925,0.0,0.0,0.0,G,0.0
M,M,N,Rural,G,N,14.08515670657986,0.0,0.0,0.0,G,0.0
M,M,N,Rural,G,N,15.001446980264111,12.521995904976842,0.0,0.0,G,0.01
M,M,N,Rural,G,N,15.904685946670305,11.899819187492957,0.0,0.0,G,0.01
M,M,N,Rural,G,N,14.685365651596046,0.0,0.0,0.0,G,0.0
M,M,N,Rural,G,N,13.902835302515827,0.0,0.0,0.0,G,0.0
M,M,N,Rural,G,N,14.2029399967861,0.0,0.0,0.0,G,0.0
M,M,N,Rural,G,N,14.63134915280157,12.521995904976842,0.0,0.0,G,0.04
M,M,N,Rural,G,N,14.528773552066584,8.708639655987193,0.0,0.0,G,0.0
M,M,N,Rural,G,N,15.001446980264111,0.0,0.0,0.0,G,0.0
M,M,N,Rural,G,N,13.573121748994563,13.167631154770596,0.0,14.731301564996766,G,0.13
M,M,N,Rural,G,N,14.388958242630489,0.0,0.0,0.0,G,0.0
M,M,N,Rural,G,N,13.392010289669289,8.708639655987193,0.0,0.0,G,0.03
M,M,N,Rural,G,N,14.932454130595731,0.0,0.0,0.0,G,0.0
M,M,N,Rural,G,N,13.20968903833492,13.683463777043942,0.0,0.0,G,0.0
M,M,N,Rural,G,N,13.392010289669289,8.708639655987193,0.0,0.0,G,0.03
M,M,N,Rural,G,N,13.176646996311579,13.683463777043942,0.0,0.0,G,0.06
M,M,N,Rural,G,N,13.20968903833492,12.521995904976842,0.0,0.0,G,0.0
M,M,N,Rural,G,N,14.544688754613647,0.0,0.0,0.0,G,0.0
M,M,N,Rural,G,N,13.902835302515827,12.521995904976842,0.0,0.0,G,0.0
M,M,N,Rural,G,N,14.19393603472036,0.0,0.0,0.0,G,0.0
M,M,N,Rural,G,N,14.776296912316969,0.0,0.0,0.0,G,0.0
M,M,N,Rural,G,N,13.679691980296456,8.737131611781498,0.0,0.0,G,0.04
M,M,N,Rural,G,N,13.20968903833492,8.737131611781498,0.0,0.0,B,0.91
M,M,N,Rural,G,N,13.54616075131107,0.0,0.0,0.0,G,0.0
M,M,N,Rural,G,N,13.392010289669289,0.0,0.0,0.0,G,0.0
M,M,N,Rural,G,N,13.88263261389993,8.517393171418904,0.0,0.0,G,0.0
M,M,N,Rural,G,N,13.679691980296456,8.517393171418904,0.0,0.0,G,0.09
M,M,N,Rural,G,N,14.265471543612222,0.0,0.0,0.0,G,0.0
M,M,N,Rural,G,N,14.819125484562155,0.0,0.0,0.0,G,0.0
M,M,N,Rural,G,N,13.797474888677936,0.0,0.0,0.0,G,0.0
M,M,N,Rural,G,N,14.2029399967861,7.669028288589683,0.0,0.0,G,0.0
M,M,N,Rural,G,N,15.512272481846091,7.669028288589683,0.0,0.0,G,0.0
M,M,N,Rural,G,N,14.858346183617284,7.669028288589683,0.0,0.0,G,0.0
M,M,N,Rural,G,N,16.04290065744166,7.669028288589683,0.0,0.0,G,0.01
M,F,N,Rural,G,N,13.524498948751626,8.728264161496178,0.0,0.0,G,0.0
M,M,N,Rural,G,N,16.258939442705966,7.669028288589683,0.0,0.0,G,0.0
M,M,N,Rural,G,N,15.001446980264111,0.0,0.0,0.0,G,0.0
M,M,N,Rural,G,N,15.396524921512817,0.0,0.0,0.0,G,0.0
M,M,N,Rural,G,N,13.20968903833492,0.0,0.0,0.0,G,0.3280548463671169
M,M,N,Rural,G,N,14.198112961511974,0.0,0.0,0.0,G,0.0
M,M,N,Rural,G,N,14.242160344431875,0.0,0.0,0.0,G,0.0
M,M,N,Rural,G,N,14.63520272041653,11.17178635541831,0.0,0.0,G,0.11
M,M,N,Rural,G,N,14.595982024885938,7.828038032125829,0.0,0.0,G,0.0
M,M,N,Rural,G,N,14.819125484562155,15.365792344813357,0.0,0.0,G,0.09
M,M,N,Rural,G,I,14.902609825414395,8.737131611781498,0.0,12.684651898776217,G,0.14
U,M,N,Rural,G,N,13.87054404908754,8.851233902846035,0.0,0.0,G,0.0
M,M,N,Rural,G,N,14.563794860930313,8.517393171418904,0.0,0.0,G,0.0
M,M,N,Rural,G,N,13.178537640460055,12.002903275423382,0.0,0.0,G,0.03
M,M,N,Rural,G,N,14.583752223913706,0.0,0.0,0.0,G,0.0
M,M,N,Rural,G,N,13.872750635136349,0.0,0.0,0.0,G,0.04
M,M,N,Rural,G,N,14.33691997526991,0.0,0.0,0.0,G,0.0
M,M,N,Rural,G,N,13.183189390704843,0.0,0.0,0.0,G,0.02
M,M,N,Rural,G,N,13.221824928331129,0.0,0.0,0.0,G,0.0
M,M,N,Rural,G,N,13.367468791813812,0.0,0.0,0.0,G,0.0
M,M,N,Rural,G,N,13.878293789481978,0.0,0.0,0.0,G,0.02
M,M,N,Rural,G,N,13.61192695744386,0.0,0.0,0.0,G,0.01
M,M,N,Rural,G,N,14.752668840098892,8.737131611781498,0.0,0.0,G,0.11
M,M,N,Rural,G,N,13.387695540991215,8.737131611781498,0.0,0.0,B,0.59
M,F,N,Rural,G,N,13.91420862874319,8.728264161496178,0.0,0.0,G,0.02
M,F,N,Rural,G,N,14.559726257651704,8.728264161496178,0.0,0.0,G,0.0
M,M,N,Rural,G,N,14.57872097030449,13.683463777043942,0.0,0.0,G,0.25
M,M,N,Rural,G,N,13.88357192907276,13.683463777043942,0.0,0.0,G,0.2
M,M,N,Rural,G,N,13.887572581448788,13.683463777043942,0.0,0.0,G,0.2
M,M,N,Rural,G,N,15.506086700844566,13.167631154770596,0.0,0.0,G,0.01
M,F,N,Rural,G,N,14.776277399938946,11.279946201233907,0.0,0.0,G,0.05
U,M,N,Rural,G,I,13.179342775221865,9.76864100976636,0.0,11.37291599196189,G,0.16
U,M,N,Rural,G,N,13.20968903833492,8.851233902846035,0.0,0.0,G,0.01
U,M,N,Rural,G,N,13.518642422532219,7.589335823170617,0.0,0.0,G,0.03
U,M,N,Rural,G,N,13.679691980296456,7.589335823170617,0.0,0.0,G,0.03
M,F,N,Rural,G,N,14.2595673352652,10.845309569606691,0.0,14.341444868528058,G,0.02
M,F,N,Rural,G,N,14.308300105164125,10.845309569606691,0.0,0.0,G,0.11
M,F,N,Rural,G,N,13.90558066892067,10.845309569606691,0.0,0.0,G,0.05
M,M,N,Rural,G,N,14.48532974441837,12.002903275423382,0.0,0.0,G,0.02
M,M,N,Rural,G,N,14.341090203886354,12.002903275423382,0.0,0.0,G,0.02
M,M,N,Rural,G,N,14.08515670657986,12.002903275423382,0.0,0.0,G,0.01
U,M,N,Rural,G,N,13.20968903833492,8.851233902846035,0.0,0.0,G,0.01
M,M,N,Rural,G,N,13.20968903833492,12.002903275423382,0.0,0.0,G,0.49
M,M,N,Rural,G,N,13.20968903833492,9.23366619727968,0.0,0.0,G,0.0
M,M,N,Semi-Urban,G,I,15.219802732408475,7.346655163176539,0.0,13.301319276721982,G,0.09
M,M,N,Semi-Urban,G,I,15.243325389613249,7.346655163176539,0.0,13.131996826372568,G,0.1
M,M,N,Semi-Urban,G,I,13.72308601071472,7.346655163176539,0.0,11.750602886061476,G,0.1
M,M,N,Semi-Urban,G,I,13.78549352074912,7.346655163176539,0.0,11.81756789399681,G,0.09
M,M,N,Semi-Urban,G,I,13.746338384689432,7.346655163176539,0.0,11.57326769397639,G,0.08
M,M,N,Semi-Urban,G,I,13.948162063601751,7.346655163176539,0.0,11.529113725166752,G,0.07
M,M,N,Semi-Urban,G,I,13.762576971664773,7.346655163176539,0.0,11.427160583509428,G,0.08
M,M,N,Semi-Urban,G,I,13.761138845896935,7.346655163176539,0.0,11.441901961716852,G,0.09
M,M,N,Semi-Urban,G,I,13.759331664237825,7.346655163176539,0.0,11.460104688786645,G,0.1
M,M,N,Semi-Urban,G,I,14.165985722928946,7.346655163176539,0.0,11.853624470490573,G,0.07
U,M,N,Semi-Urban,G,I,15.261490982945785,11.30943747131446,0.0,12.53389688146945,G,0.05
M,M,N,Semi-Urban,G,I,15.579743970855546,10.30229722897745,0.0,12.757342272386659,G,0.08
M,M,N,Semi-Urban,G,I,15.306026861813763,10.057709658383915,0.0,12.495045135035625,G,0.09
M,M,N,Semi-Urban,G,I,13.699965017248083,10.057709658383915,0.0,10.827766295132466,G,0.09
M,F,N,Urban,G,N,13.392010289669289,0.0,0.0,0.0,G,0.0
M,F,N,Urban,G,N,13.20968903833492,0.0,0.0,0.0,G,0.0
M,F,N,Urban,G,N,13.243973746135099,0.0,0.0,0.0,G,0.0
M,F,N,Urban,G,N,15.250907891466863,0.0,12.07921606952746,0.0,G,0.04
M,F,N,Urban,G,N,15.268648749702747,0.0,0.0,13.90883330959547,G,0.11
M,M,N,Urban,G,N,15.406911986552268,12.521995904976842,0.0,0.0,G,0.0
M,M,N,Urban,G,N,14.595982024885938,12.521995904976842,0.0,0.0,G,0.0
M,M,N,Urban,G,N,14.584112089617195,12.521995904976842,0.0,0.0,G,0.0
M,M,N,Urban,G,N,15.512272481846091,12.521995904976842,0.0,0.0,G,0.0
M,M,N,Urban,G,N,14.595982024885938,12.521995904976842,0.0,0.0,G,0.0
M,M,N,Urban,G,N,13.20968903833492,12.521995904976842,0.0,0.0,G,0.0
M,M,N,Urban,G,N,13.20968903833492,12.521995904976842,0.0,0.0,G,0.0
M,M,N,Urban,G,N,13.20968903833492,12.521995904976842,0.0,0.0,G,0.0
M,M,N,Urban,G,N,14.819125484562155,12.521995904976842,0.0,0.0,G,0.0
M,M,N,Urban,G,N,15.625601147516377,12.521995904976842,0.0,0.0,G,0.0
M,M,N,Urban,G,N,15.034236793233553,12.521995904976842,0.0,0.0,G,0.0
M,M,N,Urban,G,N,14.308300105164125,12.521995904976842,0.0,0.0,G,0.01
M,M,N,Urban,G,N,14.34044439126666,12.521995904976842,0.0,0.0,G,0.01
M,M,N,Urban,G,N,15.944703944107923,12.521995904976842,0.0,0.0,G,0.01
M,M,N,Urban,G,N,13.34203049291197,12.521995904976842,0.0,0.0,G,0.0
U,M,N,Rural,G,N,14.522662709490238,12.758856577966888,0.0,0.0,G,0.03
U,M,N,Rural,G,N,14.598557398738524,12.758856577966888,0.0,0.0,G,0.0
M,M,N,Rural,G,N,13.847248537471408,8.737131611781498,0.0,0.0,G,0.15
M,M,N,Urban,G,N,13.227328614950055,8.737131611781498,0.0,0.0,G,0.02
M,M,N,Urban,G,N,13.200355368410449,6.777646593635117,9.777924329560783,0.0,G,0.02
M,M,N,Urban,G,N,13.382676308556324,6.777646593635117,0.0,0.0,G,0.0
M,M,N,Urban,G,N,13.536826547920436,6.777646593635117,0.0,0.0,G,0.01
M,M,N,Urban,G,N,13.200355368410449,6.777646593635117,0.0,0.0,G,0.02
M,M,N,Urban,G,N,13.200355368410449,6.777646593635117,0.0,0.0,G,0.02
M,M,N,Urban,G,N,13.200355368410449,8.949884285777994,0.0,0.0,G,0.0
M,M,N,Urban,G,N,13.988810710652317,7.838737559599282,0.0,0.0,G,0.0
M,M,N,Urban,G,N,14.535354195734786,7.838737559599282,0.0,0.0,G,0.0
M,M,N,Urban,G,N,13.200355368410449,7.465082736399547,0.0,0.0,G,0.0
M,M,N,Urban,G,N,13.200355368410449,7.465082736399547,0.0,0.0,G,0.0
M,M,N,Urban,G,N,13.382676308556324,7.465082736399547,0.0,0.0,G,0.01
M,M,N,Urban,G,N,13.382676308556324,7.465082736399547,0.0,0.0,G,0.01
M,M,N,Urban,G,N,13.200355368410449,12.778472087541925,0.0,0.0,G,0.0
M,M,N,Urban,G,N,13.67035761019747,12.778472087541925,11.568085772814165,0.0,G,0.09
M,M,N,Urban,G,N,13.536826547920436,12.778472087541925,11.568085772814165,0.0,G,0.1
M,M,N,Urban,G,N,13.200355368410449,12.778472087541925,10.063904273942033,0.0,G,0.08
M,M,N,Urban,G,N,13.382676308556324,12.778472087541925,10.126871075054945,0.0,G,0.06
M,M,N,Urban,G,N,13.788140388916844,12.778472087541925,10.063904273942033,0.0,G,0.04
M,M,N,Urban,G,N,13.536826547920436,12.778472087541925,10.257413722053586,0.0,G,0.06
M,M,N,Urban,G,N,13.67035761019747,12.778472087541925,10.063904273942033,0.0,G,0.05
M,M,N,Urban,G,N,13.765667790001794,12.778472087541925,10.063904273942033,0.0,G,0.04
M,M,N,Urban,G,N,13.387290508767206,12.778472087541925,10.063904273942033,0.0,G,0.06
M,M,N,Rural,G,N,13.20968903833492,8.911260254572033,10.469369382050196,0.0,G,0.14620119103973153
M,M,N,Rural,G,N,14.644772167236802,8.911260254572033,10.146786610053903,0.0,G,0.0
M,M,N,Rural,G,N,14.308300105164125,8.911260254572033,10.463389013948712,0.0,G,0.0
M,M,N,Urban,G,N,13.45654871535072,8.911260254572033,10.19249374795004,0.0,G,0.03
M,M,N,Rural,G,N,13.189487303500359,8.911260254572033,8.58316818033977,0.0,G,0.03762034344967846
M,F,N,Urban,G,N,13.249790426376391,7.0317412587631285,0.0,0.0,G,0.0
M,F,N,Rural,G,N,13.944363649383046,14.411367900488962,0.0,0.0,G,0.02
M,F,N,Rural,G,N,13.679691980296456,14.411367900488962,0.0,0.0,G,0.07
M,F,N,Rural,G,N,13.962653023237992,14.411367900488962,0.0,0.0,G,0.02
M,F,N,Rural,G,N,13.944363649383046,14.411367900488962,0.0,0.0,G,0.02
M,F,N,Rural,G,N,13.944363649383046,14.411367900488962,0.0,0.0,G,0.02
M,F,N,Rural,G,N,13.974763058486742,14.411367900488962,0.0,0.0,G,0.02
M,F,N,Rural,G,N,14.585931693660617,14.411367900488962,0.0,0.0,G,0.0
M,F,N,Rural,G,N,14.595982024885938,14.411367900488962,0.0,0.0,G,0.0
M,F,N,Rural,G,N,14.595982024885938,14.411367900488962,0.0,0.0,G,0.0
M,F,N,Rural,G,N,14.62067484980821,14.411367900488962,0.0,0.0,G,0.0
M,F,N,Rural,G,N,14.595982024885938,14.411367900488962,0.0,0.0,G,0.0
M,F,N,Rural,G,N,14.595982024885938,14.411367900488962,0.0,0.0,G,0.0
M,F,N,Rural,G,N,14.595982024885938,14.411367900488962,0.0,0.0,G,0.0
M,F,N,Rural,G,N,14.595982024885938,14.411367900488962,0.0,0.0,G,0.0
M,F,N,Rural,G,N,14.372838588119206,14.411367900488962,0.0,0.0,G,0.11
M,F,N,Rural,G,N,13.77812120684338,14.411367900488962,0.0,0.0,G,0.1688895943326873
M,M,N,Rural,G,N,14.255864574595329,14.187739410279743,0.0,0.0,G,0.03
M,M,N,Rural,G,N,14.255864574595329,14.187739410279743,0.0,0.0,G,0.03
M,M,N,Rural,G,N,14.255864574595329,14.187739410279743,0.0,0.0,G,0.03
M,M,N,Rural,G,N,14.255864574595329,14.187739410279743,0.0,0.0,G,0.03
M,M,N,Rural,G,N,14.255864574595329,14.187739410279743,0.0,0.0,G,0.03
M,M,N,Rural,G,N,14.13815839062091,14.187739410279743,0.0,0.0,G,0.03
M,M,N,Rural,G,N,14.313929739102466,14.187739410279743,0.0,0.0,G,0.02
M,M,N,Rural,G,N,14.255864574595329,14.187739410279743,0.0,0.0,G,0.03
M,M,N,Rural,G,N,14.255864574595329,14.187739410279743,0.0,0.0,G,0.03
M,M,N,Rural,G,N,14.255864574595329,14.187739410279743,0.0,0.0,G,0.03
M,M,N,Rural,G,N,13.850398822678494,14.187739410279743,0.0,0.0,G,0.05
M,M,N,Rural,G,N,14.255864574595329,14.187739410279743,0.0,0.0,G,0.03
U,M,N,Rural,G,I,13.570332265039218,8.718663567048953,0.0,10.880384082520141,G,0.15
M,M,N,Rural,G,I,13.570333542887525,8.667680024690174,0.0,10.880365258459227,G,0.28
M,M,N,Rural,G,I,13.233215784979084,7.658227526161352,0.0,10.536274138921273,G,0.29
M,M,Y,Rural,G,N,13.38620193917666,14.187739410279743,0.0,16.380459992348886,G,0.16
M,M,N,Rural,G,N,14.273724966635033,7.703007682479236,0.0,0.0,G,0.01
U,M,N,Rural,G,N,14.295651381791183,7.60489448081162,0.0,0.0,G,0.07
U,M,N,Rural,G,N,14.584394419325927,11.532178921892115,0.0,0.0,G,0.0
M,M,N,Rural,G,N,15.148097397003268,7.495541943884256,0.0,0.0,G,0.12
U,M,N,Rural,G,N,14.301103293217137,13.473118835706966,0.0,0.0,G,0.06
M,M,N,Rural,G,N,16.204273438942487,14.187739410279743,0.0,0.0,G,0.06
M,M,N,Semi-Urban,G,N,14.956543882005104,6.411818267709897,0.0,0.0,G,0.0
M,M,N,Semi-Urban,G,N,14.212271897937022,12.778472087541925,0.0,0.0,G,0.01
M,M,N,Rural,G,I,13.372438593734728,7.582738488914411,0.0,12.177884054120863,G,0.2
M,M,N,Rural,G,I,13.58070552511326,6.927557906278317,0.0,12.08828523486422,G,0.17
M,M,N,Rural,G,I,13.327476554054513,10.94379959925603,0.0,11.667104715817903,G,0.17
M,M,N,Rural,G,I,13.649655481476161,6.802394763324311,0.0,11.844622030491424,G,0.16
U,M,N,Rural,G,I,13.394169084695271,10.156655816956032,0.0,11.330635907664284,G,0.11
M,M,N,Rural,G,I,13.486543884006124,6.5998704992128365,0.0,10.414363175052161,G,0.33
M,M,N,Rural,G,I,13.516206544964671,10.881211990594375,0.0,9.721245992542345,G,0.31
M,M,Y,Rural,DF,N,13.18885499001644,8.372860820526318,0.0,0.0,G,0.02
M,M,Y,Rural,DF,N,13.18885499001644,8.372860820526318,0.0,0.0,G,0.02
M,M,Y,Rural,DF,N,13.18885499001644,8.372860820526318,0.0,0.0,G,0.02
M,M,Y,Rural,DF,N,13.675818513146224,8.372860820526318,0.0,0.0,G,0.01
M,M,Y,Rural,G,N,13.135743463481473,7.448333860897476,0.0,0.0,G,0.36
M,M,N,Rural,G,N,13.392010289669289,13.516991308193889,0.0,0.0,G,0.0
U,M,N,Rural,G,N,15.156382776756239,11.532178921892115,0.0,0.0,G,0.0
M,M,N,Rural,G,N,13.554633986332824,7.00397413672268,0.0,12.95086543340818,G,0.03
M,M,N,Rural,G,N,13.20968903833492,7.00397413672268,0.0,0.0,B,0.5665520696684742
M,M,N,Rural,G,N,13.20968903833492,7.00397413672268,0.0,0.0,B,0.5665520696684742
M,M,N,Rural,G,N,14.595982024885938,7.00397413672268,0.0,0.0,G,0.2
U,M,N,Rural,G,N,14.362548142354514,13.473118835706966,0.0,13.785052381406869,G,0.02
M,M,N,Rural,G,N,13.20968903833492,8.526945482858915,0.0,0.0,G,0.02
M,M,N,Rural,G,N,13.392010289669289,8.812248018197431,0.0,0.0,G,0.02
M,M,N,Rural,G,N,13.54616075131107,8.812248018197431,0.0,0.0,G,0.04
M,M,N,Rural,G,N,13.679691980296456,8.812248018197431,0.0,0.0,G,0.02
M,M,N,Rural,G,N,13.20968903833492,8.812248018197431,0.0,0.0,B,0.62
M,M,N,Rural,G,N,13.210604997334688,8.812248018197431,0.0,0.0,G,0.24
U,M,N,Rural,G,N,13.147814726471612,13.473118835706966,0.0,0.0,G,0.13
U,M,N,Rural,G,N,13.215172249727539,13.473118835706966,0.0,0.0,G,0.02
M,M,N,Rural,G,N,13.199639183811486,7.703007682479236,0.0,0.0,G,0.04
M,M,N,Rural,G,N,13.20968903833492,7.703007682479236,0.0,0.0,G,0.17
M,M,N,Rural,G,N,13.180173689823329,9.547241088215463,0.0,0.0,G,0.18
U,M,N,Semi-Urban,G,I,13.141381383240091,4.844187086458591,0.0,10.802876246334927,G,0.07
M,M,N,Semi-Urban,G,I,13.141086991402432,7.112327444710911,0.0,10.876215327013442,G,0.17
M,M,N,Semi-Urban,G,I,13.128385209722824,6.322565239927284,0.0,10.555135425918044,G,0.14
M,M,N,Semi-Urban,G,I,13.201980148225795,7.603897968521881,0.0,10.248884134178173,G,0.12
M,M,N,Semi-Urban,G,I,13.201980148225795,8.456168489578463,0.0,10.105203156436717,G,0.14
M,M,N,Semi-Urban,G,I,13.201980148225795,7.826443135456014,0.0,10.248884134178173,G,0.13
M,M,N,Semi-Urban,G,I,13.172925304407944,6.911747300251674,0.0,10.043292972227004,G,0.09
M,M,N,Semi-Urban,G,I,13.173202868838894,6.913737350659685,9.982575958855092,10.036750159040897,G,0.05
M,M,N,Urban,G,I,14.84381267932071,9.42424134192346,9.982575958855092,0.0,G,0.02
M,M,N,Urban,G,I,13.815511557963774,9.42424134192346,9.64620535247543,0.0,G,0.0
M,M,N,Urban,G,I,15.822445383257362,11.987306997198875,0.0,13.413972727993999,G,0.04
M,M,N,Urban,G,I,13.774651062740876,11.987306997198875,0.0,11.436044420634271,G,0.02
M,M,N,Urban,G,I,13.772534161051546,11.987306997198875,0.0,11.457560735633642,G,0.02
M,M,N,Urban,G,I,13.783823793215642,11.987306997198875,0.0,11.336176353224749,G,0.02
M,M,N,Urban,G,I,13.781823466049074,11.987306997198875,0.0,11.395143679313064,G,0.02
M,F,N,Urban,G,I,13.622887724742956,10.463303320474218,0.0,10.808474638238891,G,0.02
M,F,N,Urban,G,I,13.627921150376304,10.463303320474218,0.0,10.71555046034839,G,0.03
M,M,N,Urban,G,I,13.777802460231257,10.257343526911063,0.0,11.084953977720833,G,0.02
M,M,N,Urban,G,I,13.777657069732895,10.257343526911063,0.0,11.100979400762375,G,0.02
M,F,N,Urban,G,I,13.646066528748337,10.463303320474218,10.114356072974726,10.378167729665766,G,0.02
M,F,N,Urban,G,I,13.761222256702062,9.634627234324935,10.247892527339829,11.00861192481946,G,0.02
M,F,N,Urban,G,I,13.776039733535775,9.634627234324935,9.960245886354738,10.739283808037968,G,0.02
M,F,N,Semi-Urban,G,I,14.083754426709532,10.78365357369165,10.247892527339829,9.10886120302633,G,0.1
M,F,N,Semi-Urban,G,I,14.080400092789404,10.78365357369165,9.960245886354738,9.503755976275723,G,0.12
M,F,N,Urban,G,I,13.792257284028864,9.634627234324935,9.960245886354738,10.342774209119803,G,0.03
M,F,N,Semi-Urban,G,I,14.084106136635047,10.78365357369165,9.960245886354738,0.0,G,0.21
M,F,N,Semi-Urban,G,I,14.085920064812838,10.78365357369165,0.0,0.0,G,0.3
M,F,N,Urban,G,I,15.158783632893963,9.942756341456828,0.0,0.0,G,0.07
M,F,N,Urban,G,I,15.15608841388162,9.942756341456828,0.0,0.0,G,0.07
M,F,N,Semi-Urban,G,I,15.149738694484055,9.942756341456828,0.0,0.0,G,0.15
M,F,N,Semi-Urban,G,I,14.038654909278163,9.942756341456828,0.0,0.0,G,0.37
M,F,N,Semi-Urban,G,I,14.318175574366139,12.100639905041975,0.0,10.337183720985118,G,0.12
M,F,N,Semi-Urban,G,I,14.314619002920116,12.100639905041975,0.0,10.528677039912846,G,0.13
M,F,N,Semi-Urban,G,I,14.44664030344356,12.100639905041975,0.0,9.86837837542256,G,0.12
M,M,N,Urban,G,I,14.619801001820926,14.187739410279743,0.0,13.633152600507824,G,0.02
M,M,N,Rural,G,N,15.008174355855251,15.76300716221951,0.0,0.0,G,0.1
M,M,N,Rural,G,N,13.98550309038882,15.76300716221951,0.0,0.0,G,0.01
M,F,N,Rural,G,N,13.981279201417161,15.129004361122687,0.0,11.695255355062795,G,0.0
M,F,N,Rural,G,N,14.857394810754787,15.129004361122687,0.0,12.611541086966115,G,0.01
M,F,N,Rural,G,N,15.321962910077952,15.129004361122687,0.0,14.115060181633106,G,0.17
M,F,N,Rural,G,N,15.170524240263632,15.129004361122687,0.0,12.928781055513184,G,0.3
M,F,N,Rural,G,N,14.99915187117021,15.129004361122687,0.0,12.754196944209095,G,0.04
M,F,N,Rural,G,N,15.414729433446956,15.129004361122687,0.0,13.159661088928443,G,0.1
M,F,N,Rural,G,N,13.94214761417428,15.129004361122687,0.0,0.0,G,0.0
M,F,N,Rural,G,N,14.078516923932774,15.129004361122687,0.0,11.827743504053695,G,0.01
M,F,N,Rural,G,N,15.441084580305626,15.129004361122687,0.0,13.195615697878253,G,0.11
M,F,N,Rural,G,N,14.669888864158441,15.129004361122687,0.0,12.433212202169729,G,0.02
M,F,N,Rural,G,N,15.644306626134489,15.129004361122687,0.0,13.382573014636467,G,0.12
M,F,N,Rural,G,N,13.713901884226159,15.129004361122687,0.0,11.461642696843066,G,0.04
M,F,N,Rural,G,N,15.232091611689038,15.129004361122687,9.675959402904095,12.834683971615659,G,0.11
M,F,N,Rural,G,N,14.065224372613025,15.129004361122687,9.675959402904095,11.80560254159177,G,0.01
M,F,N,Rural,G,N,15.485886454876308,15.129004361122687,10.037581287016828,13.26212705890841,G,0.06
M,F,N,Rural,G,N,13.702508699243642,15.129004361122687,9.675896626294639,11.461642696843066,G,0.01
M,M,N,Rural,G,N,16.20541957076802,15.76300716221951,9.675896626294639,0.0,G,0.0
M,M,N,Rural,G,N,16.20541957076802,15.76300716221951,9.675896626294639,0.0,G,0.0
M,M,N,Rural,G,N,16.675423165649498,15.76300716221951,10.037712454627359,0.0,G,0.0
M,M,N,Rural,G,N,16.20541957076802,15.76300716221951,10.037668734002148,0.0,G,0.0
M,M,N,Rural,G,N,16.20541957076802,15.76300716221951,10.408647154675492,0.0,G,0.0
M,F,N,Rural,G,N,16.08992485399162,15.129004361122687,9.397068870588344,16.252517796744424,G,0.0
M,F,N,Rural,G,N,17.29469727904311,15.129004361122687,11.100465952949104,0.0,G,0.03
M,M,N,Rural,G,N,16.898566705508955,15.76300716221951,9.689241798157529,0.0,G,0.0
M,M,N,Rural,G,N,16.6989137024884,8.979668554241181,11.533316154617962,15.10198486004501,G,0.08
M,M,N,Rural,G,N,16.16719833771605,8.979668554241181,9.49160187662504,0.0,G,0.02
M,M,N,Rural,G,N,16.023897712384333,8.979668554241181,9.49160187662504,0.0,G,0.02
M,M,N,Rural,G,N,16.467783814088275,15.76300716221951,9.491450899044924,0.0,G,0.0
M,M,N,Rural,G,N,14.757469426450479,12.640776116195056,9.491450899044924,14.38761997448109,G,0.01
M,M,N,Rural,G,N,15.636920087405661,8.979668554241181,9.298259670014065,0.0,G,0.02
M,M,N,Rural,G,N,13.54616075131107,12.640776116195056,9.298351249298896,0.0,G,0.02
M,M,N,Rural,G,N,16.20541957076802,15.76300716221951,9.466454374960302,0.0,G,0.0
M,F,N,Rural,G,N,16.292655748736983,15.129004361122687,9.466299552232016,0.0,G,0.0
M,M,N,Rural,G,N,14.595982024885938,15.76300716221951,9.299449547047958,0.0,G,0.0
M,M,N,Rural,G,N,13.902835302515827,12.640776116195056,9.451323841418724,0.0,G,0.03
M,M,N,Rural,G,N,14.595982024885938,12.640776116195056,9.451716691551452,0.0,G,0.01
M,M,N,Rural,G,N,14.595982024885938,12.640776116195056,9.704365657063827,0.0,G,0.01
M,M,N,Rural,G,N,16.20541957076802,15.76300716221951,9.704365657063827,0.0,G,0.0
M,M,N,Rural,G,N,14.08515670657986,12.640776116195056,9.451716691551452,0.0,G,0.03
M,M,N,Rural,G,N,16.206793197231843,15.76300716221951,9.70430463866676,0.0,G,0.0
M,M,N,Rural,G,N,16.20541957076802,15.76300716221951,9.70430463866676,0.0,G,0.0
M,M,N,Rural,G,N,14.308300105164125,12.640776116195056,10.57798693872359,0.0,G,0.02
M,M,N,Rural,G,N,13.902835302515827,12.640776116195056,10.57798693872359,0.0,G,0.04
M,M,N,Rural,G,N,13.3049998845962,12.640776116195056,10.577961467830452,0.0,G,0.04
M,M,N,Rural,G,N,13.763573898767223,12.640776116195056,9.95122954852155,0.0,G,0.03
M,M,N,Rural,G,N,14.308300105164125,12.640776116195056,9.951038854394351,0.0,G,0.01
M,M,N,Rural,G,N,13.20968903833492,12.640776116195056,10.069001991013701,0.0,G,0.02
M,M,N,Rural,G,N,14.819125484562155,12.640776116195056,11.059975590290321,0.0,G,0.27
M,M,N,Rural,G,N,13.998145399012925,12.640776116195056,0.0,0.0,G,0.07
M,M,N,Rural,G,N,13.294291105014267,10.20614444066261,0.0,0.0,G,0.12
M,M,N,Rural,G,N,13.74312586933496,10.20614444066261,0.0,0.0,G,0.0
M,M,N,Rural,G,N,13.840959957290044,8.888480847722816,0.0,0.0,G,0.27
M,M,N,Rural,G,N,13.20968903833492,8.888480847722816,0.0,0.0,B,0.84
M,M,N,Rural,G,N,13.524498948751626,8.888480847722816,0.0,0.0,G,0.33
U,M,N,Rural,G,N,13.616298353941767,9.473704136776757,0.0,14.909445591977398,G,0.05
U,M,N,Rural,G,N,14.595982024885938,9.473704136776757,0.0,0.0,G,0.04
M,M,N,Rural,G,N,13.137117990772815,8.888480847722816,0.0,0.0,G,0.43
U,M,N,Rural,G,N,14.16731184490688,9.473704136776757,0.0,0.0,G,0.08
M,M,N,Rural,G,N,13.178112131473977,8.888480847722816,0.0,0.0,G,0.13
U,M,N,Rural,G,N,13.20968903833492,9.473704136776757,0.0,0.0,G,0.0
M,M,N,Semi-Urban,G,I,15.61444588569141,11.148002312175,0.0,13.319617880684637,G,0.07
M,M,N,Urban,G,I,14.445062772098861,13.157481455478283,0.0,13.025751150304202,G,0.02
M,M,N,Urban,G,I,16.641123563066248,8.586346050104554,0.0,13.351438104468704,G,0.13
M,M,N,Urban,G,I,13.384729180332174,0.0,0.0,0.0,G,0.04
M,M,N,Urban,G,N,13.90255118452613,10.20614444066261,0.0,0.0,G,0.0
M,M,N,Urban,G,N,14.640875205826802,10.20614444066261,0.0,0.0,G,0.0
M,M,N,Urban,G,N,14.445794613127084,10.20614444066261,0.0,0.0,G,0.0
M,M,N,Urban,G,N,14.10353207279897,10.20614444066261,0.0,0.0,G,0.0
M,M,N,Urban,G,N,13.592070712759364,10.20614444066261,0.0,0.0,G,0.0
U,M,N,Rural,G,N,16.734223440679827,15.810504977595354,0.0,0.0,G,0.0
U,M,N,Rural,G,N,14.007799772193964,15.810504977595354,0.0,0.0,G,0.01
U,M,N,Rural,G,N,14.991477637399445,15.810504977595354,0.0,9.927008747577474,G,0.01
U,M,N,Rural,G,N,14.165199355511113,15.810504977595354,0.0,0.0,G,0.02
U,M,N,Rural,G,N,14.691292163036632,15.810504977595354,0.0,0.0,G,0.01
U,M,N,Rural,G,N,13.215172249727539,15.810504977595354,0.0,0.0,G,0.04
M,M,N,Rural,G,N,15.309818387548646,8.940760134888384,0.0,13.654462311188194,G,0.07
M,M,N,Rural,G,N,15.309818387548646,8.940760134888384,0.0,13.73755009757506,G,0.04
M,M,N,Rural,G,N,15.439131809614844,8.940760134888384,0.0,12.643779038945356,G,0.08
M,M,N,Rural,G,N,15.002362940662183,8.940760134888384,0.0,0.0,G,0.0
U,M,N,Rural,G,N,14.275359047885019,15.810504977595354,0.0,0.0,G,0.05
U,M,N,Rural,G,N,14.275359047885019,15.810504977595354,0.0,0.0,G,0.05
U,M,N,Rural,G,N,14.563041278181611,15.810504977595354,0.0,0.0,G,0.02
M,F,N,Rural,G,N,14.797277371328905,6.493753839851686,0.0,0.0,G,0.02
M,M,N,Rural,G,N,14.670172238751764,7.194436851100335,0.0,0.0,G,0.01
M,F,N,Rural,G,N,13.668814026811155,7.249925536717988,0.0,0.0,B,0.56
U,F,N,Rural,G,N,14.621651992915437,0.0,0.0,13.043322334563697,G,0.14
U,F,N,Rural,G,N,14.3071539739341,0.0,0.0,0.0,G,0.02
U,F,N,Rural,G,N,13.90443768207134,0.0,0.0,0.0,G,0.01
M,F,N,Rural,G,N,13.903293387308002,7.249925536717988,0.0,0.0,G,0.0
U,M,N,Rural,G,N,13.187995675150116,14.930317338442574,0.0,13.219892910802358,G,0.02
U,M,N,Rural,G,N,13.902835302515827,14.930317338442574,0.0,0.0,G,0.04888959433268729
U,M,N,Rural,G,N,13.20968903833492,14.930317338442574,0.0,0.0,G,0.04
U,M,N,Rural,G,N,13.902835302515827,14.930317338442574,0.0,0.0,G,0.04888959433268729
U,M,N,Rural,G,N,13.902835302515827,14.930317338442574,0.0,0.0,G,0.04888959433268729
U,M,N,Rural,G,N,13.902835302515827,14.930317338442574,0.0,0.0,G,0.04888959433268729
M,M,N,Urban,G,I,13.803225403530636,9.999888046822443,0.0,9.410174353854769,G,0.02
M,M,N,Urban,G,I,13.800434482900513,9.999888046822443,0.0,9.6134694202868,G,0.02
M,M,N,Urban,G,I,13.798143621962259,9.999888046822443,0.0,9.753768704286186,G,0.02
M,M,N,Urban,G,I,13.722689976536513,6.304448802421981,0.0,11.39239490833248,G,0.03
M,M,N,Urban,G,I,13.950055436838063,7.903226808730733,0.0,11.124582925418785,G,0.02
M,F,N,Semi-Urban,G,I,13.792784260907798,10.026633957357836,0.0,15.324858043396059,G,0.11
M,M,N,Urban,G,I,14.507793865493337,12.652407747006631,0.0,12.542862688788365,G,0.02
M,M,N,Urban,G,I,13.263729250186431,0.0,0.0,10.244129654600282,G,0.03
M,M,N,Urban,G,N,14.595982024885938,8.893572718629306,0.0,0.0,G,0.0
M,M,N,Urban,G,N,13.54616075131107,8.893572718629306,0.0,0.0,G,0.0
M,M,N,Urban,G,N,14.165199355511113,8.893572718629306,0.0,0.0,G,0.0
M,M,N,Urban,G,N,14.69254099190168,8.893572718629306,0.0,0.0,G,0.0
M,F,N,Urban,G,N,13.985138558032537,8.438366410870266,0.0,0.0,G,0.01
M,M,N,Urban,G,N,14.396834719133178,7.194436851100335,0.0,0.0,G,0.0
M,F,N,Urban,G,N,13.159100239120303,8.438366410870266,0.0,0.0,G,0.0
M,M,N,Semi-Urban,G,N,15.14389796044857,9.331672657143708,10.496234118987427,11.036517370851499,G,0.1
M,M,N,Semi-Urban,G,N,14.991217829415213,9.331672657143708,10.473958495228558,12.77138929548529,G,0.08
M,M,N,Semi-Urban,G,N,14.972795761185086,9.331672657143708,12.207796159426447,12.727841176689147,G,0.12
M,M,N,Semi-Urban,G,N,14.865271130568672,9.331672657143708,9.512221163827776,13.432786403100184,G,0.04
M,M,N,Rural,G,N,15.428193399915349,7.53955882930103,0.0,12.88980312782975,G,0.13
M,M,N,Rural,G,N,14.741812608930786,7.53955882930103,0.0,0.0,G,0.13
M,M,N,Rural,G,N,16.900855035922238,7.53955882930103,0.0,0.0,G,0.0
M,M,N,Rural,G,N,15.694594008094041,7.53955882930103,0.0,0.0,G,0.0
M,M,N,Rural,G,N,15.001446980264111,7.53955882930103,0.0,0.0,G,0.0
M,M,N,Rural,G,N,14.595982024885938,7.53955882930103,0.0,0.0,G,0.0
M,M,N,Rural,G,N,13.902835302515827,7.53955882930103,0.0,0.0,G,0.0
M,M,N,Rural,G,N,14.308300105164125,7.53955882930103,0.0,0.0,G,0.0
M,M,N,Rural,G,N,14.03034851310738,7.53955882930103,0.0,0.0,G,0.02
M,M,N,Rural,G,N,15.065985482310431,7.53955882930103,0.0,0.0,G,0.0
M,M,N,Rural,G,N,14.994757994163383,7.53955882930103,0.0,0.0,G,0.0
M,M,N,Rural,G,N,14.308300105164125,7.53955882930103,0.0,0.0,G,0.0
M,M,N,Rural,G,N,14.615784643198001,7.53955882930103,0.0,0.0,G,0.0
M,M,N,Rural,G,N,13.26795870722576,7.53955882930103,0.0,0.0,G,0.07
M,M,N,Rural,G,N,14.575779326919234,7.53955882930103,0.0,0.0,G,0.03
M,M,N,Rural,G,N,14.412059279244128,7.53955882930103,0.0,0.0,G,0.07
M,M,N,Rural,G,N,15.512272481846091,9.331672657143708,0.0,0.0,G,0.15905777530460255
M,M,N,Rural,G,N,15.337919129611032,9.331672657143708,0.0,0.0,G,0.01
M,M,N,Rural,G,N,13.902835302515827,9.331672657143708,0.0,0.0,G,0.017274144153997594
M,M,N,Rural,G,N,15.289128976350888,9.331672657143708,0.0,0.0,G,0.0
M,M,N,Rural,G,N,13.20968903833492,9.331672657143708,0.0,0.0,G,0.0
M,M,N,Rural,G,N,15.994698560947706,9.331672657143708,0.0,0.0,G,0.28
M,M,N,Rural,G,N,13.902835302515827,9.331672657143708,0.0,0.0,G,0.017274144153997594
M,M,N,Rural,G,N,14.308300105164125,9.331672657143708,0.0,0.0,G,0.02
M,M,N,Rural,G,N,15.043228501779424,9.331672657143708,0.0,0.0,G,0.0
M,M,N,Rural,G,N,13.797474888677936,9.331672657143708,0.0,0.0,G,0.0
M,M,N,Rural,G,N,14.490621560138104,9.331672657143708,0.0,0.0,G,0.0
M,M,N,Rural,G,N,13.424800063224595,9.331672657143708,0.0,0.0,G,0.12
M,M,N,Rural,G,N,13.902835302515827,9.331672657143708,0.0,0.0,G,0.017274144153997594
M,M,N,Rural,G,N,14.595982024885938,9.331672657143708,0.0,0.0,G,0.0
M,M,N,Rural,G,N,14.464734063763197,9.331672657143708,0.0,0.0,G,0.0
M,M,N,Rural,G,N,13.902835302515827,9.331672657143708,0.0,0.0,G,0.017274144153997594
M,M,N,Rural,G,N,15.183768486148063,9.331672657143708,0.0,0.0,G,0.03
M,M,N,Rural,G,N,13.998145399012925,9.331672657143708,9.451559570017622,0.0,G,0.05592765070912109
M,M,N,Rural,G,N,13.679691980296456,9.331672657143708,9.451559570017622,0.0,G,0.01
M,M,N,Rural,G,N,14.749561047583079,9.331672657143708,9.451638133870434,0.0,G,0.0
M,M,N,Rural,G,N,13.392010289669289,9.331672657143708,10.124589020216114,0.0,G,0.02
M,M,N,Rural,G,N,15.16860381169527,9.331672657143708,10.12615098861346,0.0,G,0.01
M,M,N,Rural,G,N,13.2228890238961,6.90875477931522,11.156393367971244,13.839503413586714,G,0.06
M,M,N,Rural,G,N,13.902835302515827,6.90875477931522,10.474099800037397,0.0,G,0.028889594332687295
M,M,N,Rural,G,N,13.77500205596677,6.90875477931522,9.409191230721348,0.0,G,0.08
M,M,N,Rural,G,N,13.679691980296456,6.90875477931522,0.0,0.0,G,0.23
M,M,N,Rural,G,N,13.819453773261943,6.90875477931522,0.0,0.0,G,0.4
M,M,N,Rural,G,N,13.902835302515827,6.90875477931522,0.0,0.0,G,0.01
M,M,N,Rural,G,N,13.54616075131107,6.90875477931522,0.0,0.0,G,0.25
M,M,N,Rural,G,N,13.20968903833492,6.90875477931522,0.0,0.0,G,0.21
M,M,N,Rural,G,N,14.212314264193314,8.475537516147405,0.0,13.467992136260921,G,0.0
M,M,N,Rural,G,N,14.595982024885938,8.475537516147405,0.0,0.0,G,0.0
M,M,N,Rural,G,N,14.490621560138104,8.475537516147405,0.0,0.0,G,0.0
M,M,N,Rural,G,N,14.492147694720902,8.475537516147405,0.0,0.0,G,0.0
M,M,N,Rural,G,N,14.286764030829971,6.90875477931522,0.0,0.0,G,0.03
M,M,N,Rural,G,N,13.188510603881316,7.029087564149662,0.0,0.0,G,0.28
M,M,N,Rural,G,N,13.882356726933278,6.962243464266207,0.0,0.0,G,0.04
M,M,N,Rural,G,N,13.885631592835535,13.145278801975069,0.0,0.0,G,0.45
M,M,N,Rural,G,N,13.886039848554688,12.383419348232604,0.0,0.0,G,0.0
M,M,N,Rural,G,N,13.664543471787372,7.368970402194793,0.0,0.0,G,0.08
M,M,N,Rural,G,N,13.196175019942482,7.01301578963963,0.0,0.0,G,0.14719134879557325
M,M,N,Rural,G,N,14.296464636589757,0.0,0.0,0.0,G,0.0
M,M,N,Rural,G,N,13.197292726421411,8.212025804623437,0.0,0.0,G,0.0
M,M,N,Rural,G,N,14.585137182229438,8.917712757131387,0.0,0.0,G,0.0
M,M,N,Rural,G,N,14.809493174954135,8.917712757131387,0.0,0.0,G,0.0
M,M,N,Rural,G,N,14.991730900632762,9.034080406560824,0.0,0.0,G,0.0
U,M,N,Rural,G,N,14.586829620370843,8.98054977794018,0.0,0.0,G,0.13
M,M,N,Rural,G,N,13.195896327121476,7.193685818395112,0.0,0.0,G,0.19
M,M,N,Rural,G,N,13.199250341722763,7.093404625868766,0.0,0.0,G,0.01
M,M,N,Rural,G,N,16.203166863712603,9.331672657143708,0.0,0.0,B,0.5084898685953058
M,M,N,Rural,G,N,16.20367004598373,9.331672657143708,0.0,0.0,B,0.5084898685953058
M,M,N,Semi-Urban,G,N,14.28113021663838,7.192182058713246,0.0,0.0,G,0.09
U,M,N,Rural,G,N,13.679691980296456,8.98054977794018,0.0,0.0,G,0.05
M,M,N,Rural,G,N,13.341299690691535,7.029087564149662,0.0,13.772682385747931,G,0.02
U,M,N,Rural,G,N,13.797474888677936,8.98054977794018,0.0,0.0,G,0.05
M,M,N,Rural,G,N,13.472053584765023,7.029087564149662,0.0,0.0,G,0.0
M,M,N,Rural,G,N,13.392010289669289,0.0,0.0,0.0,G,0.0
M,M,N,Rural,G,N,13.797474888677936,9.034080406560824,0.0,0.0,G,0.0
M,M,N,Rural,G,N,13.797474888677936,9.034080406560824,0.0,0.0,G,0.0
M,M,N,Rural,G,N,13.902835302515827,9.034080406560824,0.0,0.0,G,0.09
U,M,N,Rural,G,N,13.517173252941141,8.98054977794018,0.0,0.0,G,0.05
M,M,N,Rural,G,N,13.20968903833492,7.269616749608169,0.0,0.0,G,0.01
M,M,N,Rural,G,N,13.20968903833492,7.269616749608169,0.0,0.0,G,0.01
M,M,N,Rural,G,N,13.375203973831281,7.093404625868766,0.0,0.0,G,0.0
M,M,N,Rural,G,N,14.308300105164125,9.034080406560824,0.0,0.0,G,0.0
M,M,N,Rural,G,N,13.902835302515827,9.034080406560824,0.0,0.0,G,0.09
U,M,N,Rural,G,N,13.20968903833492,8.117312461601975,0.0,0.0,G,0.0
U,M,N,Rural,G,N,13.54616075131107,8.729882284826589,0.0,0.0,G,0.01
U,M,N,Rural,G,N,13.472053584765023,8.729882284826589,0.0,0.0,G,0.01
U,M,N,Rural,G,N,13.392010289669289,8.729882284826589,0.0,0.0,G,0.01
M,M,N,Rural,G,N,13.199639183811486,7.093404625868766,0.0,0.0,G,0.01
M,M,N,Rural,G,N,13.145976383038533,7.682482446534506,0.0,0.0,G,0.0
M,M,N,Rural,G,N,13.34945114008026,8.212025804623437,0.0,0.0,G,0.02
M,M,N,Rural,G,N,13.215172249727539,8.212025804623437,0.0,0.0,G,0.01666825416718887
M,M,N,Rural,G,N,14.165199355511113,11.977325925745529,0.0,0.0,G,0.03
U,M,N,Rural,G,N,13.54616075131107,8.98054977794018,0.0,0.0,G,0.05
U,M,N,Rural,G,N,13.392010289669289,8.98054977794018,0.0,0.0,G,0.05
U,M,N,Rural,G,N,13.54616075131107,8.98054977794018,0.0,0.0,G,0.05
M,M,N,Rural,G,N,13.679691980296456,9.034080406560824,0.0,0.0,G,0.0
M,M,N,Rural,G,N,14.308300105164125,11.977325925745529,0.0,0.0,G,0.03
U,M,N,Rural,G,N,13.384412207512248,7.62657020629066,0.0,0.0,G,0.0
M,M,N,Rural,G,N,13.902835302515827,11.977325925745529,0.0,0.0,G,0.01
M,M,N,Rural,G,N,13.517173252941141,7.2868764117507,0.0,0.0,G,0.13178261733992117
M,M,N,Rural,G,N,13.3049998845962,8.232440158470336,0.0,0.0,G,0.05
M,M,N,Rural,G,N,13.12630758876605,0.0,0.0,0.0,G,0.0
M,M,N,Rural,G,N,13.739238399493987,8.765458531504226,0.0,14.756812680881843,G,0.13
M,M,N,Rural,G,N,13.286649943711243,8.345692873253865,0.0,0.0,G,0.21
M,M,N,Rural,G,N,14.125979037105912,8.765458531504226,0.0,0.0,G,0.01
M,M,N,Rural,G,N,15.276550313041437,8.765458531504226,0.0,0.0,G,0.0
M,M,N,Rural,G,N,13.3049998845962,8.765458531504226,0.0,0.0,G,0.16
M,M,N,Rural,G,N,13.54616075131107,8.765458531504226,0.0,0.0,G,0.03
M,M,N,Rural,G,N,14.308300105164125,11.977325925745529,0.0,0.0,G,0.03
M,M,N,Rural,G,N,13.20968903833492,8.063377822367027,0.0,0.0,G,0.0
M,M,N,Rural,G,N,13.396581719235858,11.977325925745529,0.0,0.0,G,0.01
M,M,N,Rural,G,N,13.998145399012925,8.765458531504226,0.0,0.0,G,0.02
M,M,N,Rural,G,N,14.310131187185721,12.383419348232604,0.0,0.0,G,0.0
M,M,N,Rural,G,N,13.742806522906426,9.282847062762931,0.0,13.46186815408154,G,0.09
M,M,N,Rural,G,N,13.20968903833492,8.345692873253865,0.0,0.0,G,0.0
U,M,N,Rural,G,N,13.20968903833492,7.900636613018005,0.0,0.0,G,0.0
M,M,N,Rural,G,N,13.633648095770265,8.345692873253865,0.0,0.0,G,0.06
M,M,N,Rural,G,N,13.828111827418294,8.232440158470336,0.0,0.0,G,0.03
M,M,N,Rural,G,N,13.161947486059928,8.232440158470336,0.0,11.286351034916558,G,0.02
M,M,N,Rural,G,N,13.20968903833492,8.232440158470336,0.0,0.0,B,0.54615553704475
M,M,N,Rural,G,N,13.20968903833492,8.232440158470336,0.0,0.0,B,0.54615553704475
M,M,N,Rural,G,N,13.189487303500359,8.232440158470336,0.0,0.0,G,0.06
M,M,N,Rural,G,N,13.248909680997535,8.765458531504226,0.0,0.0,G,0.3
M,M,N,Rural,G,N,13.12630758876605,8.765458531504226,0.0,0.0,G,0.03
M,M,N,Rural,G,N,14.165199355511113,8.765458531504226,0.0,0.0,G,0.01
M,M,N,Rural,G,N,13.902835302515827,7.470793774195062,0.0,0.0,G,0.0
M,M,N,Rural,G,N,13.728482089919503,8.765458531504226,0.0,0.0,G,0.02
U,M,N,Rural,G,N,13.20968903833492,9.073374516903025,0.0,0.0,G,0.02
M,F,N,Rural,G,N,13.20968903833492,9.472166029882736,0.0,0.0,G,0.35
M,M,N,Rural,G,N,13.679691980296456,7.470793774195062,0.0,0.0,G,0.14642314526587247
M,M,N,Rural,G,N,13.20968903833492,7.470793774195062,0.0,0.0,G,0.03
M,M,N,Rural,G,N,14.831844252337362,8.765458531504226,0.0,0.0,G,0.0
M,M,N,Rural,G,N,13.392010289669289,7.234177179749849,0.0,0.0,G,0.02
M,M,N,Rural,G,I,13.172423211392275,6.595780513961311,0.0,10.50862285577286,G,0.32
M,M,N,Semi-Urban,G,I,15.735829455059495,11.280362691739526,0.0,13.157249710690055,G,0.07
M,M,N,Semi-Urban,G,I,13.389307905661292,9.090204570736201,0.0,10.58223150278533,G,0.15
M,M,N,Semi-Urban,G,I,13.387397919658467,9.090204570736201,0.0,10.613123050600876,G,0.16
M,M,N,Semi-Urban,G,I,13.414417876849864,9.090204570736201,0.0,10.704120488830531,G,0.13
M,M,N,Semi-Urban,G,I,13.815935467677354,8.836228571526014,0.0,10.816232003783623,G,0.11
M,M,N,Semi-Urban,G,I,13.826982502852642,8.836228571526014,0.0,10.55999668199817,G,0.09
M,M,N,Semi-Urban,G,I,13.137003683210457,8.836228571526014,0.0,9.835155177159303,G,0.15
M,M,N,Urban,G,N,13.592993060637363,12.066080426643413,0.0,0.0,G,0.0
M,M,N,Urban,G,N,14.510157113898954,12.0026827007028,0.0,0.0,G,0.0
M,M,N,Rural,G,N,15.569157206765862,11.33622408535206,0.0,14.987758302405917,G,0.01
M,M,N,Rural,G,N,14.310131187185721,11.33622408535206,0.0,0.0,G,0.03
M,M,N,Rural,G,N,14.691292163036632,11.33622408535206,0.0,0.0,G,0.22
U,M,Y,Rural,G,N,13.876606598057414,7.119635638017636,0.0,0.0,G,0.03
U,M,Y,Rural,G,N,13.864539741185425,7.85748078694253,0.0,0.0,G,0.038889594332687294
M,M,Y,Rural,G,N,13.864777751194392,6.96979066990159,0.0,0.0,G,0.29
M,M,Y,Rural,G,N,13.172303356473655,7.186144304522325,0.0,0.0,G,0.01
M,M,Y,Rural,G,N,13.879071101037155,6.29156913955832,0.0,0.0,G,0.09
M,M,Y,Rural,G,N,13.87989375453961,7.340835554123275,0.0,0.0,G,0.09
M,M,Y,Rural,G,N,13.188510603881316,7.929846429742503,0.0,0.0,G,0.01
U,M,Y,Rural,G,N,13.659433189931406,10.18282238350008,0.0,0.0,G,0.06
M,M,Y,Rural,G,N,13.515838222077605,7.934871565945177,0.0,0.0,G,0.43
U,M,Y,Rural,G,N,13.650166464977083,7.1372784372603855,0.0,0.0,B,0.5377791886653747
M,M,Y,Rural,G,N,14.059565925119117,6.280395838960195,0.0,0.0,G,0.12
M,M,Y,Rural,G,N,13.885223170375575,7.80710329012598,0.0,0.0,G,0.0
M,M,Y,Rural,G,N,14.069611544627074,12.383783589766445,0.0,0.0,B,0.54
M,M,Y,Rural,G,N,13.52485740956754,7.331714969726466,0.0,0.0,G,0.0
M,M,Y,Rural,G,N,13.669426422576864,7.086737934510577,0.0,0.0,G,0.03
M,M,Y,Rural,G,N,14.586728349045686,9.144093726157257,0.0,0.0,G,0.22
M,M,Y,Rural,G,N,13.382241477000438,7.382124365737512,0.0,0.0,G,0.08
M,M,Y,Rural,G,N,13.66538974729589,5.3981627015177525,0.0,0.0,G,0.05
M,M,Y,Rural,G,N,13.666203959938635,13.60503764401311,0.0,0.0,G,0.03
U,M,Y,Rural,G,N,13.662226502509613,7.266827347520591,0.0,0.0,B,0.5377791886653747
M,M,Y,Rural,G,N,13.6679022633199,7.087573705557973,0.0,0.0,G,0.03
M,M,Y,Rural,G,N,15.143940344206484,11.33622408535206,0.0,0.0,G,0.11
M,M,Y,Rural,G,N,13.667801420119979,6.981934677156389,0.0,0.0,G,0.03
M,M,Y,Rural,G,N,13.668238333893248,6.529418838262226,0.0,0.0,G,0.0
M,M,Y,Rural,G,N,14.586018699681675,8.204124932574041,0.0,0.0,B,0.6
M,M,Y,Rural,G,N,13.66955718819819,10.627430633893226,0.0,0.0,G,0.14
M,M,Y,Rural,G,N,14.231300844153354,6.169610732491456,0.0,0.0,G,0.1
M,M,Y,Rural,G,I,13.24386393893518,6.434546518787453,0.0,10.990482621864047,G,0.14
U,M,Y,Rural,G,N,14.598041756906172,7.85748078694253,0.0,0.0,G,0.31
U,M,Y,Rural,G,N,13.220852136532384,7.85748078694253,0.0,0.0,G,0.009412160130198658
M,M,N,Rural,G,N,13.700381372729648,7.186144304522325,0.0,11.852969885168331,G,0.12
M,M,N,Rural,G,N,15.002362940662183,8.204124932574041,0.0,0.0,G,0.0
M,M,N,Rural,G,N,14.798992913385227,9.144093726157257,0.0,13.121667135083886,G,0.14
M,M,N,Rural,G,N,13.680264553375284,8.848939995030118,0.0,0.0,G,0.08
M,M,N,Rural,G,N,13.902835302515827,8.496378051702317,0.0,0.0,G,0.0
M,M,N,Urban,G,I,14.113771971321707,10.88397299645228,0.0,9.511999311358759,G,0.02
M,M,N,Urban,G,I,14.154630001923998,10.88397299645228,0.0,9.784309794706799,G,0.02
M,M,N,Urban,G,I,14.135198436300652,10.88397299645228,0.0,10.088763075406442,G,0.02
M,M,N,Semi-Urban,G,I,13.125069711975044,9.912397738665884,9.676022175572895,9.464672464746409,G,0.11
M,M,N,Urban,G,I,14.233151900601186,9.803832949375943,10.629803516362548,0.0,G,0.0
M,M,N,Urban,G,I,14.228944497097059,9.803832949375943,9.06566136060674,0.0,G,0.0
M,M,N,Urban,G,I,14.223722556578604,9.803832949375943,9.06566136060674,0.0,G,0.0
M,M,N,Rural,G,N,13.797474888677936,10.420136189604907,9.09549053029724,0.0,G,0.0
M,M,N,Rural,G,N,13.389673850726151,10.420136189604907,9.480901717619545,0.0,G,0.028889594332687295
M,M,N,Rural,G,N,13.215172249727539,10.420136189604907,9.480978009818704,0.0,G,0.0572690720412408
M,M,N,Rural,G,N,13.615154146443084,12.610637348395175,8.7879833961978,0.0,G,0.01
M,M,N,Rural,G,N,13.72490399877225,12.610637348395175,0.0,0.0,G,0.0
M,M,N,Rural,G,N,13.615154146443084,12.610637348395175,0.0,0.0,G,0.0
M,M,N,Rural,G,N,13.797474888677936,10.420136189604907,0.0,0.0,G,0.02
M,M,N,Rural,G,N,14.884913373368367,10.420136189604907,0.0,0.0,G,0.0
M,M,N,Rural,G,N,13.560346013202013,10.420136189604907,0.0,0.0,G,0.3977791886653746
M,M,N,Rural,G,N,13.392010289669289,12.610637348395175,0.0,0.0,G,0.0
M,M,N,Rural,G,N,15.289128976350888,8.463370384718731,0.0,0.0,G,0.0
M,M,N,Rural,G,N,13.868259542320885,12.273586423697708,0.0,0.0,G,0.06
M,M,N,Rural,G,N,14.286943789841033,8.442254104751743,0.0,0.0,G,0.05
M,M,N,Rural,G,N,13.381571898516718,9.976645073153854,0.0,0.0,G,0.37
M,M,N,Semi-Urban,G,N,14.568341211716842,11.238514934711688,0.0,0.0,G,0.18
M,M,N,Semi-Urban,G,N,14.568341211716842,11.78399023159857,0.0,0.0,G,0.1
M,F,N,Semi-Urban,G,N,14.791202010051581,7.977968093128549,0.0,0.0,G,0.09
M,M,N,Rural,G,I,13.245320559603288,13.711371518223128,0.0,9.944341546544393,G,0.21
M,M,N,Rural,G,N,13.20968903833492,12.273586423697708,0.0,0.0,G,0.038889594332687294
M,M,N,Urban,G,I,13.141381383240091,7.025538314638521,0.0,10.802876246334927,G,0.03
M,M,N,Urban,G,I,13.141381383240091,6.874198495453294,0.0,10.802876246334927,G,0.03
M,F,N,Urban,G,I,13.141381383240091,6.7650389767805414,0.0,10.802876246334927,G,0.02
M,M,N,Urban,G,I,13.141381383240091,6.889591308354466,0.0,10.802876246334927,G,0.03
M,M,N,Urban,G,I,13.141381383240091,8.007034012193408,0.0,10.873375921759074,G,0.02
M,F,N,Urban,G,I,13.141373533915722,7.532088143541722,0.0,10.873375921759074,G,0.02
M,M,N,Urban,G,I,13.172423211392275,7.360103972989152,0.0,10.604503691474768,G,0.04
M,F,N,Urban,G,I,13.172423211392275,9.041685005946043,0.0,10.694804456868317,G,0.02
M,M,N,Urban,G,I,13.202090958507625,7.171656822768514,0.0,10.102748163387005,G,0.03
M,M,N,Urban,G,I,13.202072490980003,6.424869023905388,0.0,10.103157747664696,G,0.02
M,M,N,Urban,G,I,13.201980148225795,10.502296580719984,0.0,10.243560441877241,G,0.02
M,M,N,Urban,G,I,13.2022571509108,8.574140471857987,0.0,10.243560441877241,G,0.02
M,M,N,Urban,G,I,13.231483217937278,6.2766434893416445,0.0,9.670987868797893,G,0.04
U,M,N,Urban,G,I,13.231303877264843,10.833838968058616,0.0,9.670987868797893,G,0.02
U,M,N,Urban,G,I,13.259368479707303,9.273972232220956,0.0,0.0,G,0.01
U,F,N,Semi-Urban,G,I,13.816487081010404,6.79794041297493,0.0,10.687023732823754,G,0.09
U,F,N,Semi-Urban,G,I,13.813391313952165,6.79794041297493,0.0,10.74920559423812,G,0.09
M,M,N,Semi-Urban,G,I,14.248591481613632,12.92513120787462,9.777924329560783,0.0,G,0.08
M,F,N,Semi-Urban,G,I,14.130558495947977,7.194436851100335,0.0,0.0,G,0.26
M,M,N,Semi-Urban,G,I,14.241269022614526,12.92513120787462,0.0,0.0,G,0.06
M,M,N,Semi-Urban,G,I,14.23487922870341,12.92513120787462,0.0,0.0,G,0.05
M,F,N,Semi-Urban,G,I,14.117093316647674,7.194436851100335,0.0,0.0,G,0.26
M,M,N,Urban,G,N,13.200355368410449,8.400434630806041,0.0,0.0,G,0.0
M,M,N,Urban,G,N,13.200632821467172,8.400434630806041,0.0,0.0,G,0.0
M,M,N,Urban,G,N,13.67035761019747,12.800418308653283,0.0,0.0,G,0.0
M,M,N,Urban,G,N,13.537487024623674,12.800418308653283,9.776676385669742,0.0,G,0.03
M,M,N,Urban,G,N,13.382676308556324,7.062191632286556,9.821843563495618,0.0,G,0.01
M,M,N,Urban,G,N,13.387559014366394,9.923486239042818,9.806976652155285,0.0,G,0.01
M,M,N,Urban,G,N,13.383446821972097,12.427450639164283,8.789812386190972,0.0,G,0.03
M,M,N,Urban,G,N,13.382676308556324,7.575071699507561,9.88730735630709,0.0,G,0.03
M,M,N,Urban,G,N,13.899469280341325,7.730174795246222,10.046461721487235,0.0,G,0.01
M,M,N,Urban,G,N,13.67035761019747,9.999660995984785,9.88730735630709,0.0,G,0.03
M,M,N,Urban,G,N,13.5419299245555,9.999660995984785,0.0,0.0,G,0.0
M,M,N,Rural,G,N,14.826429782801613,8.910315776326016,0.0,0.0,G,0.0
M,M,N,Rural,G,N,14.819125484562155,8.910315776326016,0.0,0.0,G,0.0
M,M,N,Rural,G,N,14.600872678466695,8.910315776326016,0.0,0.0,G,0.02
M,M,N,Rural,G,N,13.902835302515827,7.448333860897476,0.0,0.0,G,0.0
M,M,N,Rural,G,N,13.54616075131107,7.448333860897476,0.0,0.0,G,0.2380031780429749
M,M,N,Rural,G,N,13.920996965697361,7.098375638590786,0.0,0.0,G,0.12
M,M,N,Rural,G,N,13.907406734868799,7.098375638590786,0.0,0.0,G,0.23
M,M,N,Rural,G,N,14.051255181236925,7.448333860897476,0.0,0.0,G,0.06
M,M,N,Rural,G,N,14.049055823391413,7.448333860897476,0.0,0.0,G,0.06
M,M,N,Rural,G,N,15.19785688584714,7.448333860897476,0.0,0.0,G,0.16
M,M,N,Rural,G,N,14.38761997448109,7.098375638590786,0.0,0.0,G,0.01
M,M,N,Rural,G,N,13.453419544995414,7.448333860897476,0.0,0.0,G,0.01
M,M,N,Rural,G,N,13.615154146443084,7.448333860897476,0.0,0.0,G,0.0
M,M,N,Rural,G,N,13.20968903833492,11.257762210881111,0.0,0.0,G,0.0
M,M,N,Rural,G,N,13.20968903833492,11.257762210881111,0.0,0.0,G,0.0
M,M,N,Rural,G,N,13.20968903833492,11.257762210881111,0.0,0.0,G,0.0
M,M,N,Rural,G,N,13.20968903833492,11.257762210881111,10.109851103810321,0.0,G,0.01
M,M,N,Rural,G,N,13.20968903833492,11.257762210881111,,0.0,G,0.05636135523105817
M,M,N,Rural,G,N,13.20968903833492,11.257762210881111,9.675959402904095,0.0,G,0.0
M,M,N,Rural,G,N,13.20968903833492,11.257762210881111,9.675959402904095,0.0,G,0.0
M,M,N,Rural,G,N,13.20968903833492,11.257762210881111,9.675959402904095,0.0,G,0.0
M,M,N,Rural,G,N,13.902835302515827,11.257762210881111,9.675959402904095,0.0,G,0.0
M,M,N,Rural,G,N,13.902835302515827,11.257762210881111,9.675959402904095,0.0,G,0.0
M,M,N,Rural,G,N,13.906037498113786,11.257762210881111,9.675896626294639,0.0,G,0.04
M,M,N,Rural,G,N,14.45677374339154,9.18307194482199,9.676022175572895,0.0,G,0.0
M,M,N,Rural,G,N,14.970503495128304,8.910315776326016,9.676022175572895,0.0,G,0.0
U,M,N,Rural,G,N,14.214353789763551,7.910957382845589,9.675896626294639,0.0,G,0.08
M,M,N,Rural,G,N,15.264895673963743,7.448333860897476,9.675896626294639,0.0,G,0.0
M,M,N,Rural,G,N,14.061437388055472,8.199738960630786,9.675896626294639,0.0,G,0.00592765070912109
M,M,N,Rural,G,N,14.977933603013415,7.098375638590786,9.675896626294639,0.0,G,0.0
M,M,N,Rural,G,N,13.882254769776708,12.6881005673443,9.676022175572895,0.0,G,0.01
M,M,N,Rural,G,N,15.492707113872523,13.18448898981761,9.676022175572895,0.0,G,0.0
M,M,N,Rural,G,N,14.288276618181781,7.646831391430482,9.675896626294639,0.0,G,0.01
M,M,N,Rural,G,N,14.808788256564412,7.506591780070841,9.514436985696058,0.0,G,0.01
M,M,N,Rural,G,N,15.502340899954618,8.48632152774915,9.514363204016016,0.0,G,0.0
M,M,N,Rural,G,N,15.28102128543173,13.715407309737794,9.919803717021065,0.0,G,0.02
M,M,N,Rural,G,N,14.300496391383035,11.453504493476022,9.801786997709788,0.0,G,0.0
M,M,N,Rural,G,N,15.148198424996153,7.581209826196346,9.919803717021065,0.0,G,0.0
M,M,N,Semi-Urban,G,N,15.438714088037356,8.411610428841172,9.919754525,0.0,G,0.12
M,M,N,Semi-Urban,G,N,15.221490872907593,13.12518738613543,9.801731643581741,0.0,G,0.14
M,M,N,Semi-Urban,G,N,14.176161686393757,11.553068829273078,0.0,0.0,G,0.01
M,M,N,Semi-Urban,G,N,14.536913264685849,13.57456193291466,0.0,0.0,G,0.06
M,F,N,Semi-Urban,G,N,14.537150438700271,7.262628600974241,0.0,0.0,G,0.01
M,M,N,Semi-Urban,G,N,14.258819791137318,8.777247096750544,0.0,0.0,G,0.0
M,F,N,Semi-Urban,G,N,14.264664587028943,10.666697032541045,0.0,0.0,G,0.1
M,M,N,Rural,G,N,14.2029399967861,7.454719949364001,0.0,0.0,G,0.07
M,M,N,Rural,G,N,13.90528361799436,7.454719949364001,0.0,0.0,G,0.0
M,M,N,Rural,G,N,13.831132891366778,7.454719949364001,0.0,0.0,G,0.0
M,M,N,Rural,G,N,13.604875942667736,7.454719949364001,0.0,0.0,G,0.0
M,M,N,Rural,G,N,13.168867120179547,7.646831391430482,0.0,0.0,G,0.02
M,M,N,Rural,G,N,13.869526093688348,12.6881005673443,0.0,0.0,G,0.01
M,M,N,Rural,G,N,13.905306471198632,11.9435448676951,0.0,0.0,G,0.01
M,M,N,Rural,G,N,13.392010289669289,7.342131730584722,0.0,0.0,G,0.018889594332687297
M,M,N,Rural,G,N,13.402493505573135,7.671360923190644,0.0,0.0,G,0.38
M,M,N,Rural,G,N,13.392773647319551,7.671360923190644,0.0,0.0,G,0.04
M,M,N,Rural,G,N,13.903705484282998,11.9435448676951,0.0,0.0,G,0.0
M,M,N,Rural,G,N,13.21699332590379,11.9435448676951,0.0,0.0,G,0.05
M,M,N,Rural,G,N,13.396125515542122,10.885809441013075,0.0,0.0,G,0.34
M,M,N,Rural,G,N,13.392926248948717,10.885809441013075,0.0,0.0,G,0.37
M,M,N,Rural,G,N,13.679691980296456,8.33302993974291,0.0,0.0,G,0.14
M,M,N,Rural,G,N,13.54616075131107,8.33302993974291,0.0,0.0,G,0.39
M,M,N,Rural,G,N,13.20968903833492,8.199738960630786,0.0,0.0,G,0.1861472198649834
M,M,N,Rural,G,N,13.22572469599877,7.387090235656757,0.0,0.0,G,0.09
M,M,N,Rural,G,N,13.402493505573135,8.133587417660966,0.0,0.0,B,0.58
M,M,N,Rural,G,N,13.398378656724056,8.133587417660966,0.0,0.0,B,0.57
M,M,N,Rural,G,N,13.209963914138601,7.387090235656757,0.0,0.0,G,0.09
M,M,N,Rural,G,N,13.54616075131107,6.706862336602747,0.0,0.0,G,0.0
M,M,N,Rural,G,N,13.23658630561408,6.974478911025045,0.0,0.0,G,0.0923561260912686
M,M,N,Rural,G,N,13.403016303186822,7.334981878871814,0.0,0.0,B,0.61
M,M,N,Rural,G,N,13.392010289669289,7.334981878871814,0.0,0.0,G,0.0
M,M,N,Rural,G,N,13.392010289669289,7.334981878871814,0.0,0.0,G,0.0
M,M,N,Rural,G,N,13.413727662183637,7.334981878871814,0.0,0.0,G,0.4988895943326873
M,M,N,Rural,G,N,13.902835302515827,12.115097057793381,0.0,0.0,G,0.0
M,M,N,Rural,G,N,13.902835302515827,12.115097057793381,0.0,0.0,G,0.0
M,M,N,Rural,G,N,13.918970168045353,12.115097057793381,0.0,0.0,G,0.01
M,M,N,Rural,G,N,13.679691980296456,5.648974238161206,0.0,0.0,G,0.05
M,M,N,Rural,G,N,13.558035621229783,5.648974238161206,0.0,0.0,G,0.09
M,M,N,Rural,G,N,13.20968903833492,12.305927030232697,0.0,0.0,G,0.4781440641287411
M,M,N,Rural,G,N,13.54616075131107,12.6881005673443,0.0,0.0,G,0.07
M,M,N,Rural,G,N,13.429224353265216,12.6881005673443,0.0,0.0,G,0.09
M,M,N,Rural,G,N,13.276672901757985,7.173958319756794,0.0,10.773964685870737,G,0.12
M,M,N,Rural,G,N,13.681122798762543,7.215975002651466,0.0,0.0,G,0.01
M,M,N,Rural,G,N,13.679691980296456,7.215975002651466,0.0,0.0,G,0.0
M,M,N,Rural,G,N,13.54616075131107,7.215975002651466,0.0,0.0,G,0.0
M,M,N,Rural,G,N,13.472758242865899,7.215975002651466,0.0,0.0,G,0.0
M,M,N,Rural,G,N,13.688244071199412,7.060476365999801,0.0,0.0,G,0.0
M,M,N,Rural,G,N,13.683122511470389,7.060476365999801,0.0,0.0,G,0.01
M,M,N,Rural,G,N,13.392773647319551,11.9435448676951,0.0,0.0,G,0.0
M,M,N,Rural,G,N,13.16259703889064,7.060476365999801,0.0,0.0,G,0.02
M,F,N,Semi-Urban,G,I,13.422393893036974,6.2324480165505225,0.0,10.926909231928333,G,0.14
M,F,N,Semi-Urban,G,I,13.252931885016885,6.2324480165505225,0.0,10.94326944214039,G,0.14
M,M,N,Urban,G,I,13.815511557963774,0.0,0.0,0.0,G,0.1
M,M,N,Urban,G,N,13.542535800784718,9.317848579691468,0.0,12.518449769593742,G,0.02
M,M,N,Urban,G,N,14.58664741709808,9.317848579691468,0.0,0.0,G,0.0
M,M,N,Urban,G,N,14.58664741709808,9.317848579691468,0.0,0.0,G,0.0
M,M,N,Urban,G,N,14.58664741709808,9.317848579691468,0.0,0.0,G,0.0
U,M,N,Urban,G,N,13.200355368410449,7.064759027791802,0.0,0.0,G,0.0
U,M,N,Urban,G,N,13.62037971138597,7.064759027791802,0.0,0.0,G,0.09888959433268729
U,M,N,Urban,G,N,13.20127991272222,7.064759027791802,0.0,0.0,G,0.0
M,M,N,Urban,G,N,14.839349730242349,9.317848579691468,0.0,0.0,G,0.0
M,M,N,Urban,G,N,14.08742141604383,9.317848579691468,0.0,0.0,G,0.0
M,M,N,Urban,G,N,13.893500699025013,9.317848579691468,0.0,0.0,G,0.0
M,M,N,Urban,G,N,13.316847338065045,9.317848579691468,0.0,0.0,G,0.0
M,M,N,Rural,G,N,13.895069148472004,11.543939518499398,0.0,0.0,G,0.01
M,M,N,Semi-Urban,G,N,14.791202010051581,6.928537818164665,0.0,0.0,G,0.0
M,M,N,Rural,G,N,14.568341211716842,8.13622555490846,0.0,0.0,G,0.01
M,M,N,Rural,G,N,13.874251995937868,7.097548850614793,0.0,0.0,G,0.07
M,M,N,Rural,G,N,14.568341211716842,9.317848579691468,0.0,0.0,G,0.04
M,M,N,Rural,G,I,13.154640810913817,9.784140794903562,0.0,11.040518951108183,G,0.4
M,M,N,Rural,G,N,14.308300105164125,11.543939518499398,0.0,0.0,G,0.01
M,M,N,Rural,G,N,14.372838588119206,11.543939518499398,0.0,0.0,G,0.01
M,M,N,Rural,G,N,13.902835302515827,11.543939518499398,0.0,0.0,G,0.01
M,M,N,Rural,G,N,13.902835302515827,11.543939518499398,0.0,0.0,G,0.01
M,M,N,Rural,G,N,13.902835302515827,11.543939518499398,0.0,0.0,G,0.01
M,M,N,Rural,G,N,13.902835302515827,11.543939518499398,0.0,0.0,G,0.01
M,M,N,Rural,G,N,14.292170733167897,6.71901315438526,0.0,0.0,G,0.15
M,M,N,Rural,G,N,14.308300105164125,11.543939518499398,0.0,0.0,G,0.01
M,M,N,Rural,G,N,13.752883808226658,11.543939518499398,0.0,0.0,G,0.0
M,M,N,Rural,G,N,13.40490877972595,6.71901315438526,0.0,12.811734700535721,G,0.01
M,M,N,Rural,G,I,13.138533926486833,10.501664495504846,0.0,11.15546449791053,G,0.42
U,M,N,Rural,G,I,13.141381383240091,6.448889394146858,0.0,10.873375921759074,G,0.32
M,M,N,Rural,G,I,13.172423211392275,7.773594467360194,0.0,10.604503691474768,G,0.3
M,F,N,Rural,G,I,13.2022571509108,7.307872780763706,0.0,10.248884134178173,G,0.32
U,M,N,Rural,G,I,13.2022571509108,7.227662498728654,0.0,10.243560441877241,G,0.21
U,M,N,Urban,G,I,13.414308848642067,11.808598028250639,0.0,10.468574063028555,G,0.02
U,M,N,Rural,G,N,13.870841191319599,10.815448926249054,0.0,13.544769505974694,G,0.06
M,F,N,Rural,G,N,13.374030632323484,0.0,0.0,0.0,G,0.0
M,M,N,Rural,G,N,15.789904174013818,14.589888355738367,0.0,0.0,G,0.0
M,M,N,Rural,G,N,15.790320623727775,14.589888355738367,0.0,0.0,G,0.0
M,M,N,Rural,G,N,13.630235844893633,14.115056475866526,0.0,14.680929380340006,G,0.23
M,M,N,Rural,G,N,15.289128976350888,14.115056475866526,0.0,0.0,G,0.08
M,M,N,Rural,G,N,13.69826862588494,14.115056475866526,0.0,0.0,G,0.23
M,M,N,Rural,G,N,13.26970694129861,13.730825926546997,0.0,13.28541886293017,G,0.03
M,M,N,Rural,G,N,13.189487303500359,13.730825926546997,0.0,0.0,G,0.45
M,M,N,Rural,G,N,13.147814726471612,13.730825926546997,0.0,0.0,G,0.18
M,M,N,Rural,G,N,13.54616075131107,13.730825926546997,0.0,0.0,G,0.32
M,M,N,Rural,G,N,13.296417519779856,14.115056475866526,0.0,0.0,G,0.1
M,M,N,Rural,G,N,13.560346013202013,13.730825926546997,0.0,0.0,G,0.19
M,M,N,Rural,G,N,14.493620239947486,14.115056475866526,0.0,0.0,G,0.02
M,M,N,Rural,G,N,13.20968903833492,13.730825926546997,0.0,0.0,G,0.03
M,M,N,Rural,G,N,13.797474888677936,13.730825926546997,9.156939595249067,0.0,G,0.08
M,M,N,Rural,G,N,13.392010289669289,13.730825926546997,9.002824076547672,0.0,G,0.03
M,M,N,Rural,G,N,13.160498886552071,13.730825926546997,0.0,0.0,G,0.09
M,M,N,Rural,G,N,13.531772696874215,13.730825926546997,0.0,0.0,G,0.33762034344967845
M,M,N,Rural,G,N,13.20968903833492,13.730825926546997,0.0,0.0,G,0.03
M,M,N,Rural,G,N,13.147814726471612,13.730825926546997,0.0,0.0,G,0.18
M,M,N,Rural,G,N,13.601730531703014,13.730825926546997,0.0,0.0,G,0.2
M,M,N,Rural,G,N,13.574331591913516,13.730825926546997,0.0,0.0,G,0.17
M,M,N,Rural,G,N,13.210689223434208,7.647786045440933,0.0,0.0,G,0.0
M,M,N,Rural,G,N,13.20968903833492,7.647786045440933,0.0,0.0,G,0.0
M,M,N,Rural,G,N,14.057771011322755,8.41715183723601,0.0,14.184916616256736,G,0.0
M,M,N,Rural,G,N,14.595982024885938,8.41715183723601,0.0,0.0,G,0.0
M,M,N,Rural,G,N,13.20968903833492,13.730825926546997,0.0,0.0,G,0.03
M,M,N,Rural,G,N,13.20968903833492,8.41715183723601,0.0,0.0,G,0.0
M,M,N,Rural,G,N,13.687164555081376,8.41715183723601,0.0,0.0,G,0.19
M,M,N,Rural,G,N,13.517173252941141,13.730825926546997,0.0,0.0,G,0.33
M,M,N,Rural,G,N,13.20968903833492,7.647786045440933,0.0,0.0,G,0.0
M,M,N,Rural,G,N,13.229492528104721,8.41715183723601,0.0,0.0,G,0.19
M,M,N,Rural,G,N,13.902835302515827,7.647786045440933,10.109851103810321,0.0,G,0.07888959433268729
M,M,N,Rural,G,N,14.819125484562155,13.730825926546997,0.0,0.0,G,0.12
M,M,N,Rural,G,N,14.35135986146308,13.730825926546997,0.0,0.0,G,0.17
M,M,N,Rural,G,N,13.902835302515827,13.730825926546997,0.0,0.0,G,0.38
M,M,N,Rural,G,N,15.478369988510385,13.730825926546997,0.0,0.0,G,0.31
M,M,N,Rural,G,N,13.188920484825065,11.736644850460111,0.0,0.0,G,0.23
M,M,N,Rural,G,N,13.372868367067056,7.286191714702382,0.0,0.0,G,0.25
M,M,N,Rural,G,I,13.201146831011702,7.584264818389059,0.0,10.637464727584328,G,0.34
M,M,N,Rural,G,I,13.28787951079572,7.347299700743164,0.0,0.0,G,0.49
M,M,N,Rural,G,N,13.543659839036323,11.736644850460111,0.0,13.63236265984435,G,0.03
M,M,N,Rural,G,N,13.20968903833492,8.800113946766308,0.0,0.0,G,0.16
M,M,N,Rural,G,N,13.209963914138601,8.800113946766308,9.631219406136701,0.0,G,0.01
M,M,N,Urban,G,I,15.914880209263131,13.636943544044891,9.675959402904095,14.620934084602188,G,0.01
M,M,N,Urban,G,I,16.074936343716242,13.636943544044891,9.676022175572895,13.636878984799209,G,0.01
M,M,N,Urban,G,I,16.072547924401935,13.636943544044891,9.675896626294639,13.663829160282296,G,0.01
M,M,N,Urban,G,I,16.136305147149688,13.636943544044891,9.675896626294639,12.41134546224123,G,0.01
M,M,N,Rural,G,N,15.246778523732603,8.46695197497949,9.562685957753686,0.0,G,0.0
M,M,N,Rural,G,N,13.24438630090848,10.36340927977359,0.0,12.451200755721098,G,0.01
M,M,N,Rural,G,N,13.200355368410449,10.36340927977359,0.0,0.0,G,0.01760141715413402
M,M,N,Rural,G,N,13.20127991272222,10.36340927977359,0.0,0.0,G,0.01760141715413402
M,M,N,Rural,G,N,15.502938056474832,7.022868086082641,0.0,0.0,G,0.03
M,M,N,Rural,G,N,14.992112371043904,7.022868086082641,0.0,0.0,G,0.04
M,M,N,Rural,G,N,14.58664741709808,7.022868086082641,0.0,0.0,G,0.12
M,M,N,Rural,G,N,14.58664741709808,7.022868086082641,0.0,0.0,G,0.12
M,M,N,Rural,G,N,14.58664741709808,7.022868086082641,0.0,0.0,G,0.12
M,M,N,Rural,G,N,13.896271776677688,7.022868086082641,0.0,0.0,G,0.04
M,M,N,Rural,G,N,13.382676308556324,8.10892415597534,0.0,0.0,G,0.11
M,M,N,Rural,G,N,13.485533183986053,8.10892415597534,0.0,0.0,G,0.15
M,M,N,Rural,G,N,13.893500699025013,8.10892415597534,0.0,0.0,G,0.018301754462885955
M,M,N,Rural,G,N,13.270352255117778,8.10892415597534,0.0,11.6069530043611,G,0.01
M,M,N,Rural,G,N,13.200355368410449,8.10892415597534,0.0,0.0,G,0.0
M,M,N,Rural,G,N,13.893500699025013,8.10892415597534,0.0,0.0,G,0.018301754462885955
M,M,N,Rural,G,N,16.068491035213228,8.46695197497949,0.0,14.600270181025959,G,0.01
M,M,N,Rural,G,N,15.260729508428636,8.46695197497949,0.0,0.0,G,0.0
M,M,N,Rural,G,N,15.338164558445703,8.46695197497949,0.0,15.08645495236354,G,0.0
M,M,N,Rural,G,N,15.512822158823942,7.418180822726788,0.0,0.0,G,0.07
M,M,N,Rural,G,N,15.24321602004714,8.46695197497949,0.0,0.0,G,0.0
M,M,N,Rural,G,N,15.448373743668052,8.46695197497949,0.0,0.0,G,0.05
M,M,N,Rural,G,N,14.692806375190747,8.46695197497949,0.0,14.777806245580019,G,0.03
M,M,N,Rural,G,N,15.62489282941479,8.46695197497949,0.0,11.683300950745782,G,0.0
M,M,N,Rural,G,N,15.241896887199976,8.46695197497949,0.0,13.523821802802145,G,0.06
M,M,N,Rural,G,N,14.883133945620221,8.46695197497949,0.0,14.651600703035973,G,0.01
M,M,N,Rural,G,N,15.38138898235947,8.46695197497949,0.0,0.0,G,0.09
M,M,N,Rural,G,N,15.44590200377545,8.46695197497949,0.0,14.53408276576032,G,0.03
M,M,N,Rural,G,N,14.5973556508466,9.028698584086985,0.0,0.0,G,0.0
M,M,N,Rural,G,N,15.01403424276843,8.46695197497949,0.0,0.0,G,0.22
M,M,N,Rural,G,N,15.892624893800015,8.46695197497949,0.0,0.0,G,0.01
M,M,N,Rural,G,N,15.528932919711036,8.46695197497949,0.0,0.0,G,0.01
M,M,N,Rural,G,N,15.848744666102725,8.46695197497949,0.0,0.0,G,0.0
M,M,N,Rural,G,N,15.211167453456447,8.46695197497949,0.0,0.0,G,0.0
M,M,N,Rural,G,N,14.973719803326954,8.46695197497949,0.0,11.926199999969874,G,0.01
M,M,N,Rural,G,N,14.022394637586482,8.46695197497949,0.0,0.0,G,0.0
M,M,N,Rural,G,N,15.512272481846091,8.46695197497949,0.0,0.0,G,0.01
M,M,N,Rural,G,N,15.512272481846091,8.46695197497949,0.0,0.0,G,0.01
M,M,N,Rural,G,N,15.512272481846091,8.46695197497949,0.0,0.0,G,0.01
M,M,N,Rural,G,N,15.515017850260815,8.46695197497949,0.0,0.0,G,0.01
M,M,N,Rural,G,N,15.512272481846091,8.46695197497949,10.109851103810321,0.0,G,0.01
M,M,N,Rural,G,N,15.391650391768614,8.46695197497949,0.0,13.331409627055773,G,0.14
M,M,N,Rural,G,N,15.316082038413967,8.46695197497949,0.0,13.761055428133867,G,0.03
M,M,N,Rural,G,N,14.672969759472238,8.46695197497949,0.0,14.947922482003664,G,0.02
M,M,N,Rural,G,N,15.042705430745736,8.46695197497949,12.871948829823593,14.578056927453058,G,0.02
M,M,N,Rural,G,N,14.466442586510567,8.46695197497949,12.871948829823593,0.0,G,0.0
M,M,N,Rural,G,N,13.487320330628316,8.46695197497949,12.871948829823593,0.0,G,0.01
M,M,N,Rural,G,N,14.96780673128067,7.065613363597717,12.871917999960758,0.0,G,0.03
M,M,N,Rural,G,N,15.664375365549725,13.439607650150133,0.0,0.0,G,0.1
M,M,N,Rural,G,N,17.431064168597487,7.418180822726788,0.0,0.0,G,0.01
M,M,N,Rural,G,N,15.485876293303537,11.263822874485923,0.0,0.0,G,0.06
M,M,N,Rural,G,N,15.277760593897783,14.243627824367373,0.0,0.0,G,0.01
M,M,N,Rural,G,N,15.674672723910172,9.028698584086985,0.0,0.0,G,0.0
M,M,N,Rural,G,N,14.981525699153329,9.463896729698588,0.0,0.0,G,0.0
M,M,N,Rural,G,N,15.269207693703562,13.987095516544544,0.0,0.0,G,0.08
M,M,N,Rural,G,N,15.502287588202659,9.828494573494698,0.0,0.0,G,0.12
M,M,N,Rural,G,N,13.8544687366584,7.297091005160418,0.0,0.0,G,0.0
M,M,N,Rural,G,N,14.973231653514956,8.10892415597534,0.0,0.0,G,0.0
M,M,N,Rural,G,I,13.154607890282552,8.088561805276234,0.0,11.101447314704936,G,0.35
M,M,N,Rural,G,I,13.154574968567482,7.843848638152472,0.0,11.101703819749684,G,0.35
M,M,N,Rural,G,N,13.54616075131107,8.064950891749143,0.0,0.0,G,0.13
M,M,N,Rural,G,N,13.20968903833492,8.064950891749143,0.0,0.0,G,0.0
M,M,N,Rural,G,I,14.779162242695572,7.022868086082641,0.0,0.0,G,0.3
M,M,N,Rural,G,I,14.77773060377069,7.022868086082641,0.0,0.0,G,0.3
M,M,N,Rural,G,I,13.155074487452131,7.022868086082641,0.0,0.0,B,0.52
M,M,N,Rural,G,I,13.846525580954923,7.022868086082641,0.0,0.0,G,0.28
M,M,N,Rural,G,I,13.152652010342026,7.022868086082641,0.0,0.0,B,0.55
M,M,N,Rural,G,I,15.347203337942975,7.022868086082641,0.0,0.0,G,0.22
M,M,N,Rural,G,I,13.837028380139037,7.022868086082641,0.0,0.0,G,0.29
M,M,N,Rural,G,I,13.146570018271031,7.022868086082641,0.0,0.0,B,0.6
U,M,N,Urban,G,I,13.134370996528606,0.0,0.0,0.0,G,0.01
M,M,N,Rural,G,N,13.200355368410449,8.369620826949102,0.0,0.0,G,0.01
M,M,N,Rural,G,N,13.200355368410449,8.369620826949102,0.0,0.0,G,0.01
M,M,N,Rural,G,N,13.200355368410449,8.369620826949102,0.0,0.0,G,0.01
M,M,N,Rural,G,N,15.1245504248949,10.18282238350008,0.0,0.0,G,0.02
M,M,N,Rural,G,N,14.795612171310456,14.12512900905661,0.0,0.0,G,0.19
M,M,N,Rural,G,N,15.13557403337184,7.776954403322442,0.0,0.0,G,0.02
M,M,N,Rural,G,N,13.5367366893815,5.918893854273146,0.0,0.0,G,0.11
U,M,N,Rural,G,N,13.897861676130043,7.087573705557973,0.0,0.0,G,0.0
M,M,N,Rural,G,N,14.082199304519568,6.930494765951626,0.0,0.0,G,0.3
M,M,N,Rural,G,N,14.817979353051891,14.177660287875261,0.0,0.0,G,0.07
M,M,N,Rural,G,I,13.180917150610771,8.036573409707312,0.0,10.937579097686422,G,0.34
M,M,N,Rural,G,N,13.36953746852855,6.835184586147301,0.0,0.0,G,0.0
M,M,N,Rural,G,N,13.36953746852855,6.835184586147301,0.0,0.0,G,0.0
M,M,N,Rural,G,N,13.344708209827512,10.301122081529105,0.0,13.815011433422342,G,0.02
M,M,N,Rural,G,N,13.209963914138601,5.808142489980444,0.0,0.0,G,0.1372741441539976
M,M,N,Rural,G,N,13.397330962239156,8.737933858114136,0.0,13.123264970846787,G,0.02
M,M,N,Rural,G,N,13.3049998845962,8.737933858114136,0.0,0.0,G,0.43
M,M,N,Rural,G,N,13.797474888677936,8.737933858114136,0.0,0.0,G,0.02
M,M,N,Rural,G,N,13.20968903833492,10.594833111149445,0.0,0.0,G,0.0
M,M,N,Rural,G,N,13.902835302515827,8.737933858114136,0.0,0.0,G,0.02
M,M,N,Rural,G,N,13.20968903833492,7.392031567514591,0.0,0.0,G,0.0
M,M,N,Rural,G,N,13.54616075131107,13.39561127658921,0.0,0.0,G,0.05
M,M,N,Rural,G,N,13.215172249727539,8.737933858114136,0.0,0.0,G,0.42
M,M,N,Rural,G,N,13.20968903833492,6.75343791859778,0.0,0.0,G,0.0
M,M,N,Rural,G,N,13.20968903833492,10.594833111149445,0.0,0.0,G,0.0
M,M,N,Rural,G,N,13.148789121400783,13.39561127658921,0.0,0.0,G,0.19
M,M,N,Rural,G,N,13.351188358786455,7.142827401161621,0.0,0.0,G,0.04
M,M,N,Rural,G,N,13.728482089919503,10.594833111149445,0.0,0.0,G,0.0
M,M,N,Rural,G,N,13.827033908398917,13.39561127658921,0.0,0.0,G,0.04
M,M,N,Rural,G,N,13.137117990772815,7.213031659834869,0.0,0.0,G,0.21
M,M,N,Rural,G,N,13.20968903833492,7.213031659834869,0.0,0.0,G,0.008889594332687295
M,M,N,Rural,G,N,13.20968903833492,7.011213987350367,0.0,0.0,B,0.556552069668474
M,M,N,Rural,G,N,13.20968903833492,7.011213987350367,0.0,0.0,B,0.556552069668474
M,M,N,Urban,G,I,13.16150908774497,5.978885764901122,10.109851103810321,8.820551743253025,G,0.02
M,M,N,Urban,G,I,13.16829421951058,5.978885764901122,10.109851103810321,0.0,G,0.05
M,M,N,Urban,G,I,13.156573481472824,5.978885764901122,0.0,0.0,G,0.05
M,M,N,Rural,G,N,14.4498632222925,12.626452638364967,0.0,0.0,G,0.09
M,M,N,Urban,G,N,16.893910337546515,13.964938675456125,11.113820090814645,0.0,G,0.04
M,M,N,Urban,G,N,14.996790720923448,13.964938675456125,11.113820090814645,0.0,G,0.02
M,M,N,Rural,G,N,13.902147781633946,12.626452638364967,9.504426892100957,13.841552503697526,G,0.03
M,M,N,Rural,G,N,14.595982024885938,12.626452638364967,10.197499548682778,0.0,G,0.05
M,M,N,Rural,G,N,14.308300105164125,12.626452638364967,9.504352368122833,0.0,G,0.01
M,M,N,Rural,G,N,13.54616075131107,12.626452638364967,11.701477571514818,0.0,G,0.13
M,M,N,Urban,G,N,16.200763249052287,13.964938675456125,10.197499548682778,0.0,G,0.01
M,M,N,Rural,G,N,13.20968903833492,12.626452638364967,9.504426892100957,0.0,G,0.01
M,M,N,Rural,G,N,13.20968903833492,12.626452638364967,9.226705726062447,0.0,G,0.01
M,M,N,Rural,G,N,13.392010289669289,12.626452638364967,0.0,0.0,G,0.0
M,M,N,Urban,G,N,13.917981402541274,13.964938675456125,0.0,0.0,G,0.0
M,M,N,Urban,G,N,15.652581926985436,13.964938675456125,0.0,0.0,G,0.02
M,M,N,Urban,G,N,15.507616160558047,13.964938675456125,0.0,0.0,G,0.0
M,M,N,Rural,G,N,13.392010289669289,12.626452638364967,0.0,0.0,G,0.0
M,M,N,Rural,G,N,13.54616075131107,12.626452638364967,0.0,0.0,G,0.0
M,M,N,Urban,G,N,15.510374324443875,13.964938675456125,0.0,0.0,G,0.0
M,M,N,Rural,G,N,13.902835302515827,12.626452638364967,0.0,0.0,G,0.0
M,M,N,Rural,G,N,13.20968903833492,12.626452638364967,0.0,0.0,G,0.0
M,M,N,Rural,G,N,13.20968903833492,12.626452638364967,0.0,0.0,G,0.0
M,M,N,Rural,G,N,13.20968903833492,12.626452638364967,10.109851103810321,0.0,G,0.01
M,M,N,Rural,G,N,13.215172249727539,12.626452638364967,0.0,0.0,G,0.0
M,M,N,Rural,G,N,13.20968903833492,12.626452638364967,0.0,0.0,G,0.0
M,M,N,Rural,G,N,13.392010289669289,12.626452638364967,0.0,0.0,G,0.0
M,M,N,Rural,G,N,13.166782095950953,12.626452638364967,0.0,0.0,G,0.0
M,M,N,Urban,G,N,14.906865911995611,13.964938675456125,0.0,0.0,G,0.0
M,M,N,Rural,G,N,14.308300105164125,12.144170645713732,0.0,0.0,G,0.01
M,M,N,Rural,G,N,14.595982024885938,12.144170645713732,0.0,0.0,G,0.03
M,M,N,Rural,G,N,14.546134624401835,12.144170645713732,0.0,0.0,G,0.08
M,F,N,Rural,G,I,13.231483217937278,6.448889394146858,0.0,9.390659926099465,G,0.25
M,M,N,Urban,G,I,17.75364740945431,13.964938675456125,0.0,15.895853693086568,G,0.03
M,M,N,Urban,G,I,17.571481911194898,13.964938675456125,0.0,15.65903022089876,G,0.03
M,M,N,Urban,G,I,16.480510450363894,13.964938675456125,0.0,15.899938148616721,G,0.04
M,F,N,Semi-Urban,G,I,15.168118344299296,8.502282578680484,0.0,12.015982995070507,G,0.14
M,F,N,Semi-Urban,G,I,15.366482566872078,8.114324709155339,0.0,12.556553445305578,G,0.15
M,M,N,Rural,G,N,15.272263615724311,9.876373260044556,0.0,0.0,G,0.02
M,M,N,Rural,G,N,15.246465377267858,9.876373260044556,0.0,0.0,G,0.0728908141475659
M,M,N,Rural,G,N,15.299073861078853,9.876373260044556,0.0,0.0,G,0.11969717956896159
M,M,N,Rural,G,N,15.298964070305024,9.876373260044556,0.0,0.0,G,0.11969717956896159
M,M,N,Rural,G,N,14.382528028594821,9.876373260044556,0.0,0.0,G,0.0
M,M,N,Urban,G,N,15.299513130402115,9.876373260044556,0.0,0.0,G,0.01
M,M,N,Urban,G,N,15.29984251247594,9.876373260044556,0.0,0.0,G,0.01
M,M,N,Rural,G,N,15.301645276665928,9.876373260044556,0.0,0.0,G,0.1396971795689616
M,M,N,Rural,G,N,13.691430361745054,7.284820912568604,8.820551743253025,0.0,G,0.01
M,M,N,Urban,G,N,15.298854267475857,9.876373260044556,8.820551743253025,0.0,G,0.01
M,M,N,Urban,G,N,15.29984251247594,9.876373260044556,8.820404065485645,0.0,G,0.01
M,M,N,Urban,G,N,15.299686109189066,9.876373260044556,0.0,0.0,G,0.01
M,M,N,Urban,G,N,13.917119043552372,9.876373260044556,0.0,0.0,G,0.0
M,M,N,Urban,G,N,14.503793426920064,9.876373260044556,0.0,0.0,G,0.0
M,M,N,Urban,G,N,14.101885776854807,9.876373260044556,0.0,0.0,G,0.0
M,M,N,Urban,G,N,13.984277328988647,9.876373260044556,0.0,0.0,G,0.0
M,M,N,Rural,G,N,14.24821916871602,9.876373260044556,0.0,0.0,G,0.02
M,M,N,Urban,G,N,13.619397129036932,12.602678627205014,0.0,0.0,G,0.0
M,M,N,Rural,G,N,13.719903434076418,7.284820912568604,0.0,0.0,G,0.03
M,M,N,Rural,G,N,13.552099545847563,9.876373260044556,0.0,0.0,G,0.39
M,M,N,Rural,G,N,16.172896382091817,14.140578006522048,0.0,0.0,G,0.14
M,M,N,Rural,G,N,13.20968903833492,14.140578006522048,0.0,0.0,B,0.77
M,M,N,Rural,G,N,15.24380446002442,14.140578006522048,0.0,0.0,G,0.21888959433268732
M,M,N,Rural,G,N,14.384228226397298,12.583748518122992,0.0,0.0,G,0.28
M,M,N,Rural,G,N,13.902835302515827,12.583748518122992,0.0,0.0,G,0.06
M,M,N,Rural,G,N,13.902835302515827,12.583748518122992,0.0,0.0,G,0.06
M,M,N,Rural,G,N,13.902835302515827,12.583748518122992,0.0,0.0,G,0.06
M,M,N,Rural,G,N,13.902835302515827,12.583748518122992,0.0,0.0,G,0.06
M,M,N,Rural,G,N,15.289816025344582,12.583748518122992,0.0,0.0,G,0.05
M,M,N,Rural,G,N,14.275801546856217,14.989125489877114,0.0,0.0,G,0.03
M,M,N,Rural,G,N,13.874684716602694,8.001689978099135,0.0,0.0,G,0.16
M,M,N,Rural,G,N,13.875717210090606,7.197435354096591,0.0,0.0,G,0.04
M,M,N,Rural,G,N,13.699804488918698,13.702487425971102,0.0,13.544953020113661,G,0.08
M,M,N,Rural,G,N,13.365408374661406,7.617759576608505,0.0,0.0,G,0.01
M,M,N,Rural,G,N,14.233907027782507,13.702487425971102,0.0,0.0,G,0.23
M,M,N,Rural,G,N,14.281801052048126,10.8608818392887,0.0,0.0,G,0.02
M,M,N,Rural,G,N,15.822451565638408,12.583748518122992,0.0,0.0,G,0.01
M,M,N,Rural,G,N,14.283140121344433,10.8608818392887,0.0,0.0,G,0.02
U,M,N,Rural,G,N,13.655561265296534,7.733245646529795,0.0,0.0,G,0.0
U,M,N,Rural,G,N,13.185557870741043,7.517520850603031,0.0,0.0,G,0.028889594332687295
M,M,N,Rural,G,N,13.881478993786388,9.20391980417326,9.676022175572895,0.0,G,0.04037385932309665
M,M,N,Rural,G,N,13.65874563063449,8.052933036797567,14.04168710509303,0.0,G,0.01
M,M,N,Rural,G,N,13.525624725683267,7.491645473605133,13.825056846807422,0.0,G,0.02
M,M,N,Rural,G,N,13.371474045856008,7.072421900537371,13.834855237281028,0.0,G,0.03
M,M,N,Rural,G,N,13.882606431287426,12.484560076523618,10.838933643450025,0.0,G,0.07
U,M,N,Rural,G,N,14.575856000662675,8.002694162283937,11.20555755840168,0.0,G,0.08
M,M,N,Rural,G,N,13.526239223304058,8.643297068211963,0.0,0.0,G,0.08952413343739483
M,M,N,Rural,G,N,13.659770949792033,8.055157731819678,0.0,0.0,G,0.0
M,M,N,Rural,G,N,14.799306655537002,14.140578006522048,0.0,0.0,G,0.23
M,F,N,Rural,G,N,13.882970121201378,7.859413154693583,0.0,0.0,G,0.01
M,M,N,Rural,G,N,13.883016858385115,7.630461261783627,0.0,0.0,G,0.25
M,M,N,Rural,G,N,14.576163104222793,7.869783902530146,0.0,0.0,G,0.01
M,M,N,Rural,G,N,14.288481031771012,7.25063551189868,0.0,0.0,G,0.0
M,M,N,Rural,G,N,14.576163104222793,0.0,0.0,0.0,G,0.0
M,M,N,Rural,G,N,14.982069927025963,7.640123172695364,0.0,0.0,G,0.02
M,M,N,Rural,G,N,13.882914033697379,7.982757702011113,0.0,0.0,G,0.0
M,M,N,Rural,G,N,13.882914033697379,11.523360826691757,0.0,0.0,G,0.0
M,M,N,Rural,G,N,13.666203959938635,7.4570320891223805,0.0,0.0,G,0.02
M,M,N,Rural,G,N,14.295829550440653,7.329749689041512,0.0,0.0,G,0.0
M,M,N,Rural,G,N,13.198844673851745,8.807621489536043,0.0,0.0,G,0.03
M,M,N,Rural,G,N,13.382483587402422,7.785305182539862,0.0,0.0,B,0.6
M,M,N,Rural,G,N,14.481298360774378,13.080567992626786,0.0,0.0,G,0.03
M,M,N,Rural,G,N,13.894727386231741,6.876264611890766,0.0,0.0,G,0.03
M,M,N,Rural,G,N,13.384205967361792,6.3080984415095305,0.0,0.0,G,0.02
M,M,N,Rural,G,N,14.994755841590557,7.522400231387125,0.0,0.0,G,0.01
M,M,N,Rural,G,N,13.51777949645943,7.170119543449628,0.0,0.0,G,0.01
M,M,N,Rural,G,N,14.568341211716842,14.066801430412188,0.0,0.0,G,0.02
U,M,N,Rural,G,N,13.334961925082556,7.733245646529795,0.0,13.59280690987845,G,0.03
M,M,N,Rural,G,N,13.749745685164802,7.640123172695364,0.0,14.871434180408501,G,0.1
M,M,N,Rural,G,N,13.242855628708437,7.982757702011113,0.0,12.206077645517674,G,0.0
M,M,N,Rural,G,N,14.819125484562155,11.523360826691757,0.0,0.0,G,0.2
M,M,N,Rural,G,N,13.215172249727539,11.523360826691757,0.0,0.0,G,0.01
M,M,N,Rural,G,N,13.615154146443084,7.640123172695364,0.0,0.0,G,0.16
M,M,N,Rural,G,N,13.555671901462276,7.29641326877392,0.0,10.994168470877957,G,0.39
M,M,N,Rural,G,N,13.903293387308002,9.20391980417326,0.0,0.0,B,0.5467779160829821
M,M,N,Rural,G,N,13.716506464052056,13.702487425971102,0.0,0.0,G,0.31800114289151554
M,M,N,Rural,G,N,14.068349601206693,13.702487425971102,0.0,0.0,G,0.26
M,M,N,Rural,G,N,13.91377545918588,13.702487425971102,0.0,0.0,G,0.38
M,M,N,Rural,G,N,13.654374201683295,13.702487425971102,0.0,0.0,G,0.46
M,M,N,Rural,G,N,13.20968903833492,14.989125489877114,0.0,0.0,G,0.04
M,M,N,Rural,G,N,14.5973556508466,14.989125489877114,0.0,0.0,G,0.03
M,M,N,Rural,G,N,14.10066017645973,7.29641326877392,0.0,0.0,G,0.0
M,M,N,Rural,G,N,13.20968903833492,10.8608818392887,0.0,0.0,G,0.0
M,M,N,Rural,G,N,13.840959957290044,13.702487425971102,0.0,0.0,G,0.26
M,M,N,Rural,G,N,13.407719747505759,10.8608818392887,0.0,0.0,G,0.01
M,M,N,Rural,G,N,13.20968903833492,13.821046207942887,0.0,0.0,G,0.04
M,M,N,Rural,G,N,13.902835302515827,13.821046207942887,0.0,0.0,G,0.02
M,M,N,Rural,G,N,14.346466402420692,7.288244401020124,0.0,13.815511557963774,G,0.0
M,M,N,Rural,G,N,13.200355368410449,7.288244401020124,0.0,0.0,G,0.04
M,M,N,Rural,G,N,15.59824811855518,7.288244401020124,0.0,0.0,G,0.05
M,M,N,Rural,G,N,14.078131712509606,7.288244401020124,0.0,0.0,G,0.13
M,M,N,Rural,G,N,14.585217310193375,13.141952256367766,0.0,0.0,G,0.0
M,M,N,Rural,G,N,14.896086498546286,13.141952256367766,0.0,0.0,G,0.0
M,M,N,Rural,G,N,14.801368769539788,13.141952256367766,0.0,0.0,G,0.04
M,M,N,Rural,G,N,13.311331132544721,11.23925148610629,0.0,12.382547979752006,G,0.01
M,M,N,Rural,G,N,14.133946834385021,11.23925148610629,0.0,0.0,G,0.12
M,M,N,Rural,G,N,13.740317073778568,11.23925148610629,0.0,0.0,G,0.09
M,M,N,Rural,G,N,13.147814726471612,11.23925148610629,0.0,0.0,G,0.04
M,F,N,Rural,G,N,14.595982024885938,10.200959051807608,0.0,0.0,G,0.23
M,F,N,Rural,G,N,14.595982024885938,10.200959051807608,0.0,0.0,G,0.23
M,M,N,Rural,G,N,13.2527493283097,11.23925148610629,0.0,0.0,G,0.04
M,F,N,Rural,G,N,15.156382776756239,10.200959051807608,0.0,0.0,G,0.39
M,F,N,Rural,G,N,14.221288950327134,13.35375283757239,0.0,0.0,G,0.0
M,F,N,Rural,G,N,15.155597616454225,13.35375283757239,0.0,0.0,G,0.0
M,F,N,Rural,G,N,13.902835302515827,13.35375283757239,0.0,0.0,G,0.01
M,M,N,Rural,G,N,13.25847867885929,11.23925148610629,0.0,0.0,G,0.04
M,F,N,Rural,G,N,14.142284489114111,13.35375283757239,0.0,0.0,G,0.0
M,M,N,Rural,G,N,14.066753205891255,13.141952256367766,0.0,14.48836012874442,G,0.02
M,M,N,Rural,G,N,15.492069778268899,11.228026183627813,0.0,0.0,G,0.07
M,M,N,Rural,G,N,13.12630758876605,11.23925148610629,0.0,0.0,G,0.18
M,M,N,Rural,G,N,13.661718147284294,11.228026183627813,0.0,0.0,G,0.11
M,M,N,Rural,G,N,13.902835302515827,7.940583827104244,0.0,0.0,G,0.02
M,M,N,Rural,G,N,13.20968903833492,7.940583827104244,0.0,0.0,G,0.0
M,M,N,Rural,G,N,13.20968903833492,7.940583827104244,0.0,0.0,G,0.0
M,M,N,Rural,G,N,14.213070502438342,13.141952256367766,0.0,0.0,G,0.03
M,M,N,Rural,G,N,13.210604997334688,7.940583827104244,0.0,0.0,G,0.01
M,M,N,Rural,G,N,13.20968903833492,13.141952256367766,0.0,0.0,G,0.39
M,M,N,Rural,G,N,14.133946834385021,11.23925148610629,0.0,0.0,G,0.12
M,M,N,Rural,G,N,13.295866162890066,11.23925148610629,0.0,0.0,G,0.02
M,M,N,Rural,G,N,14.298923257444848,11.228026183627813,0.0,0.0,G,0.03
M,M,N,Rural,G,N,14.97102131928314,7.134890851565884,0.0,0.0,G,0.01
M,M,N,Rural,G,N,14.97133175919725,7.4798641311650265,0.0,0.0,G,0.05
M,M,N,Rural,G,N,14.791903987240715,13.141952256367766,0.0,0.0,G,0.06
M,M,N,Rural,G,N,13.18257002953066,12.48971281046812,0.0,0.0,G,0.01
M,M,N,Rural,G,N,14.796845308190752,13.141952256367766,0.0,0.0,G,0.07
M,M,N,Rural,G,N,15.492146265031819,11.23925148610629,0.0,0.0,G,0.07
M,M,N,Rural,G,N,14.98142317546567,11.23925148610629,0.0,0.0,G,0.17
M,F,N,Rural,G,N,16.196501666134957,10.200959051807608,0.0,0.0,G,0.04
M,M,N,Rural,G,N,13.90558066892067,12.48971281046812,0.0,0.0,G,0.01
M,M,N,Rural,G,N,13.20968903833492,7.602900462204755,0.0,0.0,G,0.02
M,M,N,Rural,G,N,13.433428424757487,7.4798641311650265,0.0,11.819041581576542,G,0.05
M,M,N,Rural,G,N,13.20968903833492,7.134890851565884,0.0,0.0,G,0.01
M,M,N,Rural,G,N,14.308300105164125,8.90136656405678,0.0,0.0,G,0.0
M,M,N,Rural,G,N,13.902835302515827,8.90136656405678,0.0,0.0,G,0.01
M,M,N,Rural,G,N,13.902835302515827,7.4798641311650265,0.0,0.0,G,0.0
M,F,N,Semi-Urban,G,I,14.510013319309277,9.221082468508085,0.0,0.0,G,0.21
M,F,N,Semi-Urban,G,I,13.129837377352722,9.221082468508085,0.0,0.0,G,0.25
M,M,N,Semi-Urban,G,I,13.85952840031839,7.538494999413465,0.0,0.0,G,0.09
M,F,N,Semi-Urban,G,I,13.381821885787186,6.558197802812269,0.0,0.0,G,0.2
M,F,N,Semi-Urban,G,I,13.364118258466195,6.558197802812269,0.0,0.0,G,0.2
M,F,N,Semi-Urban,G,I,13.364575168771347,6.558197802812269,0.0,0.0,G,0.2
M,M,N,Semi-Urban,G,I,13.476922484538218,7.538494999413465,0.0,0.0,G,0.2
M,M,N,Semi-Urban,G,I,13.605531226829667,7.538494999413465,0.0,0.0,G,0.14
M,F,N,Semi-Urban,G,I,13.358473695649591,6.558197802812269,0.0,0.0,G,0.2
M,M,N,Semi-Urban,G,I,13.131820517351922,7.538494999413465,0.0,0.0,G,0.18
M,M,N,Semi-Urban,G,I,14.307207795082766,9.23200401161221,0.0,0.0,G,0.05
M,M,N,Urban,G,I,14.48206886667014,11.961616076854764,0.0,12.768173913527951,G,0.07
M,F,N,Urban,G,N,15.001446980264111,10.200959051807608,0.0,0.0,G,0.0
M,F,N,Urban,G,N,14.5973556508466,10.200959051807608,0.0,0.0,G,0.0
M,M,N,Rural,G,N,13.283255284017923,12.018983742980316,0.0,11.983004091403604,G,0.02
M,M,N,Rural,G,N,14.082054536781532,13.315305007720452,0.0,11.471655453438672,G,0.02
M,M,N,Rural,G,N,14.58664741709808,13.315305007720452,0.0,0.0,G,0.02
M,M,N,Rural,G,N,14.36350421264905,13.315305007720452,0.0,0.0,G,0.01
M,M,N,Rural,G,N,13.20968903833492,7.305860032684009,0.0,0.0,G,0.0
M,M,N,Rural,G,N,13.20968903833492,7.305860032684009,0.0,0.0,G,0.0
M,M,N,Rural,G,N,13.3049998845962,7.305860032684009,0.0,0.0,G,0.36
M,M,N,Rural,G,N,13.20968903833492,13.078164855492645,0.0,0.0,G,0.05
M,M,N,Rural,G,N,13.392010289669289,7.305860032684009,0.0,0.0,G,0.0
M,M,N,Rural,G,N,13.20968903833492,7.305860032684009,0.0,0.0,G,0.0
M,M,N,Rural,G,N,13.168867120179547,7.305860032684009,0.0,0.0,G,0.03
M,M,N,Rural,G,N,13.233405521996987,7.305860032684009,0.0,0.0,G,0.06
M,M,N,Rural,G,N,13.589708475886729,12.054685643225637,0.0,13.625251583048309,G,0.02
M,M,N,Rural,G,N,14.105846106831617,12.054685643225637,0.0,12.583655977735045,G,0.01
M,M,N,Rural,G,N,13.20968903833492,12.054685643225637,0.0,0.0,G,0.14
M,M,N,Rural,G,N,13.271431448344645,12.054685643225637,0.0,15.421176565701407,G,0.04
M,M,N,Rural,G,N,13.440801108394862,13.078164855492645,0.0,0.0,G,0.0
M,M,N,Rural,G,N,15.289128976350888,12.832011076396668,0.0,0.0,G,0.0
M,M,N,Rural,G,N,15.001446980264111,12.832011076396668,0.0,0.0,G,0.01
M,M,N,Rural,G,N,13.679691980296456,12.054685643225637,0.0,0.0,G,0.01
M,M,N,Rural,G,N,14.974638286018045,12.832011076396668,0.0,0.0,G,0.0
M,M,N,Rural,G,N,14.288276618181781,13.733278288281744,0.0,0.0,G,0.23
M,M,N,Rural,G,N,15.498682829910441,13.078164855492645,0.0,0.0,G,0.028001142891515535
M,M,N,Rural,G,N,13.889754949383894,11.632058699808425,0.0,0.0,G,0.0
M,M,N,Rural,G,I,13.200869520551622,7.086737934510577,0.0,10.637464727584328,G,0.38
M,M,N,Rural,G,N,14.490621560138104,11.632058699808425,0.0,0.0,G,0.0
M,M,N,Rural,G,N,13.20968903833492,7.697575346802343,0.0,0.0,G,0.15
M,M,N,Rural,G,N,13.20968903833492,11.240722963366833,0.0,0.0,G,0.0
M,M,N,Rural,G,N,14.084293409925035,11.632058699808425,0.0,0.0,G,0.0
M,M,N,Rural,G,N,13.320395868591207,13.733278288281744,0.0,13.403777346275337,G,0.0
M,M,N,Rural,G,N,13.716506464052056,9.214431989879436,10.055349901845375,0.0,G,0.01
M,M,N,Rural,G,N,13.392010289669289,8.112827478751374,8.67965211911394,0.0,G,0.02
U,M,N,Rural,G,N,13.20968903833492,13.37475811083433,9.50985219618154,0.0,G,0.0
U,M,N,Rural,G,N,15.147055659723224,7.2305631534092925,9.051461866908694,0.0,G,0.04
M,M,N,Rural,G,N,15.107683782088174,10.0815500524097,9.035510680940524,14.342257167547187,G,0.02
M,M,N,Rural,G,N,15.328584695757884,10.0815500524097,9.043577154098081,0.0,G,0.06960027426261849
M,M,N,Rural,G,N,13.902835302515827,7.642524134232902,9.15302900526307,0.0,G,0.12
M,M,N,Rural,G,N,13.392010289669289,7.642524134232902,9.286467732363734,0.0,G,0.03
M,M,N,Rural,G,N,13.20968903833492,7.642524134232902,9.043577154098081,0.0,G,0.036483061435237704
M,M,N,Rural,G,N,14.595982024885938,4.624972813284271,8.816556768641856,0.0,G,0.0
M,M,N,Rural,G,N,14.595982024885938,4.624972813284271,9.174505918966966,0.0,G,0.0
M,M,N,Rural,G,N,14.595982024885938,4.624972813284271,10.474128058603277,0.0,G,0.0
M,M,N,Rural,G,N,14.033863452384397,4.624972813284271,0.0,0.0,G,0.04
M,M,N,Rural,G,N,13.75520413551705,4.624972813284271,0.0,0.0,G,0.0
M,M,N,Rural,G,N,14.028099403827776,9.552297538827965,0.0,12.892638214724565,G,0.09
M,M,N,Rural,G,N,13.20968903833492,9.552297538827965,0.0,0.0,G,0.02
U,M,N,Urban,G,I,13.12823609916701,4.762173934797756,0.0,10.972739685897752,G,0.01
M,M,N,Rural,G,N,13.177209453183409,7.313886831633462,0.0,0.0,G,0.01
M,M,N,Rural,G,N,15.259314812814486,9.552297538827965,0.0,0.0,G,0.0
U,M,N,Rural,G,N,14.286193956114767,7.114769448366463,0.0,0.0,G,0.0
M,M,N,Rural,G,N,15.960597976187309,7.642524134232902,0.0,0.0,G,0.02
U,M,N,Rural,G,N,13.189580807060107,8.935640333747571,0.0,0.0,G,0.01
M,M,N,Rural,G,N,14.260624492700272,10.0815500524097,0.0,0.0,G,0.0
U,M,N,Rural,G,N,13.504219985060141,7.2305631534092925,0.0,7.405495663199472,G,0.07
M,M,N,Rural,G,I,13.201146831011702,12.049816417257402,0.0,10.63385826089404,G,0.31
M,M,N,Rural,G,N,13.209963914138601,7.313886831633462,0.0,0.0,G,0.05
M,M,N,Rural,G,I,13.172232958793325,5.5093883366279774,0.0,10.511349138813713,G,0.28
M,M,N,Rural,G,I,13.173210472259672,13.282008080267305,0.0,9.850930301797453,G,0.3
M,M,N,Rural,G,I,13.215596856903948,12.335880865742066,0.0,0.0,G,0.22466992588957743
M,M,N,Rural,G,I,13.215596856903948,6.889591308354466,0.0,0.0,G,0.36
M,M,N,Urban,G,I,17.884984442993442,4.624972813284271,0.0,14.981382973339345,G,0.2
M,M,N,Urban,G,I,15.7250588406098,7.108244139731541,0.0,12.62891587556779,G,0.09
M,M,N,Urban,G,I,13.143882178290648,6.967909201801884,0.0,0.0,G,0.04
M,M,N,Urban,G,I,13.836049188853153,6.967909201801884,0.0,0.0,G,0.07
M,M,N,Urban,G,I,13.13799260227652,6.967909201801884,0.0,0.0,G,0.04
M,M,N,Urban,G,I,14.731801689838349,10.38303920399699,0.0,0.0,G,0.02
M,M,N,Rural,G,N,13.893500699025013,7.341483852363161,0.0,0.0,G,0.44764418257916916
M,M,N,Rural,G,N,14.298965807133179,7.341483852363161,10.109851103810321,0.0,G,0.01
M,M,N,Rural,G,N,14.298965807133179,7.341483852363161,0.0,0.0,G,0.0
M,M,N,Rural,G,N,13.200355368410449,7.341483852363161,0.0,0.0,G,0.01
M,M,N,Rural,G,N,13.200355368410449,7.341483852363161,0.0,0.0,G,0.01
M,M,N,Rural,G,N,13.200355368410449,7.341483852363161,0.0,0.0,G,0.01
U,M,N,Rural,G,I,13.16666921628534,6.990256500493881,0.0,10.644734182586557,G,0.25
M,M,N,Rural,G,N,14.298596366128981,10.525648805362787,0.0,0.0,G,0.22
M,M,N,Rural,G,I,13.245585814877677,6.728628613084702,0.0,9.944341546544393,G,0.36
M,M,N,Rural,G,I,13.201146831011702,7.566828479208331,0.0,10.63385826089404,G,0.34
M,M,N,Rural,G,N,13.47861443151446,10.525648805362787,0.0,11.604765996135582,G,0.09
M,M,N,Rural,G,N,13.420615885434298,7.327123292259293,0.0,14.754677228885985,G,0.06
M,M,N,Rural,G,N,14.308300105164125,7.327123292259293,0.0,0.0,G,0.0
M,M,N,Rural,G,N,13.20968903833492,7.327123292259293,0.0,0.0,G,0.0
M,M,N,Rural,G,N,13.20968903833492,10.525648805362787,0.0,0.0,G,0.01
M,M,N,Rural,G,N,14.374555325755864,7.327123292259293,0.0,0.0,G,0.0
M,M,N,Rural,G,N,13.20968903833492,10.525648805362787,0.0,0.0,G,0.01
M,M,N,Rural,G,N,13.902835302515827,7.873217054862741,0.0,0.0,G,0.0
M,M,N,Rural,G,N,13.902835302515827,7.873217054862741,0.0,0.0,G,0.0
M,M,N,Rural,G,N,13.902835302515827,7.873217054862741,0.0,0.0,G,0.0
M,M,N,Rural,G,N,13.902835302515827,7.873217054862741,0.0,0.0,G,0.0
M,M,N,Rural,G,I,13.542992922032266,7.88570539124302,0.0,0.0,G,0.3
U,M,N,Rural,G,I,13.193414396119152,10.861131337893761,0.0,9.940349717268694,G,0.16
U,M,N,Urban,G,I,13.78484205022728,2.4849066497880004,10.01695015744693,10.519969648160588,G,0.0
U,M,N,Urban,G,I,13.12366453053733,10.554535882074735,0.0,0.0,G,0.05
M,F,N,Urban,G,N,14.353757361077248,8.116118431609365,0.0,0.0,G,0.0
M,F,N,Rural,G,N,13.462718067539765,8.30671904320269,0.0,0.0,G,0.04
M,F,N,Rural,G,N,16.12887633004626,8.30671904320269,0.0,0.0,G,0.10378147444840564
M,F,N,Rural,G,N,16.19747155175017,8.30671904320269,0.0,0.0,G,0.04
M,M,N,Rural,G,N,17.064398208656932,9.403437001938096,0.0,7.889084407035514,G,0.03
M,M,N,Rural,G,N,14.992454861135153,7.025538314638521,0.0,13.815755527956675,G,0.03
M,M,N,Rural,G,N,15.839410187384718,6.133398042996649,10.109851103810321,0.0,G,0.01
M,M,N,Rural,G,N,16.196085052039948,8.930890984450878,10.109851103810321,0.0,G,0.01
M,M,N,Rural,G,N,13.416843292082087,6.699500340161678,9.676022175572895,12.495269819635563,G,0.02
M,M,N,Rural,G,N,14.110044850243836,7.142036574706803,10.037712454627359,13.593809715445072,G,0.01
M,M,N,Rural,G,N,13.20968903833492,6.699500340161678,10.037537560656384,0.0,G,0.0
M,M,N,Rural,G,N,15.096757132299345,7.607878073278507,10.037537560656384,0.0,G,0.0
M,M,N,Rural,G,N,13.97635393450688,6.932447891572509,14.096605231064673,13.790450152746486,G,0.04
M,M,N,Rural,G,N,14.426091557902678,7.135687347028144,11.397615618458733,15.085957384137249,G,0.06
U,M,N,Rural,G,N,14.586463792906441,6.536691597591305,8.820551743253025,13.815511557963774,G,0.06
M,M,N,Rural,G,N,13.668171128813444,7.275172319452771,9.51355124604559,0.0,G,0.0
M,M,N,Rural,G,N,14.578326981220584,6.699500340161678,8.820551743253025,0.0,G,0.11
M,M,N,Rural,G,N,14.49892048496847,6.699500340161678,10.882790641551807,0.0,G,0.15
M,M,N,Rural,G,N,13.205096616196876,7.275172319452771,0.0,0.0,G,0.05
M,M,N,Rural,G,N,13.92630388911829,6.699500340161678,0.0,0.0,G,0.37
M,M,N,Rural,G,N,15.32169706234195,8.49351506406166,0.0,12.899222326086994,G,0.04
M,M,N,Rural,G,N,15.289128976350888,8.49351506406166,0.0,0.0,G,0.0
M,M,N,Rural,G,N,14.819125484562155,8.49351506406166,0.0,0.0,G,0.0
M,F,N,Rural,G,N,14.239307277314303,10.030120203469494,0.0,0.0,G,0.06
M,M,N,Rural,G,N,15.056566407643482,11.928439908931395,10.01721794286315,0.0,G,0.02
M,M,N,Rural,G,N,16.109748510308705,9.417354541360508,0.0,12.957196238611237,G,0.09
M,M,N,Rural,G,N,15.492069778268899,8.549853973655786,10.109851103810321,0.0,G,0.02
M,M,N,Rural,G,N,14.308300105164125,7.275172319452771,10.109851103810321,0.0,G,0.01
M,M,N,Rural,G,N,14.544688754613647,6.699500340161678,0.0,0.0,G,0.48
M,M,N,Rural,G,N,13.18512031245947,7.44600149832412,0.0,0.0,G,0.01
U,M,N,Rural,G,N,15.212264031377192,8.231109840328154,0.0,0.0,G,0.0
M,M,N,Rural,G,N,14.762556657463394,9.773264965486154,0.0,0.0,G,0.3
M,M,N,Rural,G,N,13.17636091203602,10.134202369346657,0.0,0.0,G,0.0
M,M,N,Rural,G,N,14.978974131354326,7.566828479208331,0.0,0.0,G,0.0
M,M,N,Rural,G,N,14.018742788075336,7.257707677160043,0.0,0.0,G,0.0
M,M,N,Rural,G,N,13.837034252394004,5.726847747587197,0.0,0.0,G,0.2
M,M,N,Rural,G,N,13.141928721649151,7.509883061154913,0.0,0.0,G,0.42
M,M,N,Rural,G,N,13.837278899037399,7.9269635448629785,0.0,0.0,G,0.21
M,M,N,Rural,G,N,13.327020299117416,7.421775793644647,0.0,0.0,G,0.13
U,M,N,Rural,G,N,13.362722683531652,7.633369649679584,10.364954850759577,0.0,G,0.0
M,M,N,Rural,G,N,14.243229534985645,7.51479976048867,10.00690117422521,0.0,G,0.01
M,M,N,Rural,G,N,15.258185725109954,7.599401333415815,9.919852906622392,0.0,G,0.0
M,M,N,Rural,G,N,15.485608291595303,12.93684551787286,9.250618218474752,0.0,G,0.06800114289151553
M,M,N,Rural,G,N,13.652264305207522,6.93828448401696,0.0,0.0,G,0.33
M,M,N,Rural,G,N,13.704328686602285,7.095893221097532,0.0,12.98344837627316,G,0.01
M,M,N,Rural,G,N,15.792887258391605,6.699500340161678,0.0,0.0,G,0.02
U,M,N,Rural,G,N,15.233806850957421,12.376123389567447,0.0,0.0,G,0.11
M,M,N,Rural,G,N,13.653184551032215,4.820281565605037,0.0,0.0,G,0.0
M,M,N,Rural,G,N,14.283860946360152,8.035926369891792,0.0,0.0,G,0.11
M,M,N,Rural,G,N,15.906420460874232,6.932447891572509,0.0,12.24878245700216,G,0.03
M,M,N,Rural,G,N,16.532587561288103,7.135687347028144,0.0,12.989373552391305,G,0.03
U,M,N,Rural,G,N,15.834636781550847,6.536691597591305,0.0,0.0,G,0.15
M,M,N,Rural,G,N,13.778162729866345,4.219507705176107,0.0,11.272902758846767,G,0.06
U,M,N,Rural,G,N,14.57185786441031,5.043425116919247,0.0,0.0,G,0.17
M,M,N,Rural,G,N,15.643362776440199,7.607878073278507,0.0,0.0,G,0.01
M,M,N,Rural,G,N,15.797515660952634,11.928439908931395,0.0,0.0,G,0.01
M,M,N,Rural,G,N,15.931787638799339,8.49351506406166,0.0,0.0,G,0.01
M,F,N,Rural,G,N,13.15653869160363,7.143617602704121,0.0,0.0,G,0.16
M,M,N,Rural,G,N,14.25925619380014,11.124346972018488,0.0,0.0,G,0.19
M,M,N,Rural,G,N,13.855695229437334,7.1316985104669115,0.0,0.0,G,0.0
M,M,N,Rural,G,N,14.776257504573266,7.275172319452771,0.0,0.0,G,0.44
M,M,N,Rural,G,N,15.480571239071947,7.142036574706803,0.0,0.0,G,0.0
M,M,N,Rural,G,N,14.299508927412528,7.912423121473705,0.0,0.0,G,0.09
M,M,N,Rural,G,N,14.043769801781814,9.772068213669293,0.0,0.0,G,0.08
M,M,N,Rural,G,N,13.526239223304058,9.354180941951856,0.0,0.0,G,0.06904826687478967
M,M,N,Rural,G,N,14.287582671420736,8.76748487464946,0.0,0.0,G,0.01
U,M,N,Rural,G,N,14.266428840106876,7.953669778649798,0.0,0.0,G,0.02
M,M,N,Rural,G,N,15.269822148120097,12.124363550203629,0.0,0.0,G,0.0
M,M,N,Rural,G,N,13.883528954804996,9.722385252146903,0.0,0.0,G,0.06
U,M,N,Rural,G,N,14.289811814167809,11.788213548266445,0.0,0.0,G,0.0
U,M,N,Rural,G,N,14.290527847782927,7.1098794630722715,0.0,0.0,G,0.0
M,M,N,Rural,G,N,16.18805622740109,9.417354541360508,0.0,0.0,G,0.37
M,M,N,Rural,G,N,15.4949091400842,8.549853973655786,0.0,0.0,G,0.03
M,F,N,Rural,G,N,14.984288008496165,11.142499261506579,0.0,0.0,G,0.05
M,M,N,Rural,G,N,15.495828280496385,11.017234728788507,0.0,0.0,G,0.07
U,M,N,Rural,G,N,14.29318221261406,12.083028921686594,0.0,0.0,G,0.36
M,M,N,Rural,G,N,13.194672876130953,6.697034247666484,0.0,0.0,G,0.02
M,F,N,Rural,G,N,14.070141148363273,7.405495663199472,0.0,0.0,G,0.16
U,M,N,Rural,G,N,14.293691908314445,10.780080657551737,0.0,0.0,B,0.56
U,M,N,Rural,G,N,14.070956329371615,7.079184394609668,0.0,0.0,G,0.0
M,M,N,Rural,G,N,13.666000759236603,12.105329232408971,0.0,0.0,G,0.0
M,M,N,Rural,G,N,14.29471052100754,12.83249224403941,0.0,0.0,G,0.05
M,M,N,Rural,G,N,13.198640851628488,12.262254471552323,0.0,0.0,G,0.02
M,M,N,Rural,G,N,14.990601981546902,7.277247726631484,0.0,0.0,G,0.07
U,M,N,Rural,G,N,13.892599368715295,7.201170883281678,0.0,0.0,G,0.0
M,M,N,Rural,G,N,14.298774010892968,7.164720378771857,0.0,0.0,G,0.25
U,M,N,Rural,G,N,13.893309211168413,7.592870287844818,0.0,0.0,G,0.0
U,M,N,Rural,G,N,13.893309211168413,7.1180162044653335,0.0,0.0,G,0.0
M,M,N,Rural,G,N,14.299381958625723,7.259819610363186,0.0,0.0,G,0.0
M,F,N,Rural,G,N,15.280312448975067,10.030120203469494,0.0,0.0,G,0.23
U,M,N,Rural,G,N,14.537464316168196,7.843064016692054,0.0,0.0,G,0.15
M,F,N,Rural,G,N,15.073427365443129,6.960347729101308,0.0,11.408153664874273,G,0.12
M,F,N,Rural,G,N,14.420913365686031,6.1070228877422545,0.0,10.39854958112264,G,0.16
M,M,N,Rural,G,N,15.460089333809927,4.948759890378168,0.0,6.733401891837359,G,0.14
M,M,N,Rural,G,N,15.652276215750812,9.403437001938096,0.0,0.0,G,0.32
M,M,N,Rural,G,N,13.860517383850265,7.025538314638521,0.0,0.0,G,0.06
M,F,N,Rural,G,N,15.461217909747313,8.30671904320269,0.0,0.0,G,0.07
M,F,N,Rural,G,N,15.454797327657273,7.946971357693591,0.0,10.90362298610533,G,0.1
M,M,N,Rural,G,N,15.106960305886886,7.904334842085095,0.0,0.0,G,0.09
M,M,N,Rural,G,N,13.854948555201966,8.251663923605589,0.0,0.0,G,0.1
M,M,N,Rural,G,N,15.653093095470371,8.950921764797261,0.0,0.0,G,0.05
M,F,N,Rural,G,N,13.864777751194392,7.560080465021827,0.0,0.0,G,0.02
M,F,N,Rural,G,N,15.288670681305812,12.547443578209034,0.0,0.0,G,0.0
M,F,N,Rural,G,N,13.903293387308002,11.142499261506579,0.0,0.0,G,0.06
M,F,N,Rural,G,N,14.25614073029096,7.810758116529357,0.0,10.070483943227337,G,0.04
U,M,N,Rural,G,N,14.021407029786596,12.376123389567447,0.0,12.104477255106335,G,0.03
U,M,N,Rural,G,N,15.289816025344582,8.205218426395412,0.0,0.0,G,0.0
M,M,N,Rural,G,N,15.156382776756239,9.773264965486154,0.0,0.0,G,0.01
M,M,N,Rural,G,N,15.289816025344582,10.442259027952517,0.0,0.0,G,0.008889594332687295
U,M,N,Rural,G,N,15.002362940662183,5.043425116919247,0.0,0.0,G,0.0
U,M,N,Rural,G,N,13.189487303500359,12.376123389567447,0.0,0.0,G,0.0
M,M,N,Rural,G,N,13.902835302515827,7.599401333415815,0.0,0.0,G,0.02
U,M,N,Rural,G,N,13.439211456516968,8.231109840328154,0.0,0.0,G,0.01
M,M,N,Rural,G,N,13.679691980296456,7.252762418053187,0.0,0.0,G,0.0
M,M,N,Semi-Urban,G,I,13.928191712239732,10.876101905463226,0.0,0.0,G,0.08
M,M,N,Rural,G,N,13.988810710652317,7.580699752224563,0.0,0.0,G,0.02
M,M,N,Rural,G,N,14.042597523789043,9.102309627762478,0.0,0.0,G,0.01
M,M,N,Rural,G,N,13.620473298197835,9.102309627762478,0.0,0.0,G,0.04
M,M,N,Rural,G,N,13.396581719235858,9.102309627762478,0.0,0.0,G,0.06
M,M,N,Rural,G,N,15.26468980810047,12.135161864601573,0.0,0.0,G,0.01
M,M,N,Rural,G,N,14.97834475515347,8.577535420422398,0.0,0.0,G,0.08
M,M,N,Rural,G,N,14.802579180563518,11.625798689427826,0.0,0.0,G,0.0
M,M,N,Rural,G,N,15.681411355932571,7.271008538280992,0.0,0.0,G,0.06
U,M,N,Rural,G,I,13.201146831011702,7.773173680482536,0.0,10.637464727584328,G,0.2
M,M,N,Rural,G,I,13.154350297341885,7.703459047867175,0.0,11.042921835724492,G,0.39
M,M,N,Rural,G,I,13.245585814877677,8.222016437202196,0.0,9.944341546544393,G,0.31
M,M,N,Rural,G,I,13.288133715340232,10.167350693127355,0.0,0.0,G,0.28
U,M,N,Rural,G,N,13.16259703889064,7.2909747781429814,0.0,0.0,G,0.01941216013019866
M,M,N,Rural,G,N,13.86074775113416,10.379411124292854,0.0,11.297774884584943,G,0.06
M,M,N,Rural,G,N,13.605438698606951,10.379411124292854,0.0,0.0,G,0.05
U,M,N,Rural,G,N,13.187724060474135,7.2909747781429814,0.0,0.0,G,0.02941216013019866
M,M,N,Rural,G,N,13.392010289669289,7.271008538280992,0.0,0.0,B,0.51
M,M,N,Rural,G,N,13.20968903833492,7.271008538280992,0.0,0.0,G,0.03
M,M,N,Rural,G,N,14.133946834385021,8.577535420422398,0.0,0.0,G,0.17
M,M,N,Rural,G,N,14.595982024885938,7.271008538280992,0.0,0.0,G,0.01
M,M,N,Rural,G,N,13.679691980296456,7.271008538280992,0.0,0.0,G,0.01
M,M,N,Rural,G,N,14.862185134125756,8.577535420422398,0.0,0.0,G,0.07
M,M,N,Rural,G,N,13.392010289669289,8.577535420422398,0.0,0.0,G,0.15
M,M,N,Rural,G,N,13.392010289669289,12.135161864601573,0.0,0.0,G,0.0
M,M,N,Rural,G,N,13.25847867885929,8.577535420422398,0.0,0.0,G,0.1
M,M,N,Rural,G,N,14.081407038344132,9.371693622333941,0.0,0.0,G,0.22
M,M,N,Rural,G,N,13.20968903833492,7.271008538280992,0.0,0.0,G,0.03
M,M,N,Rural,G,N,13.20968903833492,7.271008538280992,0.0,0.0,G,0.03
M,M,N,Rural,G,N,13.20968903833492,8.577535420422398,0.0,0.0,G,0.03
M,M,N,Rural,G,N,13.20968903833492,8.577535420422398,0.0,0.0,G,0.03
M,M,N,Rural,G,N,13.667113792575956,7.271008538280992,0.0,0.0,G,0.02
M,M,N,Rural,G,N,13.20968903833492,7.271008538280992,0.0,0.0,G,0.03
M,M,N,Rural,G,N,13.20968903833492,8.577535420422398,0.0,0.0,G,0.03
M,M,N,Rural,G,N,13.392010289669289,7.271008538280992,0.0,0.0,B,0.51
M,M,N,Rural,G,N,13.689642299808296,8.577535420422398,0.0,0.0,G,0.23
M,M,N,Rural,G,N,13.20968903833492,7.271008538280992,0.0,0.0,G,0.03
M,M,N,Rural,G,N,14.165199355511113,7.271008538280992,0.0,0.0,G,0.0
M,M,N,Rural,G,N,13.418888236915947,7.271008538280992,0.0,11.374306868725707,G,0.13
M,M,N,Rural,G,N,13.58445075565309,7.271008538280992,0.0,0.0,G,0.08
M,M,N,Rural,G,N,13.412700422295615,7.271008538280992,0.0,11.918397239722838,G,0.16
M,M,N,Rural,G,N,13.20968903833492,7.271008538280992,0.0,0.0,G,0.03
M,M,N,Urban,G,I,14.715050576710906,11.133537376572182,0.0,11.12318113532492,G,0.02
M,M,N,Urban,G,I,14.81948280889936,11.133537376572182,8.815963560853438,0.0,G,0.0
M,M,N,Urban,G,I,15.592623792822627,7.271008538280992,0.0,12.734536791900199,G,0.09
M,M,N,Urban,G,I,13.552809836901611,7.271008538280992,0.0,10.4341158035983,G,0.03
M,M,N,Rural,G,N,14.595189959070067,10.659492154476942,0.0,0.0,G,0.0
M,M,N,Rural,G,N,14.384027753416307,10.659492154476942,0.0,12.010513861954198,G,0.05
M,M,N,Rural,G,N,13.883105653016743,14.919357123870814,0.0,0.0,G,0.12146347810129603
M,M,N,Rural,G,N,14.35321722722187,10.659492154476942,0.0,0.0,G,0.0
M,M,N,Rural,G,N,13.698050470154621,14.919357123870814,0.0,0.0,G,0.03
M,M,N,Rural,G,N,13.359920945851105,14.919357123870814,0.0,0.0,G,0.02
M,M,N,Rural,G,N,14.141518953336993,14.919357123870814,10.109851103810321,0.0,G,0.05
M,M,N,Rural,G,N,14.85906633988426,10.659492154476942,10.109851103810321,0.0,G,0.03
M,M,N,Urban,G,N,14.161996065466377,10.134122969608633,10.109851103810321,0.0,G,0.01
M,M,N,Rural,G,N,14.521594694079347,15.382163508851692,10.109851103810321,0.0,G,0.01
M,M,N,Urban,G,N,14.876275936046737,10.134122969608633,0.0,0.0,G,0.0
M,M,N,Urban,G,N,13.953378534003924,12.469628507455646,0.0,0.0,G,0.0
M,M,N,Rural,G,N,14.41266652687034,15.382163508851692,0.0,0.0,G,0.0
M,M,N,Rural,G,N,15.40690221178331,15.382163508851692,0.0,0.0,G,0.01
M,M,N,Urban,G,N,13.26303968422957,12.469628507455646,0.0,0.0,G,0.0
M,M,N,Urban,G,N,13.235413452474532,12.469628507455646,0.0,0.0,G,0.0
M,M,N,Rural,G,N,13.974111321465143,14.919357123870814,0.0,0.0,G,0.06
M,M,N,Rural,G,N,13.95792203071009,14.919357123870814,0.0,0.0,G,0.11
M,M,N,Rural,G,N,13.258288403002366,14.919357123870814,0.0,0.0,G,0.02
M,M,N,Urban,G,N,15.620379553946048,10.134122969608633,0.0,0.0,G,0.01
M,M,N,Rural,G,N,13.565396551745557,14.919357123870814,0.0,0.0,G,0.01
M,M,N,Rural,G,N,14.390395463050778,14.919357123870814,0.0,0.0,G,0.03
M,M,N,Rural,G,N,13.942603895716712,15.382163508851692,0.0,0.0,G,0.06
M,M,N,Rural,G,N,14.489826029734084,7.458186157340487,0.0,0.0,G,0.01
M,M,N,Rural,G,N,13.218936395855804,5.8916442118257715,0.0,0.0,G,0.13
M,M,N,Rural,G,N,13.20968903833492,7.650644551436897,0.0,0.0,G,0.0
M,M,N,Rural,G,N,14.274398890547602,7.650644551436897,0.0,0.0,G,0.03
M,M,N,Rural,G,N,14.418801956410755,14.31426623207148,0.0,13.522817283721551,G,0.03
M,M,N,Rural,G,N,14.819125484562155,14.31426623207148,0.0,0.0,G,0.0
M,M,N,Rural,G,N,15.161863786491104,14.31426623207148,0.0,0.0,G,0.0
M,M,N,Rural,G,N,14.665508056760597,14.31426623207148,0.0,0.0,G,0.0
M,M,N,Rural,G,N,13.255583971736066,14.31426623207148,0.0,13.07527386630434,G,0.05
M,M,N,Rural,G,N,13.902835302515827,14.31426623207148,0.0,0.0,G,0.0
M,M,N,Rural,G,N,13.20968903833492,14.31426623207148,0.0,0.0,G,0.02
M,M,N,Rural,G,N,13.54616075131107,14.31426623207148,0.0,0.0,G,0.1
M,M,N,Rural,G,N,13.20968903833492,14.31426623207148,0.0,0.0,G,0.02
M,M,N,Rural,G,N,13.20968903833492,14.31426623207148,0.0,0.0,G,0.02
M,M,N,Rural,G,N,13.679691980296456,12.469628507455646,0.0,0.0,G,0.0
M,M,N,Rural,G,N,13.902835302515827,14.31426623207148,0.0,0.0,G,0.0
M,M,N,Rural,G,N,14.073421845707815,14.31426623207148,10.389056904885955,0.0,G,0.0
M,M,N,Rural,G,N,16.021289442661203,12.585618055152587,10.469057010723345,15.704994713969667,G,0.01
M,M,N,Rural,G,N,14.668302867610407,14.31426623207148,11.768644622616328,0.0,G,0.03
M,M,N,Rural,G,N,15.466166418518656,7.21081845347222,9.712387577930592,15.480502564672289,G,0.01
M,M,N,Rural,G,N,14.580868626637098,12.585618055152587,0.0,0.0,G,0.15
M,M,N,Rural,G,N,13.487320330628316,14.31426623207148,0.0,0.0,G,0.21
M,M,N,Rural,G,N,14.654250907074633,14.31426623207148,0.0,0.0,G,0.05
M,M,N,Rural,G,N,14.308300105164125,7.650644551436897,0.0,0.0,G,0.02
M,M,N,Rural,G,N,14.308300105164125,12.585618055152587,0.0,0.0,G,0.3
M,M,N,Rural,G,N,13.902835302515827,12.585618055152587,0.0,0.0,G,0.06
M,M,N,Rural,G,N,16.736047784096886,12.585618055152587,0.0,0.0,G,0.01
M,M,N,Rural,G,N,13.797474888677936,14.31426623207148,0.0,0.0,G,0.02
M,M,N,Rural,G,N,14.985554741282641,14.31426623207148,0.0,0.0,G,0.0
M,M,N,Rural,G,N,15.384439135328392,15.382163508851692,0.0,0.0,G,0.01
M,M,N,Rural,G,N,13.20968903833492,14.31426623207148,0.0,0.0,G,0.02
M,M,N,Rural,G,N,14.595982024885938,15.382163508851692,0.0,0.0,G,0.01
M,M,N,Rural,G,N,13.323017527275058,14.31426623207148,0.0,0.0,G,0.01
M,M,N,Rural,G,N,13.323017527275058,14.31426623207148,0.0,0.0,G,0.01
M,M,N,Rural,G,N,14.838928284353372,15.382163508851692,0.0,0.0,G,0.03
M,M,N,Rural,G,N,14.544688754613647,12.469628507455646,0.0,0.0,G,0.0
M,M,N,Rural,G,N,13.902835302515827,14.31426623207148,0.0,0.0,G,0.0
M,M,N,Rural,G,N,14.239307277314303,14.31426623207148,0.0,0.0,G,0.03
M,M,N,Rural,G,N,13.954240663831367,7.650644551436897,0.0,0.0,G,0.1
M,M,N,Rural,G,N,13.20968903833492,14.31426623207148,0.0,0.0,G,0.02
M,M,N,Rural,G,N,15.481813374501888,15.382163508851692,0.0,0.0,G,0.01
M,M,N,Rural,G,N,15.001446980264111,15.382163508851692,0.0,0.0,G,0.06
M,M,N,Rural,G,N,13.641471407156372,15.382163508851692,0.0,0.0,G,0.0
M,M,N,Rural,G,N,15.001446980264111,15.382163508851692,0.0,0.0,G,0.06
M,M,N,Rural,G,N,13.902835302515827,14.31426623207148,0.0,0.0,G,0.0
M,M,N,Rural,G,N,14.08515670657986,15.382163508851692,0.0,0.0,G,0.0
M,M,N,Rural,G,N,14.896086498546286,15.382163508851692,0.0,0.0,G,0.05
M,M,N,Rural,G,N,14.403610507121089,15.382163508851692,0.0,0.0,G,0.0
M,M,N,Rural,G,N,13.20968903833492,15.382163508851692,0.0,0.0,G,0.0
M,M,N,Rural,G,N,14.932454130595731,15.382163508851692,0.0,0.0,G,0.04
M,M,N,Rural,G,N,13.998145399012925,15.382163508851692,0.0,0.0,G,0.0
M,M,N,Rural,G,N,14.239307277314303,14.31426623207148,0.0,0.0,G,0.03
M,M,N,Rural,G,N,13.20968903833492,12.585618055152587,0.0,0.0,G,0.01
M,M,N,Rural,G,N,14.274398890547602,14.31426623207148,0.0,0.0,G,0.0
M,M,N,Rural,G,N,14.819125484562155,15.382163508851692,0.0,0.0,G,0.03
M,M,N,Rural,G,N,13.902835302515827,14.31426623207148,0.0,0.0,G,0.0
M,M,N,Rural,G,N,15.246061249515904,12.585618055152587,0.0,0.0,G,0.08747636823433616
M,M,N,Rural,G,N,13.797474888677936,15.382163508851692,0.0,0.0,G,0.0
M,M,N,Rural,G,N,14.958379256789843,12.585618055152587,0.0,0.0,G,0.11
M,M,N,Rural,G,N,13.942055980423744,14.31426623207148,0.0,0.0,G,0.07
M,M,N,Rural,G,N,14.421628725015431,14.31426623207148,0.0,0.0,G,0.0
M,M,N,Rural,G,N,13.168867120179547,14.31426623207148,0.0,0.0,G,0.06
M,M,N,Rural,G,N,15.215213372643543,15.382163508851692,0.0,0.0,G,0.03
M,M,N,Rural,G,N,14.958379256789843,12.585618055152587,0.0,0.0,G,0.11
M,M,N,Rural,G,N,13.329684816649607,12.585618055152587,0.0,0.0,G,0.14
M,M,N,Rural,G,N,15.866102678232478,15.977014113300156,0.0,14.367363723124313,G,0.05
M,M,N,Rural,G,N,14.595982024885938,15.382163508851692,0.0,0.0,G,0.01
M,M,N,Rural,G,N,14.239307277314303,14.31426623207148,0.0,0.0,G,0.03
M,M,N,Rural,G,N,15.731086675794261,15.977014113300156,0.0,0.0,G,0.0
M,M,N,Rural,G,N,15.512272481846091,15.977014113300156,0.0,0.0,G,0.0
M,M,N,Rural,G,N,14.308300105164125,15.977014113300156,0.0,0.0,G,0.0
M,M,N,Rural,G,N,14.2029399967861,10.134122969608633,0.0,0.0,G,0.03
M,M,N,Rural,G,N,14.595982024885938,10.134122969608633,0.0,0.0,G,0.0
M,M,N,Rural,G,N,13.12630758876605,15.382163508851692,0.0,0.0,G,0.04
M,M,N,Rural,G,N,15.512272481846091,10.134122969608633,0.0,0.0,G,0.23
M,M,N,Rural,G,N,15.077419856680295,15.977014113300156,0.0,0.0,G,0.0
M,M,N,Rural,G,N,15.417093702318997,14.553793136928036,0.0,0.0,G,0.0
M,M,N,Rural,G,N,14.9240735075185,13.56008913609048,0.0,14.028200459781736,G,0.03
M,M,N,Rural,G,N,15.001446980264111,13.56008913609048,0.0,0.0,B,0.59
M,M,N,Rural,G,N,14.896086498546286,15.382163508851692,0.0,0.0,G,0.05
M,M,N,Rural,G,N,15.001446980264111,10.134122969608633,0.0,0.0,G,0.0
M,M,N,Rural,G,N,14.165199355511113,15.382163508851692,0.0,0.0,G,0.02
M,M,N,Rural,G,N,14.595982024885938,14.31426623207148,0.0,0.0,G,0.0
M,M,N,Rural,G,N,14.308300105164125,14.31426623207148,0.0,0.0,G,0.01
M,M,N,Rural,G,N,13.797474888677936,15.382163508851692,0.0,0.0,G,0.0
M,M,N,Rural,G,N,13.797474888677936,14.31426623207148,0.0,0.0,G,0.02
M,M,N,Rural,G,N,13.472053584765023,10.134122969608633,0.0,0.0,G,0.038889594332687294
M,M,N,Rural,G,N,13.902835302515827,7.21081845347222,0.0,0.0,G,0.02
M,M,N,Rural,G,N,13.9139485682754,10.134122969608633,0.0,0.0,G,0.01
M,M,N,Rural,G,N,13.392010289669289,14.31426623207148,0.0,0.0,G,0.0
M,M,N,Rural,G,N,15.638464545936106,15.977014113300156,0.0,0.0,G,0.02
M,M,N,Rural,G,N,15.512272481846091,15.977014113300156,0.0,0.0,G,0.0
M,M,N,Rural,G,N,15.512272481846091,15.977014113300156,0.0,0.0,G,0.0
M,M,N,Rural,G,N,14.308300105164125,14.31426623207148,0.0,0.0,G,0.01
M,M,N,Rural,G,N,16.20541957076802,15.382163508851692,0.0,0.0,G,0.07
M,M,N,Rural,G,N,14.341090203886354,14.31426623207148,0.0,0.0,G,0.0
M,M,N,Rural,G,N,14.372838588119206,15.977014113300156,0.0,0.0,G,0.0
M,M,N,Rural,G,N,13.752012561959283,14.31426623207148,0.0,0.0,G,0.03
M,M,N,Rural,G,N,14.239307277314303,15.977014113300156,0.0,0.0,G,0.0
M,M,N,Rural,G,N,15.512272481846091,15.977014113300156,0.0,0.0,G,0.0
M,M,N,Rural,G,N,15.512272481846091,15.977014113300156,0.0,0.0,G,0.0
M,M,N,Rural,G,N,15.512272481846091,15.977014113300156,0.0,0.0,G,0.0
M,M,N,Rural,G,N,15.512272481846091,15.977014113300156,0.0,0.0,G,0.0
M,M,N,Rural,G,N,14.582491673133083,15.977014113300156,0.0,0.0,G,0.0
M,M,N,Rural,G,N,13.951625859419236,7.21081845347222,0.0,0.0,G,0.06
M,M,N,Rural,G,N,14.490621560138104,15.977014113300156,0.0,0.0,G,0.0
M,M,N,Rural,G,N,14.339798753280245,15.977014113300156,0.0,0.0,G,0.0
M,M,N,Rural,G,N,13.20968903833492,14.553793136928036,0.0,0.0,G,0.0
M,M,N,Rural,G,N,13.1825982762298,15.977014113300156,0.0,0.0,G,0.03
M,M,N,Rural,G,N,14.163463778003129,15.382163508851692,0.0,0.0,G,0.0
M,M,N,Rural,G,N,15.001446980264111,10.134122969608633,0.0,0.0,G,0.0
M,M,N,Rural,G,N,14.784014540936013,10.134122969608633,0.0,0.0,G,0.0
M,M,N,Rural,G,N,13.20968903833492,14.553793136928036,0.0,0.0,G,0.0
M,M,N,Rural,G,N,14.824608703972302,14.553793136928036,0.0,0.0,G,0.0
M,M,N,Rural,G,N,15.010704944478627,8.97259066827261,0.0,14.32703573698442,G,0.03
M,M,N,Rural,G,N,15.98399278078589,13.56008913609048,0.0,0.0,G,0.11
M,M,N,Rural,G,N,15.126610087281646,10.134122969608633,0.0,0.0,G,0.02
M,M,N,Rural,G,N,14.372838588119206,15.977014113300156,0.0,0.0,G,0.0
M,M,N,Rural,G,N,15.131597560406112,8.97259066827261,0.0,0.0,G,0.0
M,M,N,Rural,G,N,14.691292163036632,10.134122969608633,0.0,0.0,G,0.11
M,M,N,Rural,G,N,13.922637911843783,7.21081845347222,0.0,0.0,G,0.14
M,M,N,Rural,G,N,14.941576197720426,10.659492154476942,0.0,13.636385088238372,G,0.06
M,M,N,Rural,G,N,14.544688754613647,10.134122969608633,0.0,0.0,G,0.22
M,M,N,Rural,G,N,14.141852368944798,10.134122969608633,0.0,0.0,G,0.04
M,M,N,Rural,G,N,13.20968903833492,10.134122969608633,0.0,0.0,G,0.0
M,M,N,Rural,G,N,14.95470481234803,14.553793136928036,0.0,0.0,G,0.0
M,M,N,Rural,G,N,16.100059065292196,13.56008913609048,0.0,0.0,G,0.03236440069554341
M,M,N,Rural,G,N,14.595982024885938,12.585618055152587,0.0,0.0,G,0.15
M,M,N,Rural,G,N,14.595982024885938,12.585618055152587,0.0,0.0,G,0.15
M,M,N,Rural,G,N,14.595982024885938,12.585618055152587,0.0,0.0,G,0.15
M,M,N,Rural,G,N,14.63520272041653,12.585618055152587,0.0,0.0,G,0.15
M,M,N,Rural,G,N,14.819125484562155,10.659492154476942,0.0,0.0,G,0.01
M,M,N,Rural,G,N,13.902835302515827,10.134122969608633,0.0,0.0,G,0.0
M,M,N,Rural,G,N,14.691292163036632,10.659492154476942,0.0,0.0,G,0.0
M,M,N,Rural,G,N,15.001446980264111,13.56008913609048,0.0,0.0,B,0.59
M,M,N,Rural,G,N,15.001446980264111,13.56008913609048,0.0,0.0,B,0.59
M,M,N,Rural,G,N,15.289128976350888,13.56008913609048,0.0,0.0,G,0.22
M,M,N,Rural,G,N,14.967545439121533,10.134122969608633,0.0,0.0,G,0.01
M,M,N,Rural,G,N,13.286649943711243,8.97259066827261,0.0,0.0,G,0.1
M,M,N,Rural,G,N,14.63999910980166,14.553793136928036,0.0,0.0,G,0.0
M,M,N,Rural,G,N,15.524201050538132,15.977014113300156,0.0,0.0,G,0.18
M,M,N,Rural,G,N,15.512272481846091,15.977014113300156,0.0,0.0,G,0.0
M,M,N,Rural,G,N,15.512272481846091,15.977014113300156,0.0,0.0,G,0.0
M,M,N,Rural,G,N,14.970620060446283,14.553793136928036,0.0,0.0,G,0.0
M,M,N,Rural,G,N,14.586728349045686,12.469628507455646,0.0,0.0,G,0.0
M,M,N,Rural,G,N,14.992440374731336,15.78333916160061,0.0,0.0,G,0.01
M,M,N,Rural,G,N,14.59067357522082,7.023758954738443,0.0,0.0,G,0.11
M,M,N,Rural,G,I,13.154640810913817,5.872117789475416,0.0,10.981046432006405,G,0.36
M,M,N,Rural,G,N,14.490621560138104,7.023758954738443,0.0,0.0,G,0.16
M,F,N,Semi-Urban,G,I,13.849912950864715,6.270988431858299,0.0,0.0,G,0.2
M,F,N,Semi-Urban,G,I,13.831138798343705,6.270988431858299,0.0,0.0,G,0.2
M,F,N,Semi-Urban,G,I,13.815511557963774,6.270988431858299,0.0,0.0,G,0.21
U,M,N,Urban,G,I,13.281813703550977,5.075173815233827,0.0,9.806150319647172,G,0.01
M,F,N,Urban,G,I,14.05422111230299,11.659490302052063,0.0,10.650696691194604,G,0.02
M,M,N,Urban,G,I,13.45883704259595,0.0,0.0,0.0,G,0.04
M,M,N,Semi-Urban,G,N,13.893500699025013,8.122074375362217,0.0,0.0,G,0.0
M,M,N,Semi-Urban,G,N,13.893500699025013,8.122074375362217,0.0,0.0,G,0.0
M,M,N,Semi-Urban,G,N,13.893500699025013,8.122074375362217,0.0,0.0,G,0.0
M,M,N,Semi-Urban,G,N,13.200355368410449,8.122074375362217,0.0,0.0,G,0.0
M,M,N,Semi-Urban,G,N,13.200355368410449,8.122074375362217,0.0,0.0,G,0.0
M,M,N,Semi-Urban,G,N,13.200355368410449,8.122074375362217,0.0,0.0,G,0.0
M,M,N,Semi-Urban,G,N,13.200355368410449,8.122074375362217,0.0,0.0,G,0.0
M,M,N,Semi-Urban,G,N,13.200355368410449,8.122074375362217,0.0,0.0,G,0.0
M,M,N,Semi-Urban,G,N,13.893963078883848,8.122074375362217,0.0,0.0,G,0.0
M,M,N,Rural,G,N,15.511672256037576,11.510201759048632,0.0,0.0,G,0.15
M,M,N,Rural,G,N,13.20968903833492,11.510201759048632,0.0,0.0,G,0.01
M,M,N,Rural,G,N,13.902835302515827,11.510201759048632,0.0,0.0,G,0.0
M,M,N,Rural,G,N,13.902835302515827,11.510201759048632,0.0,0.0,G,0.0
M,M,N,Rural,G,N,13.20968903833492,11.510201759048632,0.0,0.0,G,0.01
M,M,N,Urban,G,N,14.551777570991577,10.152766577454964,0.0,13.148276708029805,G,0.0
M,M,N,Urban,G,N,14.819125484562155,10.152766577454964,0.0,0.0,G,0.0
M,M,N,Urban,G,N,13.902835302515827,10.152766577454964,0.0,0.0,G,0.0
M,M,N,Urban,G,N,13.902835302515827,10.152766577454964,0.0,0.0,G,0.0
M,M,N,Rural,G,N,13.20968903833492,6.297109319933935,0.0,0.0,G,0.03
M,M,N,Rural,G,N,13.221122149427593,11.510201759048632,0.0,0.0,G,0.07
M,M,N,Urban,G,N,14.433463176245208,10.152766577454964,0.0,0.0,G,0.0
M,M,N,Urban,G,N,13.902835302515827,10.152766577454964,0.0,0.0,G,0.0
M,M,N,Urban,G,N,13.54616075131107,10.152766577454964,0.0,0.0,G,0.0
M,M,N,Urban,G,N,14.08515670657986,10.152766577454964,0.0,0.0,G,0.0
M,M,N,Urban,G,N,14.182737137085,10.152766577454964,0.0,0.0,G,0.0
M,M,N,Urban,G,N,13.902835302515827,10.152766577454964,0.0,0.0,G,0.0
M,M,N,Urban,G,N,13.679691980296456,10.152766577454964,0.0,0.0,G,0.0
M,M,N,Rural,G,N,14.565970529336319,13.803726396671436,0.0,0.0,G,0.0
M,M,N,Rural,G,N,14.567385975102992,13.803726396671436,0.0,0.0,G,0.01
M,M,N,Rural,G,N,14.795406500577315,10.152766577454964,0.0,0.0,G,0.07
M,M,N,Rural,G,N,14.285197887192433,10.152766577454964,0.0,0.0,G,0.01
M,M,N,Rural,G,N,14.286019684424762,10.152766577454964,0.0,0.0,G,0.04
M,M,N,Rural,G,N,13.880657643888727,10.152766577454964,0.0,0.0,G,0.01
M,M,N,Rural,G,N,14.575035660676031,10.152766577454964,0.0,0.0,G,0.02
M,M,N,Rural,G,N,14.289223549013212,10.152766577454964,0.0,0.0,G,0.0
M,M,N,Rural,G,N,14.98142317546567,6.297109319933935,0.0,0.0,G,0.03
M,M,N,Rural,G,N,14.575958378995583,6.297109319933935,0.0,0.0,G,0.21
U,M,N,Rural,G,N,14.590168598703476,6.90875477931522,0.0,0.0,G,0.0
M,M,N,Rural,G,I,13.24311444852697,7.062191632286556,10.109851103810321,10.930066638304407,G,0.07
U,M,N,Rural,G,I,13.153767078714285,7.293697720601438,0.0,11.047726275896391,G,0.29
M,M,N,Rural,G,I,13.303769515330254,11.555649649180006,9.51355124604559,10.367253014814716,G,0.06
M,M,N,Rural,G,I,13.333435966916156,6.118097198041348,9.513477398982824,9.528866827722945,G,0.08
M,M,N,Rural,G,N,13.20968903833492,11.404281787853485,9.513477398982824,0.0,G,0.0
U,M,N,Rural,G,N,14.308300105164125,6.90875477931522,9.409191230721348,0.0,G,0.0
U,M,N,Rural,G,N,14.310131187185721,6.90875477931522,10.18236850853484,0.0,G,0.0
M,M,N,Rural,G,N,14.165199355511113,13.803726396671436,9.586994398230228,0.0,G,0.05
M,M,N,Rural,G,N,13.902835302515827,13.803726396671436,0.0,0.0,G,0.01
M,M,N,Rural,G,N,13.902835302515827,13.803726396671436,0.0,0.0,G,0.01
M,M,N,Rural,G,N,14.17629136131425,13.803726396671436,0.0,0.0,G,0.04
M,F,N,Rural,G,I,13.206062775842948,6.317164686747284,0.0,10.566227070674648,G,0.27
M,M,N,Rural,G,I,13.201492437059366,5.564520407322694,0.0,9.437077458800523,G,0.28
M,M,N,Rural,G,I,13.201425912557998,5.117993812416755,0.0,9.43220310339067,G,0.26
M,M,N,Urban,G,I,14.746641034143076,13.378347330907532,0.0,0.0,G,0.02
M,M,N,Urban,G,I,15.005277129922176,14.049440526157865,0.0,0.0,G,0.02
M,F,N,Urban,G,I,14.23241070278505,13.818701461612015,0.0,0.0,G,0.03
M,F,N,Urban,G,I,13.819254540506622,11.447917500327963,0.0,0.0,G,0.02
M,F,N,Urban,G,I,14.220976332738882,13.818701461612015,0.0,0.0,G,0.03
M,F,N,Urban,G,I,14.914123179965662,13.83133469331116,0.0,0.0,G,0.03
M,F,N,Urban,G,I,14.220976332738882,11.447917500327963,0.0,0.0,G,0.03
M,M,N,Urban,G,I,14.220976332738882,14.049440526157865,0.0,0.0,G,0.02
M,M,N,Urban,G,I,13.815511557963774,13.378347330907532,0.0,0.0,G,0.02
M,M,N,Urban,G,I,14.375126917328105,14.049440526157865,0.0,0.0,G,0.02
M,F,N,Urban,G,I,14.220976332738882,13.83133469331116,0.0,0.0,G,0.03
M,F,N,Urban,G,I,13.815511557963774,13.818701461612015,0.0,0.0,G,0.03
M,M,N,Semi-Urban,G,I,13.489574025386363,10.239781201782993,0.0,0.0,G,0.21
M,M,N,Semi-Urban,G,I,14.531153305229497,14.828666260329053,0.0,0.0,G,0.03
M,M,N,Semi-Urban,G,I,14.524777612408903,14.828666260329053,0.0,0.0,G,0.03
M,M,N,Semi-Urban,G,I,13.815511557963774,14.828666260329053,0.0,0.0,G,0.06923127638655949
M,M,N,Semi-Urban,G,I,14.236603578287399,13.378347330907532,0.0,0.0,G,0.05
M,M,N,Rural,G,N,13.209963914138601,9.321971188147367,0.0,0.0,G,0.17
M,M,N,Rural,G,N,13.89856779430022,9.321971188147367,0.0,0.0,G,0.01
M,M,N,Rural,G,N,13.679691980296456,7.105786129481271,0.0,0.0,G,0.0
M,M,N,Urban,G,I,13.800767409890062,12.45358875822383,0.0,9.591307848483947,G,0.02
M,F,N,Urban,G,N,14.588033916423823,14.374717119320778,0.0,0.0,G,0.0
M,M,N,Rural,G,N,14.813036148156378,11.715858145668292,0.0,0.0,G,0.05
M,M,N,Rural,G,I,13.152721859816438,3.7376696182833684,0.0,9.872822138225242,G,0.27
M,M,N,Rural,G,I,13.20130948403066,5.723585101952381,0.0,9.4372368721597,G,0.29
M,M,N,Rural,G,I,13.20160514902959,0.0,0.0,9.4244028145542,G,0.25
M,M,N,Rural,G,I,13.173453751204889,6.756932389247553,0.0,10.037712454627359,G,0.32
